"['3/2/14', '3/1/14']","[-6.201687812805176, -3.4922728538513184, 4.3007707595825195, -6.664116859436035, 5.654527187347412]"
"['3/3/14', '3/2/14']","[-5.106590747833252, -2.430577278137207, 3.2984466552734375, -5.202322959899902, 3.4963831901550293]"
"['3/4/14', '3/3/14']","[-3.7923214435577393, -3.113568067550659, 3.271350145339966, -3.2410519123077393, 2.4271411895751953]"
"['3/5/14', '3/4/14']","[-5.118991374969482, -3.058109998703003, 3.4769113063812256, -4.8026814460754395, 3.3297243118286133]"
"['3/7/14', '3/5/14']","[-6.277864456176758, -4.249489784240723, 4.3289289474487305, -6.428121566772461, 5.063241004943848]"
"['3/8/14', '3/7/14']","[-8.293180465698242, -4.831984519958496, 4.873628616333008, -9.08962631225586, 8.395655632019043]"
"['3/9/14', '3/8/14']","[-7.769025802612305, -4.868853569030762, 4.349320888519287, -7.8450469970703125, 7.381198406219482]"
"['3/10/14', '3/9/14']","[-7.461656093597412, -4.369815349578857, 4.977654457092285, -7.518764972686768, 6.106160640716553]"
"['3/11/14', '3/10/14']","[-7.621299743652344, -5.9273505210876465, 5.358521938323975, -6.910147666931152, 6.091400146484375]"
"['3/12/14', '3/11/14']","[-6.695538520812988, -6.315531253814697, 5.2966227531433105, -5.625079154968262, 5.482686519622803]"
"['3/13/14', '3/12/14']","[-7.118243217468262, -6.624751091003418, 5.32156229019165, -5.830068588256836, 5.874030113220215]"
"['3/15/14', '3/13/14']","[-5.685985088348389, -4.984951972961426, 5.360660076141357, -4.688953399658203, 3.4016973972320557]"
"['3/16/14', '3/15/14']","[-6.637470722198486, -6.634128093719482, 5.265239238739014, -5.124526023864746, 4.889522075653076]"
"['3/19/14', '3/16/14']","[-6.0716094970703125, -3.934378147125244, 4.4908952713012695, -5.101984977722168, 3.7301647663116455]"
"['3/20/14', '3/19/14']","[-7.345208644866943, -7.904417991638184, 6.421798229217529, -5.624551773071289, 5.421535491943359]"
"['3/21/14', '3/20/14']","[-6.589139938354492, -6.525669097900391, 5.293598651885986, -5.2436089515686035, 5.06411600112915]"
"['3/25/14', '3/21/14']","[-9.417329788208008, -7.531503200531006, 6.664430141448975, -8.556866645812988, 8.178264617919922]"
"['3/26/14', '3/25/14']","[-6.465034484863281, -5.795896053314209, 5.132294178009033, -4.91838264465332, 4.482113838195801]"
"['3/27/14', '3/26/14']","[-8.792795181274414, -7.566625118255615, 6.103125095367432, -7.078245162963867, 6.605014801025391]"
"['3/29/14', '3/27/14']","[-8.027544975280762, -8.165597915649414, 7.208763599395752, -6.08713960647583, 5.603846073150635]"
"['3/31/14', '3/29/14']","[-3.338470458984375, -1.036623239517212, 1.753753900527954, -3.5405373573303223, 2.477076292037964]"
"['4/2/14', '3/31/14']","[-4.814263820648193, -1.7768726348876953, 2.896465301513672, -5.242748737335205, 3.6582796573638916]"
"['4/3/14', '4/2/14']","[-4.9069437980651855, -3.1745529174804688, 3.3493845462799072, -4.772107124328613, 3.5549213886260986]"
"['4/4/14', '4/3/14']","[-5.468110084533691, -1.7811206579208374, 3.42618465423584, -5.690695762634277, 3.58650541305542]"
"['4/5/14', '4/4/14']","[-4.078481197357178, -1.9690735340118408, 2.5877671241760254, -4.0665154457092285, 2.901871681213379]"
"['4/6/14', '4/5/14']","[-5.0919928550720215, -2.9011428356170654, 3.0543344020843506, -5.008872985839844, 4.290490627288818]"
"['4/7/14', '4/6/14']","[-5.10761022567749, -2.8836817741394043, 2.906952142715454, -5.104310989379883, 4.516548156738281]"
"['4/8/14', '4/7/14']","[-5.232357501983643, -3.038475513458252, 3.6429996490478516, -4.9085612297058105, 3.7770001888275146]"
"['4/9/14', '4/8/14']","[-8.78329086303711, -5.275215148925781, 5.283311367034912, -8.866971969604492, 7.530261039733887]"
"['4/11/14', '4/9/14']","[-6.217872619628906, -3.8410801887512207, 4.13137674331665, -5.863245964050293, 4.2491374015808105]"
"['4/12/14', '4/11/14']","[-5.246052265167236, -3.8231942653656006, 3.2509734630584717, -4.288218021392822, 3.554328203201294]"
"['4/13/14', '4/12/14']","[-5.90683126449585, -3.8185336589813232, 4.0163655281066895, -5.373440742492676, 4.158792495727539]"
"['4/14/14', '4/13/14']","[-6.722010612487793, -6.451461315155029, 4.824820041656494, -5.140771865844727, 5.441540718078613]"
"['4/16/14', '4/14/14']","[-6.70904541015625, -3.7556700706481934, 3.6466238498687744, -6.068955898284912, 5.890504837036133]"
"['4/18/14', '4/16/14']","[-7.040945529937744, -5.86692476272583, 5.198421001434326, -6.248308181762695, 5.350167274475098]"
"['4/19/14', '4/18/14']","[-7.75363826751709, -5.489431381225586, 5.429802417755127, -6.907295227050781, 5.689583778381348]"
"['4/20/14', '4/19/14']","[-6.3850789070129395, -6.215585708618164, 4.9925217628479, -5.334995746612549, 4.331549644470215]"
"['4/21/14', '4/20/14']","[-8.9280424118042, -8.035604476928711, 6.584924221038818, -7.843407154083252, 7.006196022033691]"
"['4/22/14', '4/21/14']","[-9.022285461425781, -7.301008701324463, 5.552932262420654, -7.598873138427734, 7.0808868408203125]"
"['4/23/14', '4/22/14']","[-8.751808166503906, -8.489775657653809, 6.711498737335205, -7.281050205230713, 6.758297920227051]"
"['4/24/14', '4/23/14']","[-10.70740795135498, -8.79967975616455, 7.2288031578063965, -9.568764686584473, 8.375930786132812]"
"['4/25/14', '4/24/14']","[-8.8202486038208, -8.561908721923828, 6.374777793884277, -7.477434158325195, 6.984053134918213]"
"['4/26/14', '4/25/14']","[-7.7862868309021, -7.818093299865723, 6.25551700592041, -5.584239959716797, 4.906701564788818]"
"['4/27/14', '4/26/14']","[-8.578230857849121, -7.774135589599609, 6.700778961181641, -7.003571510314941, 6.536937713623047]"
"['5/1/14', '4/27/14']","[-8.979034423828125, -10.155516624450684, 7.384166240692139, -6.52464485168457, 6.647642135620117]"
"['5/2/14', '5/1/14']","[-10.314364433288574, -9.504322052001953, 7.722285270690918, -8.44887638092041, 7.603083610534668]"
"['5/3/14', '5/2/14']","[-10.592324256896973, -9.865046501159668, 7.651784896850586, -8.62534236907959, 8.355107307434082]"
"['5/4/14', '5/3/14']","[-8.504681587219238, -8.77264404296875, 6.91170072555542, -6.357114791870117, 6.3137993812561035]"
"['5/6/14', '5/4/14']","[-9.822325706481934, -9.633901596069336, 7.6151862144470215, -7.559719562530518, 7.287079334259033]"
"['5/7/14', '5/6/14']","[-10.830296516418457, -10.789149284362793, 7.879981517791748, -8.223987579345703, 8.468772888183594]"
"['5/8/14', '5/7/14']","[-10.854589462280273, -10.975665092468262, 7.907846927642822, -8.291059494018555, 8.331850051879883]"
"['5/9/14', '5/8/14']","[-10.019388198852539, -10.029674530029297, 7.5252485275268555, -7.193329334259033, 6.938075065612793]"
"['5/10/14', '5/9/14']","[-11.14177131652832, -11.965592384338379, 8.202995300292969, -8.486324310302734, 9.126261711120605]"
"['5/11/14', '5/10/14']","[-9.897177696228027, -11.205178260803223, 8.351679801940918, -7.344783782958984, 7.790304183959961]"
"['5/12/14', '5/11/14']","[-10.536417961120605, -12.480437278747559, 9.189963340759277, -7.3521504402160645, 7.675488471984863]"
"['5/13/14', '5/12/14']","[-8.746261596679688, -11.718191146850586, 7.961261749267578, -5.182372093200684, 6.366302490234375]"
"['5/14/14', '5/13/14']","[-9.857002258300781, -12.094773292541504, 8.627165794372559, -6.379586696624756, 6.893473148345947]"
"['5/15/14', '5/14/14']","[-10.850643157958984, -12.84528636932373, 8.894943237304688, -7.301426410675049, 8.246054649353027]"
"['5/16/14', '5/15/14']","[-11.02599811553955, -12.027935028076172, 9.068933486938477, -7.825954437255859, 7.592735290527344]"
"['5/17/14', '5/16/14']","[-11.00866985321045, -12.454623222351074, 8.288939476013184, -7.462234020233154, 8.930319786071777]"
"['5/18/14', '5/17/14']","[-10.160537719726562, -13.040876388549805, 8.325889587402344, -6.214001178741455, 7.537325859069824]"
"['5/20/14', '5/18/14']","[-13.205133438110352, -14.847350120544434, 10.466574668884277, -9.455700874328613, 10.313126564025879]"
"['5/21/14', '5/20/14']","[-13.744324684143066, -13.490812301635742, 9.84288215637207, -10.71603775024414, 10.974605560302734]"
"['5/22/14', '5/21/14']","[-13.339800834655762, -13.883939743041992, 10.29490852355957, -9.930193901062012, 10.012426376342773]"
"['5/23/14', '5/22/14']","[-12.960508346557617, -14.967007637023926, 10.244354248046875, -8.758299827575684, 10.909918785095215]"
"['5/24/14', '5/23/14']","[-12.820611953735352, -14.750186920166016, 10.122002601623535, -9.306705474853516, 10.491138458251953]"
"['5/25/14', '5/24/14']","[-11.776374816894531, -16.230682373046875, 10.975135803222656, -7.037656784057617, 7.998366355895996]"
"['5/26/14', '5/25/14']","[-14.082038879394531, -16.302757263183594, 11.469510078430176, -10.294295310974121, 11.060330390930176]"
"['5/27/14', '5/26/14']","[-14.764866828918457, -17.47020149230957, 12.307719230651855, -10.66332721710205, 11.793675422668457]"
"['5/28/14', '5/27/14']","[-14.363724708557129, -18.19005012512207, 12.423785209655762, -9.946290016174316, 11.147907257080078]"
"['5/29/14', '5/28/14']","[-13.230470657348633, -18.122108459472656, 12.034317970275879, -8.11068058013916, 9.830568313598633]"
"['5/30/14', '5/29/14']","[-13.79428482055664, -16.443723678588867, 11.624016761779785, -9.412398338317871, 9.687756538391113]"
"['5/31/14', '5/30/14']","[-12.7438383102417, -15.593829154968262, 10.21252727508545, -8.075430870056152, 9.328786849975586]"
"['6/1/14', '5/31/14']","[-14.067709922790527, -16.194896697998047, 10.947649002075195, -9.716546058654785, 10.613171577453613]"
"['6/3/14', '6/1/14']","[-15.827195167541504, -17.67508316040039, 12.368949890136719, -11.778271675109863, 12.314269065856934]"
"['6/4/14', '6/3/14']","[-16.96365737915039, -19.06199836730957, 13.254850387573242, -12.120068550109863, 14.106945991516113]"
"['6/5/14', '6/4/14']","[-17.009258270263672, -18.92908477783203, 13.276198387145996, -12.149230003356934, 13.62325668334961]"
"['6/6/14', '6/5/14']","[-15.003994941711426, -19.201786041259766, 12.959134101867676, -9.814783096313477, 11.548096656799316]"
"['6/7/14', '6/6/14']","[-15.534658432006836, -18.220712661743164, 13.531180381774902, -10.476958274841309, 10.952292442321777]"
"['6/8/14', '6/7/14']","[-17.896400451660156, -20.227819442749023, 14.513827323913574, -12.897216796875, 14.131834983825684]"
"['6/9/14', '6/8/14']","[-14.365568161010742, -20.783098220825195, 13.275575637817383, -7.460158824920654, 10.004632949829102]"
"['6/10/14', '6/9/14']","[-16.382606506347656, -19.645803451538086, 12.971887588500977, -11.147516250610352, 13.091333389282227]"
"['6/11/14', '6/10/14']","[-15.789966583251953, -20.061737060546875, 13.231623649597168, -10.03579330444336, 12.343037605285645]"
"['6/12/14', '6/11/14']","[-17.925622940063477, -20.48032569885254, 14.04408073425293, -12.7461519241333, 14.209550857543945]"
"['6/13/14', '6/12/14']","[-16.823749542236328, -20.48261833190918, 13.720385551452637, -10.935769081115723, 13.104477882385254]"
"['6/14/14', '6/13/14']","[-15.341444969177246, -20.635162353515625, 13.109514236450195, -8.645833015441895, 11.293195724487305]"
"['6/15/14', '6/14/14']","[-16.777690887451172, -21.20016860961914, 14.099281311035156, -10.59862232208252, 13.242358207702637]"
"['6/16/14', '6/15/14']","[-17.62963104248047, -21.85605239868164, 14.651496887207031, -10.991130828857422, 13.811888694763184]"
"['6/17/14', '6/16/14']","[-17.4445858001709, -20.647140502929688, 13.626255989074707, -11.696516990661621, 12.936861991882324]"
"['6/18/14', '6/17/14']","[-18.06753158569336, -20.948396682739258, 14.069746017456055, -12.456082344055176, 13.303614616394043]"
"['6/20/14', '6/18/14']","[-17.1897029876709, -19.94662857055664, 13.547724723815918, -11.545183181762695, 12.655572891235352]"
"['6/21/14', '6/20/14']","[-17.651044845581055, -23.045574188232422, 15.185988426208496, -10.823918342590332, 13.334990501403809]"
"['6/22/14', '6/21/14']","[-18.50140953063965, -23.578269958496094, 15.304265022277832, -11.997936248779297, 14.891274452209473]"
"['6/23/14', '6/22/14']","[-18.665102005004883, -23.81722068786621, 15.198153495788574, -11.96903133392334, 15.471536636352539]"
"['6/24/14', '6/23/14']","[-19.07673454284668, -23.732385635375977, 15.469547271728516, -12.562162399291992, 15.292818069458008]"
"['6/25/14', '6/24/14']","[-17.528888702392578, -23.72865104675293, 15.528868675231934, -10.637799263000488, 13.668910026550293]"
"['6/27/14', '6/25/14']","[-18.809551239013672, -24.160900115966797, 16.31388282775879, -12.207365036010742, 14.1832914352417]"
"['6/28/14', '6/27/14']","[-19.155254364013672, -24.974687576293945, 15.871918678283691, -12.074161529541016, 15.372640609741211]"
"['6/29/14', '6/28/14']","[-20.62783432006836, -26.817211151123047, 17.431034088134766, -13.47216796875, 16.20960235595703]"
"['6/30/14', '6/29/14']","[-21.918350219726562, -28.484418869018555, 18.418142318725586, -14.44736099243164, 17.472373962402344]"
"['7/1/14', '6/30/14']","[-20.588010787963867, -26.07745933532715, 16.741918563842773, -13.8191499710083, 17.150390625]"
"['7/2/14', '7/1/14']","[-21.57853889465332, -27.17275047302246, 17.678184509277344, -14.479965209960938, 18.253984451293945]"
"['7/3/14', '7/2/14']","[-20.881057739257812, -27.272106170654297, 17.325002670288086, -13.325284957885742, 16.832571029663086]"
"['7/5/14', '7/3/14']","[-20.53058624267578, -27.186511993408203, 17.555055618286133, -12.983138084411621, 15.819771766662598]"
"['7/6/14', '7/5/14']","[-22.202428817749023, -26.596080780029297, 18.09748649597168, -15.197428703308105, 16.903305053710938]"
"['7/7/14', '7/6/14']","[-22.733219146728516, -25.773540496826172, 18.504314422607422, -15.86475658416748, 16.907751083374023]"
"['7/9/14', '7/7/14']","[-22.888145446777344, -28.8183536529541, 19.647212982177734, -15.48608684539795, 18.16361427307129]"
"['7/10/14', '7/9/14']","[-19.824419021606445, -28.568283081054688, 18.105043411254883, -10.981396675109863, 15.245184898376465]"
"['7/11/14', '7/10/14']","[-22.20443344116211, -29.427648544311523, 19.700366973876953, -13.986991882324219, 17.580154418945312]"
"['7/12/14', '7/11/14']","[-21.575572967529297, -29.59473991394043, 18.970001220703125, -12.930574417114258, 17.030241012573242]"
"['7/13/14', '7/12/14']","[-21.7686767578125, -30.018531799316406, 19.483200073242188, -12.570801734924316, 16.510143280029297]"
"['7/18/14', '7/13/14']","[-21.39148712158203, -29.885358810424805, 18.327983856201172, -12.417692184448242, 17.32846450805664]"
"['7/19/14', '7/18/14']","[-22.827096939086914, -32.68500518798828, 20.643449783325195, -13.211252212524414, 18.64256477355957]"
"['7/20/14', '7/19/14']","[-23.42631721496582, -32.69810485839844, 21.06467056274414, -14.111858367919922, 19.21070098876953]"
"['7/21/14', '7/20/14']","[-22.334564208984375, -32.15296173095703, 21.219913482666016, -12.609919548034668, 16.745216369628906]"
"['7/22/14', '7/21/14']","[-22.6971492767334, -32.24114227294922, 21.080883026123047, -13.410055160522461, 17.4822940826416]"
"['7/23/14', '7/22/14']","[-23.130414962768555, -32.9911994934082, 20.75853157043457, -13.291505813598633, 18.768939971923828]"
"['7/24/14', '7/23/14']","[-21.744211196899414, -32.15198516845703, 20.375911712646484, -11.751140594482422, 17.20163917541504]"
"['7/25/14', '7/24/14']","[-22.211116790771484, -30.883739471435547, 19.598676681518555, -12.76773452758789, 17.105182647705078]"
"['7/26/14', '7/25/14']","[-23.103803634643555, -31.099857330322266, 20.509418487548828, -13.768009185791016, 16.95549964904785]"
"['7/27/14', '7/26/14']","[-22.86835479736328, -31.831762313842773, 20.275856018066406, -13.097370147705078, 17.29796028137207]"
"['7/29/14', '7/27/14']","[-23.685583114624023, -31.524709701538086, 20.843311309814453, -14.274630546569824, 17.191543579101562]"
"['7/30/14', '7/29/14']","[-26.189964294433594, -34.823612213134766, 22.784202575683594, -16.28642463684082, 20.582122802734375]"
"['7/31/14', '7/30/14']","[-24.257761001586914, -34.168582916259766, 21.374942779541016, -13.79908275604248, 19.22513771057129]"
"['8/1/14', '7/31/14']","[-25.408029556274414, -34.04595184326172, 23.297929763793945, -15.223270416259766, 18.827863693237305]"
"['8/2/14', '8/1/14']","[-23.693017959594727, -33.747314453125, 21.45830726623535, -13.44594955444336, 18.401124954223633]"
"['8/3/14', '8/2/14']","[-25.433134078979492, -35.72053146362305, 22.46172332763672, -14.806126594543457, 20.219820022583008]"
"['8/4/14', '8/3/14']","[-23.900644302368164, -34.32346725463867, 21.877559661865234, -13.593506813049316, 18.33757209777832]"
"['8/5/14', '8/4/14']","[-26.363449096679688, -35.15106201171875, 22.584308624267578, -16.042640686035156, 21.342832565307617]"
"['8/6/14', '8/5/14']","[-26.603483200073242, -35.27250671386719, 22.99310874938965, -16.389724731445312, 20.807706832885742]"
"['8/7/14', '8/6/14']","[-23.876890182495117, -34.555320739746094, 21.715612411499023, -13.034738540649414, 17.69198226928711]"
"['8/8/14', '8/7/14']","[-25.694194793701172, -35.756317138671875, 22.7806453704834, -14.814777374267578, 19.512439727783203]"
"['8/9/14', '8/8/14']","[-28.547740936279297, -37.16114044189453, 23.87510108947754, -18.435054779052734, 24.06031608581543]"
"['8/10/14', '8/9/14']","[-27.7477970123291, -36.69989776611328, 24.00687599182129, -17.40985107421875, 22.690317153930664]"
"['8/11/14', '8/10/14']","[-27.23006248474121, -37.94717025756836, 25.062726974487305, -15.798794746398926, 20.483535766601562]"
"['8/13/14', '8/11/14']","[-27.95346450805664, -37.83348846435547, 24.41422462463379, -17.365201950073242, 22.869081497192383]"
"['8/15/14', '8/13/14']","[-27.321401596069336, -39.2412223815918, 24.167217254638672, -15.743420600891113, 22.03972625732422]"
"['8/16/14', '8/15/14']","[-26.63011932373047, -36.544185638427734, 23.68844223022461, -15.640567779541016, 19.841596603393555]"
"['8/17/14', '8/16/14']","[-27.283910751342773, -37.817840576171875, 24.22913360595703, -15.762675285339355, 20.667333602905273]"
"['8/18/14', '8/17/14']","[-27.46335220336914, -37.93756103515625, 24.29964828491211, -16.298053741455078, 21.625699996948242]"
"['8/19/14', '8/18/14']","[-28.500438690185547, -37.994815826416016, 24.390844345092773, -17.630800247192383, 22.248842239379883]"
"['8/20/14', '8/19/14']","[-26.255157470703125, -36.55230712890625, 22.3826904296875, -14.748089790344238, 21.046855926513672]"
"['8/22/14', '8/20/14']","[-28.577062606811523, -38.01872634887695, 24.326175689697266, -17.507915496826172, 21.525325775146484]"
"['8/23/14', '8/22/14']","[-27.17873191833496, -36.44154357910156, 23.347461700439453, -16.07305335998535, 19.698060989379883]"
"['8/24/14', '8/23/14']","[-27.759273529052734, -37.162986755371094, 24.039695739746094, -16.574609756469727, 20.25973892211914]"
"['8/25/14', '8/24/14']","[-26.912702560424805, -37.09549331665039, 23.0036678314209, -15.281876564025879, 19.727386474609375]"
"['8/26/14', '8/25/14']","[-31.062618255615234, -41.90383529663086, 26.19305992126465, -19.31673240661621, 26.08903694152832]"
"['8/27/14', '8/26/14']","[-29.1020565032959, -41.83909606933594, 26.20488739013672, -16.440311431884766, 23.476390838623047]"
"['8/28/14', '8/27/14']","[-29.03853416442871, -43.31502914428711, 26.690567016601562, -15.957786560058594, 23.345104217529297]"
"['8/29/14', '8/28/14']","[-29.732383728027344, -43.2330436706543, 26.607385635375977, -16.87238883972168, 23.68771743774414]"
"['8/30/14', '8/29/14']","[-31.772563934326172, -43.9527587890625, 27.754989624023438, -20.006067276000977, 26.315242767333984]"
"['8/31/14', '8/30/14']","[-29.280126571655273, -42.76630401611328, 26.9368953704834, -16.545475006103516, 23.166370391845703]"
"['9/1/14', '8/31/14']","[-30.57914924621582, -43.102901458740234, 26.804977416992188, -17.90158462524414, 25.622310638427734]"
"['9/2/14', '9/1/14']","[-29.211816787719727, -44.47067642211914, 26.65216064453125, -15.9602689743042, 23.860546112060547]"
"['9/3/14', '9/2/14']","[-29.318880081176758, -43.64012145996094, 27.16408920288086, -16.173688888549805, 23.47333526611328]"
"['9/4/14', '9/3/14']","[-31.000675201416016, -44.405696868896484, 27.394933700561523, -18.165361404418945, 25.69765853881836]"
"['9/5/14', '9/4/14']","[-32.50537109375, -46.29961395263672, 28.796279907226562, -19.18824577331543, 26.652973175048828]"
"['9/6/14', '9/5/14']","[-28.51762580871582, -40.369380950927734, 24.970096588134766, -15.046335220336914, 21.594633102416992]"
"['9/7/14', '9/6/14']","[-30.51610565185547, -42.41546630859375, 27.318157196044922, -17.60468101501465, 22.619169235229492]"
"['9/8/14', '9/7/14']","[-31.805234909057617, -43.504112243652344, 27.551544189453125, -19.082820892333984, 23.862808227539062]"
"['9/9/14', '9/8/14']","[-30.410356521606445, -40.450870513916016, 25.82784652709961, -18.025299072265625, 22.691246032714844]"
"['9/10/14', '9/9/14']","[-31.22442054748535, -41.034706115722656, 26.566207885742188, -18.757217407226562, 23.289386749267578]"
"['9/12/14', '9/10/14']","[-32.802005767822266, -42.532920837402344, 27.332782745361328, -20.1995792388916, 25.17577362060547]"
"['9/13/14', '9/12/14']","[-31.794801712036133, -46.82045364379883, 29.461851119995117, -17.65619659423828, 25.199296951293945]"
"['9/14/14', '9/13/14']","[-30.659391403198242, -47.460853576660156, 28.885692596435547, -15.702669143676758, 23.94255828857422]"
"['9/15/14', '9/14/14']","[-31.714139938354492, -47.722450256347656, 29.625282287597656, -17.047882080078125, 24.63336181640625]"
"['9/16/14', '9/15/14']","[-31.46515464782715, -47.54551315307617, 29.70492172241211, -17.075258255004883, 24.87993621826172]"
"['9/17/14', '9/16/14']","[-33.67613220214844, -49.587501525878906, 30.980926513671875, -19.49371910095215, 27.30704689025879]"
"['9/19/14', '9/17/14']","[-33.00636291503906, -49.54493713378906, 30.314830780029297, -18.37683868408203, 26.94585418701172]"
"['9/20/14', '9/19/14']","[-32.418792724609375, -49.886905670166016, 30.298702239990234, -17.37520408630371, 26.100271224975586]"
"['9/21/14', '9/20/14']","[-34.97636413574219, -50.713165283203125, 31.228940963745117, -20.702255249023438, 28.47743797302246]"
"['9/22/14', '9/21/14']","[-33.28645324707031, -50.50587844848633, 31.12192153930664, -18.198022842407227, 26.57159996032715]"
"['9/23/14', '9/22/14']","[-32.4683952331543, -47.645355224609375, 29.86083221435547, -17.377172470092773, 24.181203842163086]"
"['9/24/14', '9/23/14']","[-35.539772033691406, -48.73033905029297, 31.587295532226562, -20.932941436767578, 27.457740783691406]"
"['9/25/14', '9/24/14']","[-36.22641372680664, -49.190189361572266, 31.415555953979492, -21.448328018188477, 28.421005249023438]"
"['9/26/14', '9/25/14']","[-34.3053092956543, -49.7182731628418, 31.16571044921875, -19.31023597717285, 26.486263275146484]"
"['9/27/14', '9/26/14']","[-32.550865173339844, -47.05228042602539, 29.910797119140625, -17.564987182617188, 23.719955444335938]"
"['9/28/14', '9/27/14']","[-32.75196838378906, -48.8403434753418, 29.793838500976562, -17.290573120117188, 25.292781829833984]"
"['10/2/14', '9/28/14']","[-33.5898551940918, -48.11367416381836, 29.955448150634766, -18.39311981201172, 25.70904541015625]"
"['10/3/14', '10/2/14']","[-7.427834987640381, -2.659573554992676, 4.0496625900268555, -9.00475788116455, 7.294459342956543]"
"['10/5/14', '10/3/14']","[-5.053656101226807, -2.5891129970550537, 3.233612537384033, -5.623393535614014, 3.887180805206299]"
"['10/10/14', '10/5/14']","[-3.676950216293335, -1.5375088453292847, 1.9772591590881348, -4.160621166229248, 2.504823684692383]"
"['10/11/14', '10/10/14']","[-5.390127658843994, -2.5720908641815186, 3.8694334030151367, -5.8452863693237305, 3.141716957092285]"
"['10/14/14', '10/11/14']","[-4.2730793952941895, -1.941713809967041, 3.1203560829162598, -4.608863353729248, 2.477989912033081]"
"['10/15/14', '10/14/14']","[-3.404688596725464, -1.7317192554473877, 2.028071641921997, -3.135815143585205, 2.0794897079467773]"
"['3/4/15', '3/3/15']","[-4.501332759857178, -3.2109463214874268, 3.1525349617004395, -4.557973861694336, 3.401059865951538]"
"['3/5/15', '3/4/15']","[-5.133680820465088, -2.382930040359497, 3.302093505859375, -5.465933799743652, 4.377536773681641]"
"['3/6/15', '3/5/15']","[-5.998973846435547, -2.115084171295166, 3.1600382328033447, -6.705309867858887, 4.597551345825195]"
"['3/7/15', '3/6/15']","[-5.060636043548584, -2.944413423538208, 3.0378241539001465, -5.168507099151611, 4.078979969024658]"
"['3/8/15', '3/7/15']","[-6.397721767425537, -4.389372825622559, 4.334100723266602, -6.2193708419799805, 4.772597789764404]"
"['3/9/15', '3/8/15']","[-4.768986701965332, -2.7359249591827393, 3.1969761848449707, -4.803729057312012, 3.5654053688049316]"
"['3/10/15', '3/9/15']","[-3.337911605834961, -1.6542537212371826, 2.296348810195923, -2.903157949447632, 1.5998167991638184]"
"['3/11/15', '3/10/15']","[-5.712170600891113, -3.2783572673797607, 3.7693848609924316, -5.430488109588623, 3.5509538650512695]"
"['3/12/15', '3/11/15']","[-4.864727973937988, -3.4892561435699463, 3.275700569152832, -3.9561080932617188, 3.3608944416046143]"
"['3/13/15', '3/12/15']","[-5.297643661499023, -4.209972381591797, 3.876513719558716, -4.5986223220825195, 3.721379041671753]"
"['3/14/15', '3/13/15']","[-6.073659896850586, -4.237569332122803, 4.0973029136657715, -5.308733940124512, 4.823712348937988]"
"['3/15/15', '3/14/15']","[-5.652953624725342, -4.679165363311768, 4.179650783538818, -4.929477214813232, 3.7753913402557373]"
"['3/16/15', '3/15/15']","[-5.856890678405762, -4.000744819641113, 4.140909671783447, -5.255768775939941, 4.004805564880371]"
"['3/17/15', '3/16/15']","[-11.316699981689453, -8.364201545715332, 7.27949333190918, -10.963357925415039, 10.146658897399902]"
"['3/18/15', '3/17/15']","[-8.824572563171387, -6.775119304656982, 5.811901092529297, -7.9315338134765625, 7.296459674835205]"
"['3/19/15', '3/18/15']","[-6.34589147567749, -4.772404193878174, 4.219430446624756, -5.6822919845581055, 5.349795818328857]"
"['3/20/15', '3/19/15']","[-7.160147190093994, -6.786410808563232, 5.385440826416016, -6.348032474517822, 5.569942474365234]"
"['3/21/15', '3/20/15']","[-8.647581100463867, -7.971042633056641, 5.902714252471924, -7.440943717956543, 8.127882957458496]"
"['3/22/15', '3/21/15']","[-7.476739406585693, -5.598020076751709, 5.107652187347412, -6.821218490600586, 5.8827738761901855]"
"['3/24/15', '3/22/15']","[-7.346990585327148, -7.053994655609131, 5.95188045501709, -6.0596795082092285, 4.778450012207031]"
"['3/25/15', '3/24/15']","[-9.142072677612305, -7.020663261413574, 5.976023197174072, -8.01358699798584, 8.083365440368652]"
"['3/26/15', '3/25/15']","[-7.6811017990112305, -8.007271766662598, 5.965155124664307, -5.6876044273376465, 5.622849941253662]"
"['3/28/15', '3/26/15']","[-8.908487319946289, -8.407805442810059, 6.382162570953369, -7.493498802185059, 6.760443210601807]"
"['3/29/15', '3/28/15']","[-10.96883487701416, -11.166942596435547, 7.878902435302734, -9.019485473632812, 9.024054527282715]"
"['3/31/15', '3/29/15']","[-8.813433647155762, -8.549424171447754, 6.803810119628906, -6.839221000671387, 6.780711650848389]"
"['4/2/15', '3/31/15']","[-8.246057510375977, -8.034445762634277, 6.169021129608154, -6.004690647125244, 5.68410062789917]"
"['4/3/15', '4/2/15']","[-8.955045700073242, -8.650513648986816, 7.256392478942871, -7.0558881759643555, 6.116384506225586]"
"['4/4/15', '4/3/15']","[-9.454137802124023, -9.632497787475586, 7.107218265533447, -7.419319152832031, 6.335875511169434]"
"['4/6/15', '4/4/15']","[-9.223440170288086, -9.537851333618164, 7.300907611846924, -6.820407867431641, 7.0651702880859375]"
"['4/7/15', '4/6/15']","[-5.612955093383789, -2.1617069244384766, 2.95268177986145, -6.121771335601807, 4.196689128875732]"
"['4/8/15', '4/7/15']","[-6.672205448150635, -4.013174533843994, 3.3942294120788574, -6.678350448608398, 5.60552978515625]"
"['4/10/15', '4/8/15']","[-3.4913268089294434, -1.768161416053772, 2.603024959564209, -3.502145290374756, 1.3810725212097168]"
"['4/11/15', '4/10/15']","[-4.964810848236084, -3.521939516067505, 3.282238721847534, -3.962090015411377, 3.54974102973938]"
"['4/12/15', '4/11/15']","[-6.466615200042725, -3.241685152053833, 3.6181094646453857, -6.91895866394043, 5.6046929359436035]"
"['4/13/15', '4/12/15']","[-6.983664512634277, -5.588137149810791, 4.566267490386963, -6.438055992126465, 5.910567760467529]"
"['4/14/15', '4/13/15']","[-6.801522254943848, -4.612026214599609, 4.6877970695495605, -6.526235103607178, 4.948564529418945]"
"['4/15/15', '4/14/15']","[-6.510746955871582, -4.282939434051514, 4.678287506103516, -6.178343296051025, 5.126586437225342]"
"['4/17/15', '4/15/15']","[-7.147136211395264, -4.385042667388916, 4.765646934509277, -7.16425085067749, 4.794309139251709]"
"['4/18/15', '4/17/15']","[-5.730395317077637, -5.085733890533447, 3.804290533065796, -4.917444229125977, 4.599893569946289]"
"['4/19/15', '4/18/15']","[-7.495203495025635, -5.170897483825684, 5.01843786239624, -7.059093952178955, 5.816497802734375]"
"['4/20/15', '4/19/15']","[-7.659492492675781, -6.104048252105713, 5.2133564949035645, -7.33730411529541, 6.53324556350708]"
"['4/21/15', '4/20/15']","[-5.415769577026367, -5.971103191375732, 4.356110095977783, -4.240654945373535, 4.245036602020264]"
"['4/22/15', '4/21/15']","[-7.645709037780762, -6.262263774871826, 5.242408752441406, -6.61142110824585, 6.218140125274658]"
"['4/23/15', '4/22/15']","[-6.853302478790283, -6.0923590660095215, 4.781497001647949, -5.773542404174805, 5.2510576248168945]"
"['4/24/15', '4/23/15']","[-8.44327163696289, -7.6062846183776855, 5.777577877044678, -7.343749523162842, 6.868126392364502]"
"['4/25/15', '4/24/15']","[-6.593252658843994, -5.868109703063965, 4.266222953796387, -5.0261664390563965, 5.494021892547607]"
"['4/26/15', '4/25/15']","[-8.259085655212402, -6.7125678062438965, 5.255223751068115, -7.037994861602783, 6.361546993255615]"
"['4/29/15', '4/26/15']","[-11.196425437927246, -7.265233516693115, 6.794964790344238, -11.360658645629883, 10.422079086303711]"
"['5/1/15', '4/29/15']","[-8.296302795410156, -7.023717403411865, 5.776165008544922, -7.609430313110352, 6.429657936096191]"
"['5/2/15', '5/1/15']","[-8.361106872558594, -8.063403129577637, 6.529425144195557, -6.528219699859619, 5.655292510986328]"
"['5/3/15', '5/2/15']","[-8.63864803314209, -7.710325717926025, 6.157464981079102, -7.129032135009766, 7.004317283630371]"
"['5/5/15', '5/3/15']","[-9.526382446289062, -8.526900291442871, 6.919961452484131, -7.896722316741943, 7.393496513366699]"
"['5/6/15', '5/5/15']","[-8.347396850585938, -9.534706115722656, 6.992238521575928, -6.087153911590576, 6.281944274902344]"
"['5/7/15', '5/6/15']","[-8.423598289489746, -9.871187210083008, 7.782812595367432, -6.072151184082031, 6.100939750671387]"
"['5/8/15', '5/7/15']","[-9.012846946716309, -9.788576126098633, 7.145373821258545, -6.409940242767334, 6.70265007019043]"
"['5/9/15', '5/8/15']","[-10.083158493041992, -11.029253959655762, 7.872157573699951, -7.224850654602051, 8.007354736328125]"
"['5/10/15', '5/9/15']","[-10.34800910949707, -11.266524314880371, 8.461725234985352, -8.01882553100586, 8.012826919555664]"
"['5/11/15', '5/10/15']","[-10.035632133483887, -11.956182479858398, 8.666593551635742, -7.116274356842041, 6.708995819091797]"
"['5/12/15', '5/11/15']","[-11.508055686950684, -10.719093322753906, 8.390616416931152, -9.601347923278809, 8.895265579223633]"
"['5/13/15', '5/12/15']","[-9.91629695892334, -12.079182624816895, 8.29096508026123, -6.628957748413086, 7.184853553771973]"
"['5/15/15', '5/13/15']","[-10.343273162841797, -10.219135284423828, 7.310618877410889, -8.141473770141602, 8.832950592041016]"
"['5/16/15', '5/15/15']","[-10.300264358520508, -11.06895923614502, 7.901774883270264, -7.3390679359436035, 7.9610395431518555]"
"['5/17/15', '5/16/15']","[-11.194584846496582, -12.502413749694824, 8.882447242736816, -8.054985046386719, 8.424577713012695]"
"['5/19/15', '5/17/15']","[-11.267599105834961, -10.542464256286621, 8.246981620788574, -8.734477043151855, 8.43050479888916]"
"['5/20/15', '5/19/15']","[-12.947053909301758, -12.623473167419434, 9.347561836242676, -10.541579246520996, 10.495660781860352]"
"['5/21/15', '5/20/15']","[-10.986652374267578, -11.460945129394531, 8.765860557556152, -7.804497718811035, 7.939225196838379]"
"['5/22/15', '5/21/15']","[-13.19209098815918, -13.55522346496582, 10.304043769836426, -10.359781265258789, 10.243983268737793]"
"['5/23/15', '5/22/15']","[-12.105714797973633, -12.662942886352539, 8.73890495300293, -8.649831771850586, 8.838794708251953]"
"['5/24/15', '5/23/15']","[-11.797988891601562, -11.848084449768066, 9.397329330444336, -8.752696990966797, 7.417152404785156]"
"['5/25/15', '5/24/15']","[-10.952629089355469, -11.987893104553223, 8.305801391601562, -7.365309238433838, 7.685056686401367]"
"['5/26/15', '5/25/15']","[-13.598898887634277, -14.251381874084473, 10.620713233947754, -9.990684509277344, 10.619453430175781]"
"['5/27/15', '5/26/15']","[-12.041738510131836, -14.420111656188965, 9.797124862670898, -7.730422019958496, 9.102754592895508]"
"['5/28/15', '5/27/15']","[-14.872563362121582, -15.389213562011719, 11.412874221801758, -11.01087474822998, 11.975380897521973]"
"['5/29/15', '5/28/15']","[-13.315807342529297, -14.373306274414062, 10.043097496032715, -9.812185287475586, 10.668248176574707]"
"['5/30/15', '5/29/15']","[-13.462748527526855, -15.403807640075684, 10.73760986328125, -9.39346694946289, 10.138248443603516]"
"['5/31/15', '5/30/15']","[-13.248169898986816, -15.994832992553711, 10.790160179138184, -8.690454483032227, 9.912912368774414]"
"['6/1/15', '5/31/15']","[-15.368138313293457, -17.528030395507812, 12.278369903564453, -10.982112884521484, 11.305326461791992]"
"['6/2/15', '6/1/15']","[-14.246318817138672, -17.721609115600586, 12.121085166931152, -9.41677474975586, 10.709039688110352]"
"['6/3/15', '6/2/15']","[-14.338994979858398, -18.53900909423828, 12.46803092956543, -9.361998558044434, 11.161935806274414]"
"['6/4/15', '6/3/15']","[-14.464614868164062, -19.090198516845703, 12.595288276672363, -9.300107955932617, 11.250738143920898]"
"['6/5/15', '6/4/15']","[-15.511553764343262, -19.625335693359375, 13.611307144165039, -10.48755931854248, 12.225339889526367]"
"['6/6/15', '6/5/15']","[-14.88721752166748, -16.82958984375, 11.481820106506348, -10.424031257629395, 11.49170970916748]"
"['6/7/15', '6/6/15']","[-14.442525863647461, -17.145994186401367, 11.970650672912598, -9.867486000061035, 10.332741737365723]"
"['6/9/15', '6/7/15']","[-16.21155548095703, -17.882020950317383, 13.135972023010254, -11.948448181152344, 12.273407936096191]"
"['6/10/15', '6/9/15']","[-14.58089828491211, -17.298259735107422, 11.833070755004883, -9.671897888183594, 11.044116020202637]"
"['6/11/15', '6/10/15']","[-15.86789321899414, -17.989042282104492, 12.799667358398438, -11.278839111328125, 12.010640144348145]"
"['6/12/15', '6/11/15']","[-16.237356185913086, -19.406126022338867, 12.784071922302246, -11.167092323303223, 13.264435768127441]"
"['6/13/15', '6/12/15']","[-17.485029220581055, -18.688480377197266, 13.74826717376709, -13.132098197937012, 14.15465259552002]"
"['6/14/15', '6/13/15']","[-17.451494216918945, -19.333526611328125, 13.738859176635742, -12.478020668029785, 13.778914451599121]"
"['6/15/15', '6/14/15']","[-16.719987869262695, -20.305744171142578, 13.727681159973145, -10.840618133544922, 12.444571495056152]"
"['6/16/15', '6/15/15']","[-16.451839447021484, -20.23224449157715, 12.965119361877441, -11.334416389465332, 13.124341011047363]"
"['6/17/15', '6/16/15']","[-22.02213478088379, -22.32282257080078, 14.917425155639648, -18.289703369140625, 20.478282928466797]"
"['6/18/15', '6/17/15']","[-17.559167861938477, -18.88825798034668, 12.813102722167969, -12.679789543151855, 12.77315616607666]"
"['6/19/15', '6/18/15']","[-15.642288208007812, -18.06231117248535, 12.037640571594238, -10.44031047821045, 10.72736644744873]"
"['6/20/15', '6/19/15']","[-15.697542190551758, -21.303674697875977, 13.509835243225098, -9.313416481018066, 12.085171699523926]"
"['6/21/15', '6/20/15']","[-17.40546417236328, -21.452543258666992, 14.269993782043457, -11.163534164428711, 13.1087646484375]"
"['6/23/15', '6/21/15']","[-20.53042984008789, -24.46247673034668, 16.12020492553711, -14.457223892211914, 16.787975311279297]"
"['6/24/15', '6/23/15']","[-18.63566017150879, -21.61076545715332, 14.797978401184082, -12.811603546142578, 14.184893608093262]"
"['6/25/15', '6/24/15']","[-17.037609100341797, -21.312938690185547, 14.298648834228516, -10.989611625671387, 12.306533813476562]"
"['6/26/15', '6/25/15']","[-19.279998779296875, -21.90939712524414, 15.146432876586914, -13.289892196655273, 14.627964973449707]"
"['6/28/15', '6/26/15']","[-18.949115753173828, -23.41994857788086, 15.941171646118164, -12.84036922454834, 14.347107887268066]"
"['6/29/15', '6/28/15']","[-21.418819427490234, -24.832685470581055, 17.191495895385742, -15.610718727111816, 18.096769332885742]"
"['6/30/15', '6/29/15']","[-19.739927291870117, -25.82448387145996, 17.56190299987793, -12.365586280822754, 14.5549955368042]"
"['7/1/15', '6/30/15']","[-20.691896438598633, -27.301715850830078, 17.32952117919922, -13.269710540771484, 17.36358642578125]"
"['7/2/15', '7/1/15']","[-19.549341201782227, -25.3159236907959, 16.261714935302734, -12.497151374816895, 15.838743209838867]"
"['7/3/15', '7/2/15']","[-17.728805541992188, -24.869482040405273, 15.925127029418945, -10.150167465209961, 13.32487678527832]"
"['7/4/15', '7/3/15']","[-17.63283920288086, -22.21437644958496, 14.777084350585938, -10.984116554260254, 13.066672325134277]"
"['7/5/15', '7/4/15']","[-18.466508865356445, -23.101482391357422, 15.45317268371582, -11.888548851013184, 13.410086631774902]"
"['7/6/15', '7/5/15']","[-20.63090705871582, -24.6790771484375, 16.2632999420166, -14.042913436889648, 16.257064819335938]"
"['7/7/15', '7/6/15']","[-20.396778106689453, -26.841829299926758, 17.287446975708008, -12.70445442199707, 16.13663101196289]"
"['7/8/15', '7/7/15']","[-20.325803756713867, -27.015748977661133, 17.796546936035156, -12.457626342773438, 15.315268516540527]"
"['7/10/15', '7/8/15']","[-20.710086822509766, -27.171648025512695, 17.69074249267578, -13.088050842285156, 16.087690353393555]"
"['7/11/15', '7/10/15']","[-20.799007415771484, -25.961027145385742, 17.786518096923828, -13.479138374328613, 15.66108226776123]"
"['7/12/15', '7/11/15']","[-20.667959213256836, -27.12868881225586, 17.797683715820312, -12.716107368469238, 15.607451438903809]"
"['7/17/15', '7/12/15']","[-21.052749633789062, -27.52081871032715, 17.94611358642578, -13.006051063537598, 15.962371826171875]"
"['7/18/15', '7/17/15']","[-20.067476272583008, -26.69252586364746, 16.692312240600586, -11.84597396850586, 16.215442657470703]"
"['7/19/15', '7/18/15']","[-21.988086700439453, -27.909297943115234, 18.42197608947754, -14.355462074279785, 17.012632369995117]"
"['7/21/15', '7/19/15']","[-22.275733947753906, -27.264245986938477, 18.25704574584961, -14.744363784790039, 17.194286346435547]"
"['7/22/15', '7/21/15']","[-20.244245529174805, -27.983598709106445, 18.212345123291016, -11.476329803466797, 15.31772518157959]"
"['7/23/15', '7/22/15']","[-21.019847869873047, -29.906784057617188, 18.528528213500977, -12.0897216796875, 16.601478576660156]"
"['7/24/15', '7/23/15']","[-22.142345428466797, -30.529754638671875, 19.525226593017578, -13.093008041381836, 16.9201717376709]"
"['7/25/15', '7/24/15']","[-21.687110900878906, -29.65057945251465, 19.113319396972656, -12.737953186035156, 15.866216659545898]"
"['7/26/15', '7/25/15']","[-22.52824592590332, -30.05026626586914, 18.48333168029785, -13.530721664428711, 18.064956665039062]"
"['7/27/15', '7/26/15']","[-22.876209259033203, -30.016077041625977, 19.12158203125, -14.236795425415039, 17.310014724731445]"
"['7/28/15', '7/27/15']","[-22.85975456237793, -29.832134246826172, 19.566593170166016, -14.350874900817871, 17.405179977416992]"
"['7/29/15', '7/28/15']","[-24.459476470947266, -31.008060455322266, 19.809310913085938, -16.05945587158203, 19.900169372558594]"
"['7/30/15', '7/29/15']","[-23.167272567749023, -30.460514068603516, 19.240184783935547, -14.134720802307129, 18.494152069091797]"
"['7/31/15', '7/30/15']","[-24.923246383666992, -32.38123321533203, 21.09737205505371, -15.74095344543457, 19.994373321533203]"
"['8/1/15', '7/31/15']","[-25.44428253173828, -32.618141174316406, 21.667011260986328, -16.70863914489746, 20.418018341064453]"
"['8/2/15', '8/1/15']","[-24.27570915222168, -31.749420166015625, 20.46438980102539, -15.342302322387695, 19.368608474731445]"
"['8/3/15', '8/2/15']","[-22.43092155456543, -32.625797271728516, 19.737686157226562, -12.390384674072266, 17.258277893066406]"
"['8/4/15', '8/3/15']","[-24.917308807373047, -31.253488540649414, 20.452503204345703, -16.008756637573242, 19.286441802978516]"
"['8/5/15', '8/4/15']","[-23.7360782623291, -30.708209991455078, 20.40380859375, -14.54263973236084, 17.154130935668945]"
"['8/7/15', '8/5/15']","[-25.461000442504883, -32.38132095336914, 21.059612274169922, -16.247455596923828, 19.237462997436523]"
"['8/8/15', '8/7/15']","[-25.07220458984375, -33.67271423339844, 21.65587043762207, -15.03394889831543, 19.687345504760742]"
"['8/9/15', '8/8/15']","[-24.644790649414062, -33.663753509521484, 21.382713317871094, -14.81411361694336, 19.61882972717285]"
"['8/10/15', '8/9/15']","[-26.267885208129883, -35.00283432006836, 22.75676727294922, -16.290315628051758, 19.746810913085938]"
"['8/11/15', '8/10/15']","[-24.964323043823242, -33.292240142822266, 21.19243812561035, -15.165926933288574, 18.81241798400879]"
"['8/12/15', '8/11/15']","[-25.33551597595215, -33.40784454345703, 21.667720794677734, -15.855470657348633, 18.636566162109375]"
"['8/14/15', '8/12/15']","[-24.28166961669922, -33.29906463623047, 20.94117546081543, -14.220314025878906, 17.678003311157227]"
"['8/15/15', '8/14/15']","[-28.131086349487305, -35.39045333862305, 24.161174774169922, -18.755279541015625, 21.435218811035156]"
"['8/16/15', '8/15/15']","[-26.481538772583008, -36.146366119384766, 22.428218841552734, -16.3360538482666, 21.062244415283203]"
"['8/17/15', '8/16/15']","[-30.93252944946289, -35.15034866333008, 24.341398239135742, -22.603797912597656, 25.463171005249023]"
"['8/18/15', '8/17/15']","[-26.627906799316406, -36.857139587402344, 22.60686492919922, -16.26144027709961, 21.945173263549805]"
"['8/19/15', '8/18/15']","[-27.143035888671875, -37.758243560791016, 23.768978118896484, -15.932228088378906, 21.41898536682129]"
"['8/20/15', '8/19/15']","[-27.92726707458496, -38.25278091430664, 24.227767944335938, -16.787010192871094, 21.53150177001953]"
"['8/21/15', '8/20/15']","[-26.564577102661133, -38.961402893066406, 24.316486358642578, -14.29438304901123, 19.339223861694336]"
"['8/22/15', '8/21/15']","[-27.842443466186523, -37.95549774169922, 24.230079650878906, -16.56641387939453, 21.5408878326416]"
"['8/23/15', '8/22/15']","[-26.72999382019043, -37.11574172973633, 23.351806640625, -15.308302879333496, 20.278404235839844]"
"['8/24/15', '8/23/15']","[-27.44439125061035, -37.08406066894531, 24.379947662353516, -16.584766387939453, 20.0312557220459]"
"['8/25/15', '8/24/15']","[-27.16039276123047, -40.72136688232422, 25.239707946777344, -14.704940795898438, 21.199565887451172]"
"['8/26/15', '8/25/15']","[-26.410505294799805, -40.84602737426758, 25.058658599853516, -13.599231719970703, 20.94970703125]"
"['8/27/15', '8/26/15']","[-29.33478355407715, -42.201683044433594, 26.52497673034668, -17.21725082397461, 23.457775115966797]"
"['8/28/15', '8/27/15']","[-27.3520450592041, -41.245906829833984, 25.50229263305664, -14.645905494689941, 21.362459182739258]"
"['8/29/15', '8/28/15']","[-26.960309982299805, -38.642547607421875, 23.804561614990234, -15.123014450073242, 20.356689453125]"
"['8/30/15', '8/29/15']","[-27.824735641479492, -38.67818069458008, 24.308547973632812, -16.068159103393555, 21.33336639404297]"
"['8/31/15', '8/30/15']","[-27.383867263793945, -39.49984359741211, 24.787431716918945, -15.195369720458984, 20.250137329101562]"
"['9/1/15', '8/31/15']","[-28.700529098510742, -40.131019592285156, 25.516292572021484, -16.667448043823242, 21.661142349243164]"
"['9/2/15', '9/1/15']","[-30.094924926757812, -41.947425842285156, 26.33648681640625, -17.3612117767334, 22.10654640197754]"
"['9/4/15', '9/2/15']","[-30.82356071472168, -41.23248291015625, 26.0924072265625, -19.008955001831055, 23.946935653686523]"
"['9/5/15', '9/4/15']","[-31.073951721191406, -43.788421630859375, 27.118518829345703, -18.524322509765625, 25.851505279541016]"
"['9/6/15', '9/5/15']","[-28.98557472229004, -42.492000579833984, 26.283931732177734, -15.995905876159668, 22.12358856201172]"
"['9/7/15', '9/6/15']","[-29.65663719177246, -43.75811767578125, 26.992944717407227, -16.660022735595703, 23.615209579467773]"
"['9/8/15', '9/7/15']","[-30.97870445251465, -44.44815444946289, 27.62561798095703, -18.08272361755371, 24.45159149169922]"
"['9/9/15', '9/8/15']","[-29.697967529296875, -43.26008987426758, 27.043128967285156, -16.784587860107422, 23.108930587768555]"
"['9/11/15', '9/9/15']","[-31.046388626098633, -45.02947998046875, 27.37175178527832, -17.85662841796875, 24.954246520996094]"
"['9/12/15', '9/11/15']","[-32.861080169677734, -42.93184280395508, 27.13994789123535, -20.1545352935791, 26.905176162719727]"
"['9/13/15', '9/12/15']","[-32.35089111328125, -44.74374008178711, 28.139942169189453, -18.563331604003906, 24.412094116210938]"
"['9/14/15', '9/13/15']","[-32.5970458984375, -42.63721466064453, 27.220949172973633, -19.996538162231445, 25.81052589416504]"
"['9/15/15', '9/14/15']","[-30.892780303955078, -42.15117263793945, 26.719669342041016, -18.481060028076172, 22.992523193359375]"
"['9/16/15', '9/15/15']","[-32.213985443115234, -44.3278923034668, 28.501859664916992, -19.671796798706055, 24.3375301361084]"
"['9/17/15', '9/16/15']","[-29.944778442382812, -44.369483947753906, 26.662796020507812, -15.859943389892578, 22.451473236083984]"
"['9/18/15', '9/17/15']","[-31.62508201599121, -43.74473571777344, 27.302753448486328, -18.559123992919922, 24.120986938476562]"
"['9/19/15', '9/18/15']","[-31.683921813964844, -44.21253967285156, 27.38904571533203, -18.47150230407715, 24.01643180847168]"
"['9/20/15', '9/19/15']","[-31.921035766601562, -43.338226318359375, 27.29163360595703, -18.69309425354004, 24.289226531982422]"
"['9/22/15', '9/20/15']","[-32.965293884277344, -44.57170867919922, 28.3034725189209, -19.974628448486328, 25.055362701416016]"
"['9/23/15', '9/22/15']","[-32.44439697265625, -46.07545471191406, 29.088397979736328, -19.058454513549805, 25.457494735717773]"
"['9/24/15', '9/23/15']","[-33.0989990234375, -46.298004150390625, 29.323022842407227, -19.601713180541992, 25.323198318481445]"
"['9/25/15', '9/24/15']","[-32.54983139038086, -46.05206298828125, 28.191076278686523, -18.609359741210938, 25.521947860717773]"
"['9/26/15', '9/25/15']","[-31.956287384033203, -44.974082946777344, 28.171443939208984, -18.255908966064453, 23.352510452270508]"
"['9/27/15', '9/26/15']","[-32.415626525878906, -45.76200485229492, 28.611408233642578, -18.6524715423584, 24.594200134277344]"
"['9/28/15', '9/27/15']","[-31.743127822875977, -44.93195343017578, 27.798049926757812, -17.85897445678711, 23.700244903564453]"
"['9/30/15', '9/28/15']","[-33.58720397949219, -47.09591293334961, 29.277799606323242, -18.90211296081543, 25.932899475097656]"
"['10/1/15', '9/30/15']","[-35.66597366333008, -47.22503662109375, 29.97736358642578, -21.756702423095703, 27.765117645263672]"
"['10/3/15', '10/1/15']","[-35.21904373168945, -48.407493591308594, 30.46493911743164, -20.535736083984375, 27.131061553955078]"
"['10/4/15', '10/3/15']","[-34.26657485961914, -48.95298385620117, 30.489076614379883, -19.48784065246582, 26.079544067382812]"
"['3/4/16', '3/3/16']","[-3.2727742195129395, -1.2791564464569092, 2.222945213317871, -3.2176601886749268, 1.3080596923828125]"
"['3/5/16', '3/4/16']","[-5.596749305725098, -3.593350410461426, 3.4737305641174316, -5.427943229675293, 4.796801567077637]"
"['3/6/16', '3/5/16']","[-5.709177017211914, -4.569346904754639, 4.588573932647705, -5.389239311218262, 4.3965582847595215]"
"['3/7/16', '3/6/16']","[-5.144947052001953, -3.1298184394836426, 4.036128520965576, -5.212921619415283, 3.017441987991333]"
"['3/8/16', '3/7/16']","[-2.9583864212036133, -1.80704665184021, 2.3516507148742676, -2.6041812896728516, 0.9778997302055359]"
"['3/9/16', '3/8/16']","[-4.523300647735596, -1.8833112716674805, 2.9609124660491943, -4.092313766479492, 2.0320940017700195]"
"['3/11/16', '3/9/16']","[-5.364599704742432, -4.315399646759033, 4.243310928344727, -5.0778279304504395, 3.5538172721862793]"
"['3/12/16', '3/11/16']","[-5.058111190795898, -3.470662832260132, 3.8554012775421143, -4.495666027069092, 2.694908380508423]"
"['3/13/16', '3/12/16']","[-7.380466938018799, -3.356217622756958, 4.26293420791626, -7.994555473327637, 6.412943363189697]"
"['3/14/16', '3/13/16']","[-6.581289291381836, -5.8485636711120605, 5.056795120239258, -5.9849467277526855, 4.89541482925415]"
"['3/16/16', '3/14/16']","[-8.163881301879883, -5.607827663421631, 5.311721324920654, -7.772210597991943, 6.309457778930664]"
"['3/17/16', '3/16/16']","[-9.834016799926758, -5.511609077453613, 5.884673118591309, -10.09024429321289, 8.23646354675293]"
"['3/18/16', '3/17/16']","[-7.343356609344482, -4.3251237869262695, 5.080704212188721, -6.969322204589844, 5.459296703338623]"
"['3/23/16', '3/18/16']","[-8.15537166595459, -6.566714286804199, 4.892809867858887, -7.323988437652588, 7.212408065795898]"
"['3/24/16', '3/23/16']","[-7.573393821716309, -6.798728942871094, 5.04990816116333, -6.325303077697754, 5.854191303253174]"
"['3/25/16', '3/24/16']","[-8.119444847106934, -6.265294551849365, 5.60902214050293, -7.178390026092529, 6.442493438720703]"
"['3/26/16', '3/25/16']","[-11.245594024658203, -10.301319122314453, 7.814674377441406, -10.058445930480957, 9.972224235534668]"
"['3/27/16', '3/26/16']","[-11.70427417755127, -9.14268684387207, 7.440539836883545, -11.044825553894043, 10.121247291564941]"
"['3/28/16', '3/27/16']","[-8.632905960083008, -7.230288028717041, 6.235097885131836, -7.597155570983887, 6.491577625274658]"
"['3/30/16', '3/28/16']","[-7.620639801025391, -7.837033748626709, 6.058351993560791, -5.9988508224487305, 5.601888656616211]"
"['3/31/16', '3/30/16']","[-8.52355670928955, -8.500951766967773, 6.47785758972168, -6.705967426300049, 6.144406795501709]"
"['4/1/16', '3/31/16']","[-10.104984283447266, -8.533275604248047, 6.7746992111206055, -8.789314270019531, 7.988317489624023]"
"['4/4/16', '4/1/16']","[-9.08828067779541, -10.743896484375, 7.20405912399292, -7.016543388366699, 7.992852210998535]"
"['4/6/16', '4/4/16']","[-4.855098247528076, -1.5326638221740723, 3.0168867111206055, -5.330618381500244, 2.878833293914795]"
"['4/7/16', '4/6/16']","[-4.961925983428955, -2.1475532054901123, 3.013240337371826, -5.364774703979492, 3.3397250175476074]"
"['4/8/16', '4/7/16']","[-5.830244541168213, -2.6786670684814453, 3.766087532043457, -6.180086135864258, 4.643824577331543]"
"['4/10/16', '4/8/16']","[-6.66902494430542, -3.5433762073516846, 3.5313363075256348, -6.889002323150635, 5.807360649108887]"
"['4/11/16', '4/10/16']","[-5.550736427307129, -3.5210869312286377, 3.8972184658050537, -5.427490234375, 4.182326316833496]"
"['4/12/16', '4/11/16']","[-7.1843109130859375, -5.161935329437256, 4.758183002471924, -7.180688381195068, 5.478686809539795]"
"['4/13/16', '4/12/16']","[-5.910984992980957, -4.122030735015869, 3.696805953979492, -5.688519477844238, 4.690086364746094]"
"['4/14/16', '4/13/16']","[-6.608823299407959, -4.450256824493408, 4.342469692230225, -6.121638298034668, 4.740017890930176]"
"['4/15/16', '4/14/16']","[-6.5465407371521, -4.361893177032471, 4.529038429260254, -5.757720947265625, 4.736725807189941]"
"['4/16/16', '4/15/16']","[-10.017701148986816, -7.430865287780762, 6.481952667236328, -9.54660701751709, 9.146734237670898]"
"['4/19/16', '4/16/16']","[-6.649969100952148, -4.829662322998047, 5.169674873352051, -5.909372806549072, 4.013525009155273]"
"['4/20/16', '4/19/16']","[-6.784663677215576, -5.864655494689941, 4.415919303894043, -5.442071914672852, 5.6653852462768555]"
"['4/21/16', '4/20/16']","[-7.335999488830566, -5.7377095222473145, 5.358266830444336, -6.412587642669678, 5.513625144958496]"
"['4/22/16', '4/21/16']","[-7.726202011108398, -6.332110404968262, 5.579464912414551, -6.67817497253418, 5.388283729553223]"
"['4/23/16', '4/22/16']","[-6.056991100311279, -6.209826946258545, 5.011204242706299, -4.519625186920166, 4.045370578765869]"
"['4/24/16', '4/23/16']","[-9.002793312072754, -7.68713903427124, 6.250879764556885, -7.799147605895996, 7.438997268676758]"
"['4/25/16', '4/24/16']","[-6.615474700927734, -6.674779415130615, 5.284242630004883, -4.713045120239258, 4.701294898986816]"
"['4/26/16', '4/25/16']","[-7.556157112121582, -6.503536701202393, 5.82268762588501, -6.03283166885376, 4.940136432647705]"
"['4/27/16', '4/26/16']","[-8.236307144165039, -7.2873311042785645, 6.0329413414001465, -6.335940837860107, 6.3011393547058105]"
"['4/28/16', '4/27/16']","[-8.342170715332031, -7.595101356506348, 5.906775951385498, -6.737361907958984, 6.084725379943848]"
"['4/29/16', '4/28/16']","[-10.862534523010254, -8.152632713317871, 7.625141620635986, -10.135318756103516, 9.461058616638184]"
"['4/30/16', '4/29/16']","[-10.053443908691406, -9.547711372375488, 7.59123420715332, -8.45871353149414, 8.407270431518555]"
"['5/1/16', '4/30/16']","[-9.277762413024902, -9.642663955688477, 7.59408712387085, -7.316461086273193, 7.347552299499512]"
"['5/3/16', '5/1/16']","[-9.448342323303223, -9.973482131958008, 8.093230247497559, -6.831289291381836, 6.396089553833008]"
"['5/4/16', '5/3/16']","[-9.76189136505127, -9.706356048583984, 7.2381205558776855, -7.931915760040283, 8.222478866577148]"
"['5/5/16', '5/4/16']","[-7.509457111358643, -9.576776504516602, 6.799560070037842, -4.514972686767578, 4.698458671569824]"
"['5/7/16', '5/5/16']","[-8.20462703704834, -8.776737213134766, 6.558155059814453, -6.023279666900635, 5.673296928405762]"
"['5/8/16', '5/7/16']","[-10.720159530639648, -10.460201263427734, 8.245208740234375, -8.59823226928711, 8.961583137512207]"
"['5/10/16', '5/8/16']","[-13.677694320678711, -12.238126754760742, 9.352385520935059, -11.799764633178711, 11.966538429260254]"
"['5/11/16', '5/10/16']","[-12.258502006530762, -9.807699203491211, 8.53478717803955, -10.48377513885498, 8.972801208496094]"
"['5/12/16', '5/11/16']","[-11.916516304016113, -9.54246711730957, 7.541618824005127, -10.201656341552734, 9.427403450012207]"
"['5/13/16', '5/12/16']","[-11.917560577392578, -11.875807762145996, 8.924656867980957, -9.234600067138672, 10.106508255004883]"
"['5/14/16', '5/13/16']","[-11.063464164733887, -12.303362846374512, 8.623295783996582, -8.035211563110352, 8.925239562988281]"
"['5/15/16', '5/14/16']","[-13.043403625488281, -13.675578117370605, 9.377950668334961, -10.457158088684082, 11.61845588684082]"
"['5/17/16', '5/15/16']","[-13.427592277526855, -15.047109603881836, 10.749115943908691, -10.330777168273926, 11.008282661437988]"
"['5/18/16', '5/17/16']","[-10.446517944335938, -15.182183265686035, 9.510261535644531, -5.567556381225586, 7.967472553253174]"
"['5/19/16', '5/18/16']","[-12.379363059997559, -13.938308715820312, 9.921558380126953, -9.022331237792969, 10.092966079711914]"
"['5/20/16', '5/19/16']","[-12.275172233581543, -15.294890403747559, 10.369637489318848, -8.039999008178711, 9.396056175231934]"
"['5/21/16', '5/20/16']","[-13.463102340698242, -13.816984176635742, 9.980034828186035, -10.212084770202637, 11.20116901397705]"
"['5/22/16', '5/21/16']","[-11.356231689453125, -12.051968574523926, 9.206273078918457, -7.888744831085205, 7.683593273162842]"
"['5/24/16', '5/22/16']","[-10.817977905273438, -12.943671226501465, 9.248334884643555, -7.061487197875977, 7.262045860290527]"
"['5/25/16', '5/24/16']","[-12.895145416259766, -13.170698165893555, 10.769599914550781, -9.799088478088379, 8.153406143188477]"
"['5/26/16', '5/25/16']","[-12.68646240234375, -13.828027725219727, 10.756176948547363, -9.554110527038574, 8.845446586608887]"
"['5/27/16', '5/26/16']","[-14.219762802124023, -15.314798355102539, 11.290840148925781, -10.628010749816895, 10.08116626739502]"
"['5/28/16', '5/27/16']","[-14.51672077178955, -15.71087646484375, 11.185315132141113, -10.55395793914795, 11.474610328674316]"
"['5/29/16', '5/28/16']","[-13.904473304748535, -17.448400497436523, 12.154521942138672, -9.442524909973145, 10.655875205993652]"
"['5/30/16', '5/29/16']","[-14.213850021362305, -17.15494728088379, 11.669256210327148, -10.154430389404297, 10.814560890197754]"
"['5/31/16', '5/30/16']","[-14.15568733215332, -18.481056213378906, 11.998929977416992, -8.942066192626953, 10.964152336120605]"
"['6/1/16', '5/31/16']","[-14.392744064331055, -18.224437713623047, 12.562397003173828, -9.41905689239502, 10.714515686035156]"
"['6/2/16', '6/1/16']","[-17.014259338378906, -19.156707763671875, 13.700105667114258, -12.66348648071289, 14.598638534545898]"
"['6/3/16', '6/2/16']","[-18.59309959411621, -20.53704261779785, 13.559349060058594, -13.932943344116211, 16.568702697753906]"
"['6/4/16', '6/3/16']","[-15.789400100708008, -18.72596549987793, 12.905379295349121, -10.975088119506836, 12.891136169433594]"
"['6/5/16', '6/4/16']","[-15.81098461151123, -19.73220443725586, 13.38593578338623, -10.536530494689941, 12.61843490600586]"
"['6/6/16', '6/5/16']","[-16.429059982299805, -18.948347091674805, 13.469110488891602, -11.618730545043945, 12.953117370605469]"
"['6/7/16', '6/6/16']","[-16.41935157775879, -19.69113540649414, 13.363062858581543, -11.434040069580078, 13.155552864074707]"
"['6/8/16', '6/7/16']","[-17.274192810058594, -19.632118225097656, 13.938027381896973, -12.562864303588867, 14.551217079162598]"
"['6/9/16', '6/8/16']","[-16.82178497314453, -20.30900001525879, 14.327106475830078, -11.578301429748535, 13.247944831848145]"
"['6/10/16', '6/9/16']","[-16.380399703979492, -19.660552978515625, 13.395866394042969, -10.714439392089844, 12.77685260772705]"
"['6/11/16', '6/10/16']","[-15.600601196289062, -19.918359756469727, 13.141971588134766, -9.86240291595459, 11.427168846130371]"
"['6/12/16', '6/11/16']","[-17.219837188720703, -21.144145965576172, 14.357769012451172, -11.313740730285645, 13.491722106933594]"
"['6/14/16', '6/12/16']","[-18.430986404418945, -22.54258155822754, 15.927505493164062, -12.951292991638184, 14.066664695739746]"
"['6/15/16', '6/14/16']","[-16.748689651489258, -21.38311004638672, 14.19246768951416, -11.041866302490234, 12.438406944274902]"
"['6/16/16', '6/15/16']","[-16.194042205810547, -20.792173385620117, 13.572306632995605, -9.97641372680664, 12.580059051513672]"
"['6/17/16', '6/16/16']","[-16.624927520751953, -21.769432067871094, 14.308269500732422, -10.368911743164062, 13.013020515441895]"
"['6/18/16', '6/17/16']","[-17.970792770385742, -25.294452667236328, 16.09010124206543, -10.659292221069336, 13.767767906188965]"
"['6/19/16', '6/18/16']","[-17.798574447631836, -22.36711311340332, 14.775983810424805, -11.41384220123291, 14.215638160705566]"
"['6/20/16', '6/19/16']","[-20.292924880981445, -23.489341735839844, 16.071264266967773, -14.412850379943848, 16.79507827758789]"
"['6/21/16', '6/20/16']","[-18.946224212646484, -24.586811065673828, 16.81077766418457, -11.757473945617676, 14.895644187927246]"
"['6/22/16', '6/21/16']","[-20.024612426757812, -25.489839553833008, 17.034955978393555, -13.524688720703125, 16.169876098632812]"
"['6/24/16', '6/22/16']","[-17.88262176513672, -23.170774459838867, 15.162364959716797, -11.753173828125, 14.538130760192871]"
"['6/25/16', '6/24/16']","[-18.763769149780273, -24.51006507873535, 15.983034133911133, -12.079131126403809, 15.444039344787598]"
"['6/26/16', '6/25/16']","[-19.3050479888916, -25.000774383544922, 15.986690521240234, -12.417872428894043, 16.10548210144043]"
"['6/28/16', '6/26/16']","[-21.65741729736328, -25.886396408081055, 17.53658676147461, -15.427995681762695, 18.057676315307617]"
"['6/29/16', '6/28/16']","[-22.553369522094727, -25.512277603149414, 17.221214294433594, -16.14832878112793, 18.149662017822266]"
"['6/30/16', '6/29/16']","[-21.443363189697266, -24.53663444519043, 16.292139053344727, -14.898252487182617, 16.587779998779297]"
"['7/1/16', '6/30/16']","[-19.264001846313477, -24.524208068847656, 16.664194107055664, -12.11773681640625, 14.249258041381836]"
"['7/2/16', '7/1/16']","[-19.883323669433594, -25.09425163269043, 16.753211975097656, -12.663687705993652, 14.524280548095703]"
"['7/3/16', '7/2/16']","[-21.064950942993164, -26.36252784729004, 17.212430953979492, -13.492171287536621, 16.4165096282959]"
"['7/4/16', '7/3/16']","[-20.801197052001953, -26.413450241088867, 17.90041732788086, -13.394102096557617, 16.044443130493164]"
"['7/5/16', '7/4/16']","[-20.54875373840332, -27.890674591064453, 17.93687629699707, -12.320891380310059, 15.949557304382324]"
"['7/6/16', '7/5/16']","[-19.90608024597168, -27.077543258666992, 17.76657485961914, -11.73740005493164, 15.120776176452637]"
"['7/8/16', '7/6/16']","[-22.437198638916016, -27.54472541809082, 19.923965454101562, -15.033214569091797, 15.808080673217773]"
"['7/9/16', '7/8/16']","[-20.91896629333496, -29.5206241607666, 17.896249771118164, -12.398435592651367, 17.397809982299805]"
"['7/10/16', '7/9/16']","[-20.884519577026367, -27.725400924682617, 17.705244064331055, -12.871845245361328, 16.68390655517578]"
"['7/15/16', '7/10/16']","[-20.58991241455078, -27.87734031677246, 17.710100173950195, -12.546170234680176, 16.504592895507812]"
"['7/16/16', '7/15/16']","[-20.735706329345703, -24.540132522583008, 16.605533599853516, -13.296748161315918, 15.105772018432617]"
"['7/17/16', '7/16/16']","[-20.771827697753906, -24.754558563232422, 16.068132400512695, -13.181941986083984, 15.482271194458008]"
"['7/18/16', '7/17/16']","[-21.180553436279297, -26.11286163330078, 17.497482299804688, -13.650850296020508, 15.071892738342285]"
"['7/19/16', '7/18/16']","[-20.463438034057617, -27.371829986572266, 17.63605308532715, -11.976120948791504, 15.35842227935791]"
"['7/20/16', '7/19/16']","[-21.06027603149414, -29.36391258239746, 18.434412002563477, -12.073514938354492, 15.9392728805542]"
"['7/21/16', '7/20/16']","[-21.2458553314209, -28.97735023498535, 18.89315414428711, -12.349857330322266, 15.658797264099121]"
"['7/22/16', '7/21/16']","[-22.103927612304688, -29.150623321533203, 18.65974998474121, -13.09288215637207, 17.266267776489258]"
"['7/23/16', '7/22/16']","[-23.235069274902344, -30.640727996826172, 20.268230438232422, -14.242203712463379, 18.214685440063477]"
"['7/24/16', '7/23/16']","[-22.09580421447754, -30.333162307739258, 19.229074478149414, -12.454286575317383, 18.1804256439209]"
"['7/25/16', '7/24/16']","[-24.044721603393555, -32.720054626464844, 21.25213623046875, -14.700080871582031, 19.31717300415039]"
"['7/26/16', '7/25/16']","[-21.990036010742188, -32.23556900024414, 20.4315185546875, -12.7459716796875, 17.80137825012207]"
"['7/27/16', '7/26/16']","[-22.862194061279297, -33.39672088623047, 20.725618362426758, -12.816243171691895, 18.27029037475586]"
"['7/28/16', '7/27/16']","[-21.56640625, -32.53601837158203, 20.303159713745117, -11.552552223205566, 16.30320930480957]"
"['7/29/16', '7/28/16']","[-23.5731258392334, -27.66964340209961, 19.27068328857422, -15.45859432220459, 16.72623634338379]"
"['7/30/16', '7/29/16']","[-24.384004592895508, -34.037254333496094, 21.581697463989258, -14.366515159606934, 19.59417724609375]"
"['7/31/16', '7/30/16']","[-24.235273361206055, -33.74345016479492, 22.08631134033203, -14.273714065551758, 17.767763137817383]"
"['8/2/16', '7/31/16']","[-25.31800651550293, -34.28856658935547, 21.84312629699707, -15.55966567993164, 19.961532592773438]"
"['8/3/16', '8/2/16']","[-26.26681900024414, -34.87421417236328, 22.43235206604004, -16.34134864807129, 21.08994483947754]"
"['8/4/16', '8/3/16']","[-25.45866584777832, -35.33330535888672, 22.372472763061523, -14.926541328430176, 20.450237274169922]"
"['8/5/16', '8/4/16']","[-25.260730743408203, -35.28205490112305, 22.712968826293945, -14.648554801940918, 19.422786712646484]"
"['8/6/16', '8/5/16']","[-25.947555541992188, -33.38071060180664, 21.942893981933594, -16.634145736694336, 20.805953979492188]"
"['8/7/16', '8/6/16']","[-24.556669235229492, -32.43765640258789, 21.057395935058594, -14.69465446472168, 18.077205657958984]"
"['8/8/16', '8/7/16']","[-27.678476333618164, -35.31815719604492, 22.529613494873047, -17.978939056396484, 22.41826629638672]"
"['8/9/16', '8/8/16']","[-24.71010398864746, -31.799320220947266, 20.83327865600586, -15.107230186462402, 18.263256072998047]"
"['8/10/16', '8/9/16']","[-23.910043716430664, -31.67508316040039, 20.19087028503418, -13.986395835876465, 17.603191375732422]"
"['8/11/16', '8/10/16']","[-24.937124252319336, -32.307044982910156, 21.08406639099121, -15.029956817626953, 18.635387420654297]"
"['8/12/16', '8/11/16']","[-26.335111618041992, -34.009979248046875, 21.863563537597656, -16.326658248901367, 20.15392303466797]"
"['8/13/16', '8/12/16']","[-26.264389038085938, -36.92259216308594, 23.665578842163086, -15.115039825439453, 20.639232635498047]"
"['8/14/16', '8/13/16']","[-27.046497344970703, -37.927764892578125, 24.29949951171875, -15.746824264526367, 20.669296264648438]"
"['8/16/16', '8/14/16']","[-27.233247756958008, -37.53594970703125, 24.01726722717285, -16.041393280029297, 21.705501556396484]"
"['8/17/16', '8/16/16']","[-27.605796813964844, -39.28508377075195, 24.646255493164062, -15.984668731689453, 21.54954719543457]"
"['8/18/16', '8/17/16']","[-26.06808090209961, -38.94158172607422, 23.63042449951172, -13.74077320098877, 20.33370590209961]"
"['8/19/16', '8/18/16']","[-30.136890411376953, -39.050201416015625, 24.9733943939209, -19.63348960876465, 24.743200302124023]"
"['8/20/16', '8/19/16']","[-29.23451805114746, -42.071468353271484, 26.180212020874023, -17.303186416625977, 23.1492919921875]"
"['8/21/16', '8/20/16']","[-27.683961868286133, -40.7717170715332, 24.813182830810547, -15.126200675964355, 21.315139770507812]"
"['8/22/16', '8/21/16']","[-27.56023597717285, -39.16859817504883, 24.492639541625977, -15.777717590332031, 21.77303695678711]"
"['8/23/16', '8/22/16']","[-28.63217544555664, -39.769229888916016, 25.39239501953125, -16.97028160095215, 22.53194808959961]"
"['8/24/16', '8/23/16']","[-29.85268211364746, -38.485862731933594, 26.000564575195312, -18.686233520507812, 24.281368255615234]"
"['8/25/16', '8/24/16']","[-30.359390258789062, -41.273826599121094, 26.93734359741211, -18.52724266052246, 24.253150939941406]"
"['8/26/16', '8/25/16']","[-26.846282958984375, -40.2062873840332, 25.3201961517334, -14.189497947692871, 20.459978103637695]"
"['8/27/16', '8/26/16']","[-28.09508514404297, -39.653907775878906, 25.286170959472656, -16.18372344970703, 21.479394912719727]"
"['8/28/16', '8/27/16']","[-30.577665328979492, -41.02182388305664, 26.827455520629883, -18.66702651977539, 23.201786041259766]"
"['8/29/16', '8/28/16']","[-29.04987335205078, -39.77824401855469, 25.308422088623047, -17.120885848999023, 21.977394104003906]"
"['8/30/16', '8/29/16']","[-28.558582305908203, -41.97607421875, 25.953094482421875, -15.453451156616211, 21.52849769592285]"
"['8/31/16', '8/30/16']","[-29.915124893188477, -41.87530517578125, 25.852689743041992, -17.221513748168945, 24.036373138427734]"
"['9/2/16', '8/31/16']","[-29.229141235351562, -41.98640823364258, 26.304916381835938, -16.301156997680664, 22.833784103393555]"
"['9/3/16', '9/2/16']","[-31.948246002197266, -42.453704833984375, 26.907007217407227, -19.882688522338867, 25.846328735351562]"
"['9/4/16', '9/3/16']","[-28.79132843017578, -41.419189453125, 25.845500946044922, -16.052928924560547, 22.155582427978516]"
"['9/5/16', '9/4/16']","[-29.472063064575195, -43.0965576171875, 26.633581161499023, -15.972136497497559, 22.440101623535156]"
"['9/6/16', '9/5/16']","[-30.562828063964844, -40.703697204589844, 25.354827880859375, -18.556371688842773, 23.51878547668457]"
"['9/7/16', '9/6/16']","[-31.548072814941406, -40.43396759033203, 25.749723434448242, -19.82318878173828, 24.647602081298828]"
"['9/9/16', '9/7/16']","[-31.79199981689453, -40.1339225769043, 26.426666259765625, -20.247879028320312, 23.4826717376709]"
"['9/10/16', '9/9/16']","[-30.718576431274414, -43.65593338012695, 27.184938430786133, -17.500944137573242, 23.807188034057617]"
"['9/11/16', '9/10/16']","[-32.413734436035156, -44.95011520385742, 27.8560733795166, -19.403640747070312, 26.15899658203125]"
"['9/12/16', '9/11/16']","[-30.621267318725586, -43.79494094848633, 27.163503646850586, -17.38913917541504, 23.83645248413086]"
"['9/13/16', '9/12/16']","[-30.4587459564209, -45.84696960449219, 28.20522689819336, -16.40256690979004, 22.864933013916016]"
"['9/14/16', '9/13/16']","[-31.479812622070312, -45.940330505371094, 28.302125930786133, -17.812015533447266, 24.797199249267578]"
"['9/15/16', '9/14/16']","[-31.047771453857422, -45.318050384521484, 27.840248107910156, -16.94017219543457, 24.43338966369629]"
"['9/16/16', '9/15/16']","[-32.22379684448242, -46.771907806396484, 29.21898651123047, -18.608928680419922, 24.986204147338867]"
"['9/17/16', '9/16/16']","[-32.30306625366211, -46.852210998535156, 28.88907241821289, -18.705642700195312, 25.78476333618164]"
"['9/18/16', '9/17/16']","[-30.653409957885742, -46.415706634521484, 27.717885971069336, -16.232776641845703, 23.764921188354492]"
"['9/19/16', '9/18/16']","[-30.905019760131836, -46.40837860107422, 28.097942352294922, -17.21710777282715, 23.907997131347656]"
"['9/20/16', '9/19/16']","[-32.410884857177734, -48.08279800415039, 29.267215728759766, -17.494155883789062, 25.437286376953125]"
"['9/21/16', '9/20/16']","[-33.06760025024414, -48.19786071777344, 30.10340690612793, -18.251453399658203, 25.371570587158203]"
"['9/22/16', '9/21/16']","[-31.186864852905273, -47.88534164428711, 29.302650451660156, -15.907986640930176, 23.60654067993164]"
"['9/23/16', '9/22/16']","[-33.35969161987305, -48.4233283996582, 30.29100799560547, -18.29776382446289, 25.599853515625]"
"['9/24/16', '9/23/16']","[-32.43367385864258, -47.43989944458008, 29.408157348632812, -18.44658088684082, 25.00093650817871]"
"['9/25/16', '9/24/16']","[-33.23387145996094, -47.72718048095703, 29.713977813720703, -19.500537872314453, 26.242563247680664]"
"['9/27/16', '9/25/16']","[-32.04433822631836, -48.07839584350586, 29.362220764160156, -17.739988327026367, 24.778274536132812]"
"['9/28/16', '9/27/16']","[-33.11085891723633, -48.8991584777832, 30.691516876220703, -17.98008155822754, 25.317909240722656]"
"['9/29/16', '9/28/16']","[-33.76152801513672, -49.20929718017578, 31.03118133544922, -18.96967887878418, 26.143558502197266]"
"['9/30/16', '9/29/16']","[-34.16865921020508, -49.578269958496094, 30.608177185058594, -18.999238967895508, 27.020692825317383]"
"['10/1/16', '9/30/16']","[-35.654876708984375, -50.23750305175781, 31.07294464111328, -20.801393508911133, 28.460708618164062]"
