"['3/2/14', '3/1/14']","[3.924557685852051, -3.363283634185791, -0.15308302640914917, -0.33984363079071045, 5.637881278991699]"
"['3/3/14', '3/2/14']","[4.199396133422852, -2.3742880821228027, 1.0784858465194702, -0.34450194239616394, 3.7053918838500977]"
"['3/4/14', '3/3/14']","[3.9525418281555176, -1.4534919261932373, 1.3690372705459595, -0.9017361402511597, 2.7852606773376465]"
"['3/5/14', '3/4/14']","[2.508467674255371, -1.2521716356277466, 0.12081804126501083, 0.33964282274246216, 2.975137710571289]"
"['3/7/14', '3/5/14']","[4.3345184326171875, -2.9501466751098633, 0.4380161166191101, -0.08103392273187637, 4.694461822509766]"
"['3/8/14', '3/7/14']","[5.231006622314453, -5.415045738220215, 0.6419156789779663, 0.5242082476615906, 8.179600715637207]"
"['3/9/14', '3/8/14']","[2.7952215671539307, -2.950418710708618, -0.4302702844142914, 0.21189717948436737, 4.88322114944458]"
"['3/10/14', '3/9/14']","[4.722672462463379, -3.3412275314331055, 0.7701488733291626, 0.3136847913265228, 6.318606376647949]"
"['3/11/14', '3/10/14']","[4.385405540466309, -1.8267695903778076, 0.13044321537017822, 0.48198485374450684, 5.194106578826904]"
"['3/12/14', '3/11/14']","[3.906275987625122, -1.8268450498580933, -0.11935766786336899, 0.5022872686386108, 3.970045804977417]"
"['3/13/14', '3/12/14']","[3.3960747718811035, -2.223384141921997, -0.07557769864797592, 1.0881544351577759, 5.119430065155029]"
"['3/15/14', '3/13/14']","[3.98414945602417, -0.8473794460296631, 2.4974727630615234, 0.33607274293899536, 1.744974970817566]"
"['3/16/14', '3/15/14']","[2.744636058807373, -0.8232825994491577, 0.5719545483589172, 1.2608320713043213, 2.963252544403076]"
"['3/19/14', '3/16/14']","[5.266842842102051, -1.9506365060806274, 2.0040714740753174, 0.234943225979805, 4.750133514404297]"
"['3/20/14', '3/19/14']","[4.627782344818115, -1.2550318241119385, 1.2759722471237183, 0.38887330889701843, 4.691142559051514]"
"['3/21/14', '3/20/14']","[3.1216773986816406, -0.9263274073600769, 0.548420250415802, 0.9333370923995972, 3.5538463592529297]"
"['3/25/14', '3/21/14']","[3.1767992973327637, -2.5089704990386963, 0.1303010880947113, 2.4330129623413086, 6.902728080749512]"
"['3/26/14', '3/25/14']","[2.99877667427063, -0.12676416337490082, 2.176650047302246, 1.4111045598983765, 3.4950528144836426]"
"['3/27/14', '3/26/14']","[3.6331067085266113, -0.6463032364845276, 1.1672192811965942, 1.6628797054290771, 4.609595775604248]"
"['3/29/14', '3/27/14']","[2.2504513263702393, 0.24891258776187897, 0.8202941417694092, 1.9774565696716309, 4.439846038818359]"
"['3/31/14', '3/29/14']","[3.707418918609619, -2.2559728622436523, -0.004296384751796722, -0.8623799085617065, 2.977597236633301]"
"['4/2/14', '3/31/14']","[2.4895403385162354, -1.4373230934143066, -0.6348286867141724, -0.5483618974685669, 2.207494020462036]"
"['4/3/14', '4/2/14']","[2.3300628662109375, -0.9891377091407776, 0.2242499589920044, -0.36841216683387756, 1.6372883319854736]"
"['4/4/14', '4/3/14']","[4.4975433349609375, -2.3695147037506104, 0.4273499846458435, -0.8775115609169006, 3.214226245880127]"
"['4/5/14', '4/4/14']","[5.355103969573975, -3.3170647621154785, 1.7628283500671387, -0.7548596262931824, 4.043252944946289]"
"['4/6/14', '4/5/14']","[4.612812519073486, -3.521088123321533, 0.2682628631591797, -0.2876538634300232, 5.262271404266357]"
"['4/7/14', '4/6/14']","[3.091765880584717, -2.359086751937866, -0.6276615858078003, 0.0008283117786049843, 3.6225054264068604]"
"['4/8/14', '4/7/14']","[3.241807699203491, -1.883176565170288, 0.2752997577190399, -0.01016994845122099, 2.8344357013702393]"
"['4/9/14', '4/8/14']","[7.221745491027832, -5.254385471343994, -0.46496719121932983, -0.3936628997325897, 8.550890922546387]"
"['4/11/14', '4/9/14']","[5.636641979217529, -2.9204423427581787, 1.4285893440246582, -0.5490995645523071, 3.6314961910247803]"
"['4/12/14', '4/11/14']","[0.48195335268974304, 0.00351780466735363, 0.5156030058860779, 0.7644850015640259, 1.4718756675720215]"
"['4/13/14', '4/12/14']","[2.952622890472412, -1.273628830909729, 0.44004738330841064, 0.17018838226795197, 3.071747303009033]"
"['4/14/14', '4/13/14']","[4.942971706390381, -1.7709543704986572, 0.674401044845581, -0.6183270215988159, 3.905818462371826]"
"['4/16/14', '4/14/14']","[3.993515968322754, -3.4029252529144287, 0.12612590193748474, 0.4498042166233063, 7.165890216827393]"
"['4/18/14', '4/16/14']","[1.961759328842163, -0.9643146395683289, 0.5344482660293579, 1.3086252212524414, 3.452363967895508]"
"['4/19/14', '4/18/14']","[4.61276388168335, -1.781717300415039, 0.38175147771835327, 0.7604011297225952, 5.798684597015381]"
"['4/20/14', '4/19/14']","[2.293926954269409, -0.03255752474069595, 1.673473596572876, 0.9616689085960388, 1.115274429321289]"
"['4/21/14', '4/20/14']","[3.4126622676849365, -1.2324379682540894, 0.8296926021575928, 1.1619772911071777, 4.025173664093018]"
"['4/22/14', '4/21/14']","[2.872283935546875, -1.5369713306427002, -0.3809873163700104, 1.6871055364608765, 6.114132881164551]"
"['4/23/14', '4/22/14']","[2.6037099361419678, -0.5911991596221924, 1.2943871021270752, 1.4858243465423584, 2.8511064052581787]"
"['4/24/14', '4/23/14']","[4.593796730041504, -2.412299871444702, 0.37398651242256165, 1.5422333478927612, 7.025148868560791]"
"['4/25/14', '4/24/14']","[4.93742561340332, -2.4314119815826416, 1.0070877075195312, 1.113102912902832, 5.252545356750488]"
"['4/26/14', '4/25/14']","[1.6676267385482788, 0.5914997458457947, 0.3353763520717621, 1.6245906352996826, 3.3031411170959473]"
"['4/27/14', '4/26/14']","[3.2629234790802, -1.050227403640747, 0.567429780960083, 1.4256720542907715, 4.916248798370361]"
"['5/1/14', '4/27/14']","[1.7866268157958984, 0.4443676769733429, 0.1020718589425087, 2.2396697998046875, 3.985750436782837]"
"['5/2/14', '5/1/14']","[4.7850728034973145, -1.6964634656906128, 1.2084797620773315, 2.2150893211364746, 6.362741947174072]"
"['5/3/14', '5/2/14']","[1.6925996541976929, 0.24728572368621826, 0.08560953289270401, 2.5099565982818604, 4.734152793884277]"
"['5/4/14', '5/3/14']","[3.1599831581115723, 0.08959373086690903, 1.7296690940856934, 1.8548650741577148, 4.4773759841918945]"
"['5/6/14', '5/4/14']","[3.0239195823669434, -0.24732163548469543, 1.2805681228637695, 2.342658758163452, 4.867902755737305]"
"['5/7/14', '5/6/14']","[3.5559895038604736, -1.0704317092895508, 1.5667048692703247, 2.1821413040161133, 5.287481784820557]"
"['5/8/14', '5/7/14']","[2.4617724418640137, -0.21777869760990143, 1.4845777750015259, 2.6613214015960693, 4.650720596313477]"
"['5/9/14', '5/8/14']","[3.265371799468994, -0.06885655969381332, 1.820872187614441, 2.7213399410247803, 5.654309272766113]"
"['5/10/14', '5/9/14']","[1.7179419994354248, -0.5428922772407532, -0.2212829887866974, 3.713787078857422, 6.1188178062438965]"
"['5/11/14', '5/10/14']","[4.836677074432373, -1.5534460544586182, 0.6818759441375732, 2.437721014022827, 6.5460286140441895]"
"['5/12/14', '5/11/14']","[2.415550470352173, 0.518018901348114, 0.8184149265289307, 3.8217945098876953, 4.914431095123291]"
"['5/13/14', '5/12/14']","[1.9687528610229492, 1.346945881843567, 1.7988529205322266, 2.943049907684326, 3.8967223167419434]"
"['5/14/14', '5/13/14']","[2.103628396987915, 1.522107720375061, 1.8214261531829834, 3.30063796043396, 4.0810136795043945]"
"['5/15/14', '5/14/14']","[2.933978319168091, 0.37901943922042847, 1.2376458644866943, 2.8691465854644775, 6.002723693847656]"
"['5/16/14', '5/15/14']","[4.22359561920166, 0.16672608256340027, 1.8906970024108887, 2.797027587890625, 4.909480571746826]"
"['5/17/14', '5/16/14']","[2.266491174697876, 0.23405112326145172, 0.3720566928386688, 3.6118388175964355, 6.6811203956604]"
"['5/18/14', '5/17/14']","[1.6196017265319824, 1.3519668579101562, 1.7301700115203857, 3.7596845626831055, 4.18901252746582]"
"['5/20/14', '5/18/14']","[3.418776273727417, -0.03853635489940643, 0.7061789035797119, 3.8797848224639893, 7.892916202545166]"
"['5/21/14', '5/20/14']","[3.8204433917999268, 0.012289906851947308, 0.9887447357177734, 4.0734052658081055, 8.205230712890625]"
"['5/22/14', '5/21/14']","[4.919986724853516, -0.1807037889957428, 2.415850877761841, 3.652874708175659, 7.414011478424072]"
"['5/23/14', '5/22/14']","[4.434147357940674, -0.7772220373153687, 0.892275333404541, 4.029584884643555, 10.201443672180176]"
"['5/24/14', '5/23/14']","[4.646724700927734, -0.9201863408088684, 1.5165510177612305, 4.153311252593994, 9.06655216217041]"
"['5/25/14', '5/24/14']","[1.6215944290161133, 3.0559990406036377, 1.330963134765625, 4.747553825378418, 4.796401500701904]"
"['5/26/14', '5/25/14']","[1.4943642616271973, 1.2499486207962036, 0.9761788845062256, 5.6179890632629395, 7.127145290374756]"
"['5/27/14', '5/26/14']","[3.7630836963653564, 0.1801607310771942, 0.575420618057251, 4.70802116394043, 8.82339859008789]"
"['5/28/14', '5/27/14']","[2.3988988399505615, 1.1605643033981323, 1.925732135772705, 5.431479454040527, 7.105389595031738]"
"['5/29/14', '5/28/14']","[3.2939279079437256, 1.0465197563171387, 2.3626961708068848, 4.983597278594971, 6.872262477874756]"
"['5/30/14', '5/29/14']","[1.1435147523880005, 3.021969795227051, 3.301220655441284, 5.617293834686279, 4.132718086242676]"
"['5/31/14', '5/30/14']","[0.6334786415100098, 2.7807118892669678, 1.8344323635101318, 5.763391971588135, 5.499699115753174]"
"['6/1/14', '5/31/14']","[1.839432954788208, 1.9247167110443115, 1.876868486404419, 5.5377960205078125, 6.430895805358887]"
"['6/3/14', '6/1/14']","[2.625609874725342, 1.5197807550430298, 1.385817527770996, 5.691601753234863, 7.535401821136475]"
"['6/4/14', '6/3/14']","[3.3205902576446533, 0.5105729103088379, 0.33493706583976746, 5.676754951477051, 9.909720420837402]"
"['6/5/14', '6/4/14']","[2.835866928100586, 0.7458363771438599, 1.0429649353027344, 5.594468116760254, 9.392769813537598]"
"['6/6/14', '6/5/14']","[2.9194529056549072, 1.4102768898010254, 2.6318559646606445, 5.91042423248291, 8.09029483795166]"
"['6/7/14', '6/6/14']","[4.1914520263671875, 2.1919329166412354, 2.2481725215911865, 4.84951639175415, 7.488644123077393]"
"['6/8/14', '6/7/14']","[1.8446593284606934, 2.211012840270996, 1.0740892887115479, 6.192934989929199, 8.144381523132324]"
"['6/9/14', '6/8/14']","[1.0744922161102295, 4.423342227935791, 1.4089574813842773, 6.099239349365234, 6.725918292999268]"
"['6/10/14', '6/9/14']","[-0.13519299030303955, 2.7100534439086914, 0.2892305552959442, 7.587115287780762, 8.099419593811035]"
"['6/11/14', '6/10/14']","[-0.4017341136932373, 3.5888352394104004, 0.3136117160320282, 7.2384796142578125, 6.459102153778076]"
"['6/12/14', '6/11/14']","[0.49451524019241333, 1.8549476861953735, 0.7701280117034912, 7.758482933044434, 8.947746276855469]"
"['6/13/14', '6/12/14']","[2.5633716583251953, 1.894695520401001, 1.3713257312774658, 6.389055252075195, 9.23215103149414]"
"['6/14/14', '6/13/14']","[0.7133797407150269, 3.8107542991638184, 1.4838550090789795, 6.796947002410889, 7.757902145385742]"
"['6/15/14', '6/14/14']","[2.9951508045196533, 2.084681987762451, 1.783820390701294, 6.195892333984375, 8.72209358215332]"
"['6/16/14', '6/15/14']","[2.148519277572632, 2.8432464599609375, 0.7289083003997803, 6.541499137878418, 9.77236270904541]"
"['6/17/14', '6/16/14']","[3.239306688308716, 2.4251832962036133, 3.7712886333465576, 6.571139335632324, 7.011040687561035]"
"['6/18/14', '6/17/14']","[2.7391903400421143, 2.4249162673950195, 3.6185860633850098, 7.222624778747559, 8.270211219787598]"
"['6/20/14', '6/18/14']","[0.9747816920280457, 3.4154868125915527, 2.9916024208068848, 7.507445335388184, 6.967912673950195]"
"['6/21/14', '6/20/14']","[3.6920406818389893, 1.1974185705184937, 2.341078042984009, 7.134402751922607, 9.973512649536133]"
"['6/22/14', '6/21/14']","[3.1961567401885986, 1.4767664670944214, 1.0216963291168213, 7.184172630310059, 10.049468040466309]"
"['6/23/14', '6/22/14']","[2.9064266681671143, 1.2668452262878418, 1.097658395767212, 7.128505706787109, 10.583536148071289]"
"['6/24/14', '6/23/14']","[2.280466318130493, 1.6511732339859009, 0.4676778018474579, 8.10772705078125, 12.014237403869629]"
"['6/25/14', '6/24/14']","[1.8161320686340332, 3.1486423015594482, 0.8941824436187744, 7.715813636779785, 9.171299934387207]"
"['6/27/14', '6/25/14']","[4.277565956115723, 1.517075777053833, 1.9692370891571045, 7.4666876792907715, 10.15595531463623]"
"['6/28/14', '6/27/14']","[0.3357553482055664, 2.6788806915283203, 0.631295919418335, 9.317673683166504, 10.583184242248535]"
"['6/29/14', '6/28/14']","[1.8882040977478027, 2.6002402305603027, 1.6168649196624756, 8.78531551361084, 9.194368362426758]"
"['6/30/14', '6/29/14']","[3.4099249839782715, 2.125730514526367, 0.8034541606903076, 8.658709526062012, 11.683727264404297]"
"['7/1/14', '6/30/14']","[1.1605486869812012, 1.8602882623672485, 1.8648903369903564, 9.24783706665039, 10.978164672851562]"
"['7/2/14', '7/1/14']","[1.5715923309326172, 1.684169888496399, 1.2697160243988037, 9.308306694030762, 11.834654808044434]"
"['7/3/14', '7/2/14']","[0.8975238800048828, 2.4270668029785156, 1.0140597820281982, 9.491713523864746, 10.9967622756958]"
"['7/5/14', '7/3/14']","[1.2027941942214966, 2.54243803024292, 0.5745646953582764, 9.74044132232666, 12.00572681427002]"
"['7/6/14', '7/5/14']","[4.439478874206543, 2.877454996109009, 2.8150503635406494, 8.1108980178833, 9.84846305847168]"
"['7/7/14', '7/6/14']","[3.28332781791687, 3.353389024734497, 2.0017616748809814, 8.881394386291504, 12.430331230163574]"
"['7/9/14', '7/7/14']","[3.850220203399658, 2.8752777576446533, 1.1920092105865479, 8.655177116394043, 11.767662048339844]"
"['7/10/14', '7/9/14']","[0.719141960144043, 5.2363362312316895, 1.7814266681671143, 9.497803688049316, 9.74819278717041]"
"['7/11/14', '7/10/14']","[1.4510526657104492, 3.982463836669922, 1.565321683883667, 9.67080020904541, 10.868456840515137]"
"['7/12/14', '7/11/14']","[0.9023865461349487, 3.7547173500061035, 0.8900229930877686, 10.092926025390625, 10.8146333694458]"
"['7/13/14', '7/12/14']","[-0.5146127939224243, 5.307596683502197, 0.69968581199646, 10.757596969604492, 10.3123140335083]"
"['7/18/14', '7/13/14']","[-0.029327034950256348, 4.128787040710449, 0.49051353335380554, 10.446183204650879, 11.064887046813965]"
"['7/19/14', '7/18/14']","[0.46744441986083984, 4.274220943450928, -0.16614654660224915, 10.369231224060059, 11.912327766418457]"
"['7/20/14', '7/19/14']","[2.9827866554260254, 2.655890464782715, -0.10839774459600449, 9.54369831085205, 13.494856834411621]"
"['7/21/14', '7/20/14']","[0.8611867427825928, 4.047840595245361, 2.368089437484741, 10.699027061462402, 11.609624862670898]"
"['7/22/14', '7/21/14']","[1.2203848361968994, 4.474616527557373, 1.8843095302581787, 10.577631950378418, 11.082358360290527]"
"['7/23/14', '7/22/14']","[0.4168062210083008, 4.57916259765625, 1.0744645595550537, 10.893467903137207, 11.569366455078125]"
"['7/24/14', '7/23/14']","[0.8364046812057495, 4.431190490722656, 2.228623628616333, 10.833409309387207, 11.66828441619873]"
"['7/25/14', '7/24/14']","[2.2764856815338135, 4.290186405181885, 2.739718198776245, 10.479159355163574, 11.43326473236084]"
"['7/26/14', '7/25/14']","[1.74576997756958, 5.2890143394470215, 3.333416223526001, 10.818917274475098, 10.531745910644531]"
"['7/27/14', '7/26/14']","[0.46349990367889404, 5.474240779876709, 3.2846992015838623, 11.313918113708496, 10.564812660217285]"
"['7/29/14', '7/27/14']","[2.325105905532837, 5.187236309051514, 3.0141141414642334, 10.754464149475098, 11.446003913879395]"
"['7/30/14', '7/29/14']","[2.012749195098877, 4.387024402618408, 2.15307879447937, 10.78541374206543, 13.710089683532715]"
"['7/31/14', '7/30/14']","[-0.3494091033935547, 5.635153293609619, 1.1399681568145752, 11.62631893157959, 12.812888145446777]"
"['8/1/14', '7/31/14']","[0.7134381532669067, 6.508930206298828, 2.104841470718384, 11.13512134552002, 11.04919719696045]"
"['8/2/14', '8/1/14']","[0.6289331912994385, 4.89922571182251, 1.8319923877716064, 11.56840991973877, 12.242039680480957]"
"['8/3/14', '8/2/14']","[0.7547900676727295, 4.994443416595459, 1.0755650997161865, 11.886428833007812, 13.527922630310059]"
"['8/4/14', '8/3/14']","[-0.10019922256469727, 5.807800769805908, 1.73488450050354, 12.167122840881348, 11.450340270996094]"
"['8/5/14', '8/4/14']","[3.2516584396362305, 3.949307918548584, 1.4621765613555908, 11.141512870788574, 14.958921432495117]"
"['8/6/14', '8/5/14']","[3.37253999710083, 4.073074817657471, 2.1516430377960205, 11.385307312011719, 15.056290626525879]"
"['8/7/14', '8/6/14']","[0.49309325218200684, 6.464957237243652, 3.7488391399383545, 12.27309513092041, 11.32416820526123]"
"['8/8/14', '8/7/14']","[0.3529226779937744, 6.546431541442871, 3.2154767513275146, 12.577601432800293, 11.225855827331543]"
"['8/9/14', '8/8/14']","[1.710740327835083, 3.0030789375305176, 1.5459258556365967, 13.150346755981445, 17.701932907104492]"
"['8/10/14', '8/9/14']","[3.0085697174072266, 2.8653788566589355, 1.509293794631958, 12.510831832885742, 17.813762664794922]"
"['8/11/14', '8/10/14']","[2.0535459518432617, 5.435876369476318, 1.5042188167572021, 12.416016578674316, 14.391582489013672]"
"['8/13/14', '8/11/14']","[1.8689967393875122, 3.0393543243408203, 1.3325445652008057, 13.1455078125, 17.01132583618164]"
"['8/15/14', '8/13/14']","[-0.23751306533813477, 5.562493801116943, 0.5327599048614502, 13.481465339660645, 14.127387046813965]"
"['8/16/14', '8/15/14']","[1.1562089920043945, 7.331421375274658, 3.963120222091675, 12.614768981933594, 11.04892635345459]"
"['8/17/14', '8/16/14']","[-0.5363656282424927, 7.888871192932129, 3.7100088596343994, 13.529168128967285, 11.496424674987793]"
"['8/18/14', '8/17/14']","[2.0803451538085938, 6.170208930969238, 3.243062734603882, 12.390654563903809, 12.565330505371094]"
"['8/19/14', '8/18/14']","[2.5670418739318848, 6.086414337158203, 3.611811876296997, 12.711955070495605, 13.085455894470215]"
"['8/20/14', '8/19/14']","[1.2444818019866943, 6.4841766357421875, 3.1326920986175537, 12.914044380187988, 13.96073055267334]"
"['8/22/14', '8/20/14']","[1.3692455291748047, 7.6034064292907715, 3.8313310146331787, 13.168686866760254, 11.898608207702637]"
"['8/23/14', '8/22/14']","[-0.06636679172515869, 9.170563697814941, 5.3078508377075195, 13.586319923400879, 10.427844047546387]"
"['8/24/14', '8/23/14']","[1.1045167446136475, 8.325411796569824, 5.514754772186279, 13.390257835388184, 11.288722038269043]"
"['8/25/14', '8/24/14']","[0.7813845872879028, 8.157757759094238, 5.793561935424805, 13.42041015625, 10.37246036529541]"
"['8/26/14', '8/25/14']","[0.20179259777069092, 3.9267120361328125, 0.988389253616333, 14.965497016906738, 18.386573791503906]"
"['8/27/14', '8/26/14']","[-0.16297054290771484, 5.649776458740234, 0.9030754566192627, 14.94587230682373, 16.36624526977539]"
"['8/28/14', '8/27/14']","[-0.9995428323745728, 6.878184795379639, 1.605973482131958, 14.816601753234863, 13.408228874206543]"
"['8/29/14', '8/28/14']","[0.004743815399706364, 5.615157127380371, 1.153005838394165, 15.301793098449707, 17.04916763305664]"
"['8/30/14', '8/29/14']","[-1.6037561893463135, 5.66224479675293, 0.24503633379936218, 16.392845153808594, 16.207603454589844]"
"['8/31/14', '8/30/14']","[0.4796631336212158, 5.763969421386719, 1.492767572402954, 15.328473091125488, 15.441523551940918]"
"['9/1/14', '8/31/14']","[3.104495048522949, 2.3529927730560303, 0.2222883403301239, 15.19550609588623, 22.239038467407227]"
"['9/2/14', '9/1/14']","[-1.2789169549942017, 6.388690948486328, 1.0888817310333252, 16.099082946777344, 15.197396278381348]"
"['9/3/14', '9/2/14']","[0.623666524887085, 5.734765529632568, 1.7780649662017822, 15.384343147277832, 16.134502410888672]"
"['9/4/14', '9/3/14']","[-0.5141867399215698, 5.341977119445801, 0.8103430271148682, 16.08643341064453, 16.835865020751953]"
"['9/5/14', '9/4/14']","[1.4933260679244995, 4.419441223144531, 0.8647758960723877, 15.743618965148926, 18.689102172851562]"
"['9/6/14', '9/5/14']","[1.577987790107727, 7.825366497039795, 4.558145523071289, 14.12415599822998, 14.356744766235352]"
"['9/7/14', '9/6/14']","[1.3281354904174805, 8.387438774108887, 5.660416603088379, 14.746825218200684, 12.378534317016602]"
"['9/8/14', '9/7/14']","[3.122549057006836, 7.264679908752441, 5.219867706298828, 14.654043197631836, 15.459906578063965]"
"['9/9/14', '9/8/14']","[1.267673134803772, 8.467442512512207, 5.314338684082031, 14.897642135620117, 13.891413688659668]"
"['9/10/14', '9/9/14']","[2.5619044303894043, 8.725406646728516, 5.26899528503418, 14.788201332092285, 14.055865287780762]"
"['9/12/14', '9/10/14']","[4.78891658782959, 6.513023853302002, 5.7947540283203125, 14.516886711120605, 16.33507537841797]"
"['9/13/14', '9/12/14']","[0.03254961967468262, 6.2146711349487305, 1.6169607639312744, 16.70448112487793, 17.315570831298828]"
"['9/14/14', '9/13/14']","[-1.7175817489624023, 7.964200019836426, 0.616811990737915, 17.13442611694336, 16.897720336914062]"
"['9/15/14', '9/14/14']","[0.00698936078697443, 7.104424953460693, 1.529435396194458, 16.827117919921875, 16.962352752685547]"
"['9/16/14', '9/15/14']","[1.33718740940094, 6.4484076499938965, 1.4457142353057861, 16.158891677856445, 18.041378021240234]"
"['9/17/14', '9/16/14']","[-1.9657025337219238, 7.27416467666626, 1.1451246738433838, 17.97455596923828, 17.650789260864258]"
"['9/19/14', '9/17/14']","[-0.6502326726913452, 6.5571675300598145, 1.099519968032837, 17.477462768554688, 18.667747497558594]"
"['9/20/14', '9/19/14']","[-0.8302832841873169, 7.010260581970215, 0.7034170627593994, 17.849225997924805, 17.66817855834961]"
"['9/21/14', '9/20/14']","[-1.3234655857086182, 6.192347526550293, -0.19819238781929016, 18.868202209472656, 19.179744720458984]"
"['9/22/14', '9/21/14']","[-0.16157305240631104, 6.906628608703613, 0.28078100085258484, 18.066158294677734, 17.36715316772461]"
"['9/23/14', '9/22/14']","[0.5703943967819214, 9.569748878479004, 5.358128547668457, 16.961828231811523, 14.693740844726562]"
"['9/24/14', '9/23/14']","[4.710471153259277, 7.129968643188477, 4.1797919273376465, 15.5960054397583, 17.666187286376953]"
"['9/25/14', '9/24/14']","[3.163025379180908, 7.196381092071533, 3.336792230606079, 16.667146682739258, 19.84465789794922]"
"['9/26/14', '9/25/14']","[1.4463342428207397, 8.927489280700684, 5.620392799377441, 16.818462371826172, 15.25352954864502]"
"['9/27/14', '9/26/14']","[1.9820044040679932, 9.145540237426758, 6.123631477355957, 16.516220092773438, 15.752243041992188]"
"['9/28/14', '9/27/14']","[0.09784150123596191, 9.598194122314453, 5.342145919799805, 17.207542419433594, 15.721869468688965]"
"['10/2/14', '9/28/14']","[-0.28281617164611816, 10.026813507080078, 3.9580891132354736, 17.492740631103516, 16.246692657470703]"
"['10/3/14', '10/2/14']","[5.088861465454102, -4.994504451751709, 0.803878903388977, -0.36717942357063293, 5.872325420379639]"
"['10/5/14', '10/3/14']","[4.261240482330322, -2.88696551322937, 0.5485963821411133, -0.5822461843490601, 3.3959295749664307]"
"['10/10/14', '10/5/14']","[2.339219570159912, -1.0527622699737549, 0.6215760707855225, -0.3714151978492737, 0.9631502628326416]"
"['10/11/14', '10/10/14']","[4.5866498947143555, -2.679851770401001, 1.0591545104980469, -0.8775885701179504, 3.7724649906158447]"
"['10/14/14', '10/11/14']","[4.552542209625244, -2.1768798828125, 1.1572299003601074, -1.2863398790359497, 2.4358835220336914]"
"['10/15/14', '10/14/14']","[1.6670401096343994, -1.3230514526367188, 0.13522137701511383, -0.17252860963344574, 1.5886099338531494]"
"['3/4/15', '3/3/15']","[2.934788227081299, -1.5674606561660767, 1.648367166519165, -0.3212355077266693, 1.3479613065719604]"
"['3/5/15', '3/4/15']","[3.50738525390625, -2.2275426387786865, 0.8625530004501343, -0.6653250455856323, 3.0914430618286133]"
"['3/6/15', '3/5/15']","[1.8896348476409912, -2.0496320724487305, 0.1572500467300415, 0.3554147779941559, 2.7430062294006348]"
"['3/7/15', '3/6/15']","[2.098733901977539, -1.4401767253875732, 0.05394803732633591, 0.18368807435035706, 2.820876359939575]"
"['3/8/15', '3/7/15']","[2.6278672218322754, -1.5179165601730347, 0.5351831912994385, 0.1964774876832962, 2.396576166152954]"
"['3/9/15', '3/8/15']","[2.965627431869507, -1.3161448240280151, 0.6712963581085205, -0.10748737305402756, 1.240340232849121]"
"['3/10/15', '3/9/15']","[3.108820676803589, -1.1051300764083862, 1.1194863319396973, -0.38996511697769165, 1.5080000162124634]"
"['3/11/15', '3/10/15']","[3.143521308898926, -1.3665425777435303, 0.8168444633483887, 0.29135751724243164, 2.644270420074463]"
"['3/12/15', '3/11/15']","[1.8993661403656006, -0.6937123537063599, 0.6059397459030151, 0.9086689949035645, 3.0682544708251953]"
"['3/13/15', '3/12/15']","[3.2468671798706055, -1.28248131275177, 1.3099604845046997, 0.6842886805534363, 2.3797788619995117]"
"['3/14/15', '3/13/15']","[3.6663506031036377, -2.321521520614624, 1.240713357925415, 0.41103872656822205, 3.9866344928741455]"
"['3/15/15', '3/14/15']","[1.7438175678253174, -0.2993147671222687, 1.1669626235961914, 0.7454803586006165, 1.2432441711425781]"
"['3/16/15', '3/15/15']","[3.877950668334961, -1.3916188478469849, 0.7750735878944397, 0.8028958439826965, 3.51784086227417]"
"['3/17/15', '3/16/15']","[5.607940673828125, -4.250425815582275, -1.4823007583618164, 1.0892343521118164, 8.74848747253418]"
"['3/18/15', '3/17/15']","[3.8800110816955566, -2.0936343669891357, 0.8239037990570068, 0.5821362733840942, 5.815064907073975]"
"['3/19/15', '3/18/15']","[3.6360816955566406, -1.9391140937805176, -0.020596764981746674, 0.6750974655151367, 4.392848491668701]"
"['3/20/15', '3/19/15']","[4.293447971343994, -1.7792844772338867, 2.1158173084259033, 0.7714723944664001, 3.4380226135253906]"
"['3/21/15', '3/20/15']","[4.125250816345215, -2.836437702178955, -0.04193403571844101, 1.4794301986694336, 7.025761127471924]"
"['3/22/15', '3/21/15']","[4.054747104644775, -1.6709856986999512, 0.4108123779296875, 1.0129919052124023, 4.80756950378418]"
"['3/24/15', '3/22/15']","[4.303838729858398, -1.2580835819244385, 2.5176775455474854, 0.8959941864013672, 3.108041286468506]"
"['3/25/15', '3/24/15']","[4.671757221221924, -2.7031681537628174, -0.9899462461471558, 1.4107329845428467, 8.198686599731445]"
"['3/26/15', '3/25/15']","[1.297132968902588, 0.7867656946182251, 1.4265737533569336, 2.028639078140259, 2.6105544567108154]"
"['3/28/15', '3/26/15']","[1.802457571029663, 0.10798045247793198, 1.633117437362671, 2.9348723888397217, 3.4190456867218018]"
"['3/29/15', '3/28/15']","[3.127655506134033, -1.401776909828186, -0.14820578694343567, 2.9661953449249268, 5.840644359588623]"
"['3/31/15', '3/29/15']","[4.469241142272949, -1.7907518148422241, 1.0919573307037354, 1.6647844314575195, 5.6198506355285645]"
"['4/2/15', '3/31/15']","[1.5303314924240112, 0.03192425146698952, 1.2843785285949707, 2.705568313598633, 5.120123863220215]"
"['4/3/15', '4/2/15']","[4.321612358093262, -1.2458090782165527, 1.9671003818511963, 2.443850517272949, 5.529114723205566]"
"['4/4/15', '4/3/15']","[1.9072251319885254, 0.4372520446777344, 1.8178627490997314, 3.428980827331543, 3.858640193939209]"
"['4/6/15', '4/4/15']","[3.983945846557617, -1.3016610145568848, 2.087460517883301, 2.277688980102539, 5.084598541259766]"
"['4/7/15', '4/6/15']","[3.9216251373291016, -2.9503374099731445, 0.6143068075180054, -0.9440624117851257, 2.7713022232055664]"
"['4/8/15', '4/7/15']","[1.7078654766082764, -2.054596424102783, -0.37990912795066833, 0.14055272936820984, 2.8539879322052]"
"['4/10/15', '4/8/15']","[2.0316221714019775, -0.5248793363571167, 1.625269889831543, -0.13518188893795013, -0.6011570692062378]"
"['4/11/15', '4/10/15']","[4.992226600646973, -2.756092071533203, 1.0955076217651367, -1.0438897609710693, 4.74995231628418]"
"['4/12/15', '4/11/15']","[2.464505672454834, -2.6240463256835938, 0.5952314138412476, 0.13766047358512878, 3.4040167331695557]"
"['4/13/15', '4/12/15']","[2.8922672271728516, -2.063896417617798, -0.028689369559288025, 0.1394578367471695, 3.847813606262207]"
"['4/14/15', '4/13/15']","[2.682563304901123, -1.527904748916626, 0.08952576667070389, 0.41196179389953613, 3.5147666931152344]"
"['4/15/15', '4/14/15']","[1.7602243423461914, -1.3525400161743164, 0.829405665397644, 0.9140172004699707, 2.9196815490722656]"
"['4/17/15', '4/15/15']","[4.3478193283081055, -2.695427656173706, 0.5286533832550049, 0.2579801380634308, 4.818317413330078]"
"['4/18/15', '4/17/15']","[2.4809727668762207, -1.1334558725357056, 0.3307889401912689, 0.08974580466747284, 1.7181992530822754]"
"['4/19/15', '4/18/15']","[3.92976450920105, -1.9957611560821533, -0.4886630177497864, 0.03168864548206329, 4.336392879486084]"
"['4/20/15', '4/19/15']","[5.24997615814209, -2.817075252532959, 0.017754681408405304, -0.28056594729423523, 4.900723934173584]"
"['4/21/15', '4/20/15']","[2.484342098236084, -0.8218890428543091, 1.7026430368423462, 0.5814580321311951, 1.303663730621338]"
"['4/22/15', '4/21/15']","[5.411819934844971, -3.133953094482422, 1.9424585103988647, 0.17474621534347534, 5.677920818328857]"
"['4/23/15', '4/22/15']","[1.996026873588562, -0.8852589130401611, 0.8345755934715271, 1.1453135013580322, 2.861489772796631]"
"['4/24/15', '4/23/15']","[2.9577183723449707, -1.564895749092102, 0.5087363719940186, 1.132645845413208, 3.785299062728882]"
"['4/25/15', '4/24/15']","[3.732361078262329, -1.8444479703903198, 0.35048189759254456, 0.5894149541854858, 6.05137825012207]"
"['4/26/15', '4/25/15']","[4.010566711425781, -1.7920557260513306, 0.4484204947948456, 0.7718715071678162, 5.330690383911133]"
"['4/29/15', '4/26/15']","[5.858301639556885, -5.135482311248779, 0.44121238589286804, 1.4689242839813232, 10.873525619506836]"
"['5/1/15', '4/29/15']","[2.091813802719116, -1.5676186084747314, 1.3878252506256104, 2.0302183628082275, 5.221652030944824]"
"['5/2/15', '5/1/15']","[0.3242909908294678, 1.0729833841323853, 0.9055420160293579, 2.3259336948394775, 1.9753817319869995]"
"['5/3/15', '5/2/15']","[2.383972406387329, -0.926750123500824, 0.7320423126220703, 1.7825779914855957, 4.583977222442627]"
"['5/5/15', '5/3/15']","[2.78757643699646, -0.965795636177063, 0.511249303817749, 1.896195650100708, 5.306708812713623]"
"['5/6/15', '5/5/15']","[2.952725410461426, -0.4584430754184723, 0.9273331165313721, 1.9011857509613037, 3.631434440612793]"
"['5/7/15', '5/6/15']","[3.322822093963623, -0.4653488099575043, 1.4844536781311035, 1.7921336889266968, 2.8348021507263184]"
"['5/8/15', '5/7/15']","[2.8070178031921387, -0.8749542832374573, 0.3424697816371918, 2.441648006439209, 5.527984142303467]"
"['5/9/15', '5/8/15']","[2.8057861328125, -1.3108102083206177, -0.14968791604042053, 2.7252862453460693, 6.357669353485107]"
"['5/10/15', '5/9/15']","[2.6289446353912354, -0.9594586491584778, 0.202152818441391, 2.9399678707122803, 5.843357086181641]"
"['5/11/15', '5/10/15']","[4.084153175354004, -0.5589914321899414, 2.1878161430358887, 2.3001458644866943, 3.2074451446533203]"
"['5/12/15', '5/11/15']","[3.2539291381835938, -0.6199024319648743, 1.6383576393127441, 2.684910535812378, 4.7926411628723145]"
"['5/13/15', '5/12/15']","[3.093569755554199, 0.5638405680656433, 2.228999137878418, 2.286699056625366, 3.410848379135132]"
"['5/15/15', '5/13/15']","[3.0705692768096924, -1.2363463640213013, 1.36082124710083, 2.9810056686401367, 6.474761486053467]"
"['5/16/15', '5/15/15']","[1.6231987476348877, 0.9031890630722046, 1.5094609260559082, 3.0690629482269287, 4.153011798858643]"
"['5/17/15', '5/16/15']","[2.480656862258911, 1.4269770383834839, 1.1066893339157104, 2.6829640865325928, 3.650428295135498]"
"['5/19/15', '5/17/15']","[2.3679089546203613, 0.061875130981206894, 1.4391323328018188, 3.2727854251861572, 5.503921031951904]"
"['5/20/15', '5/19/15']","[3.8629398345947266, -1.6517678499221802, 1.5854551792144775, 3.6377158164978027, 8.10538101196289]"
"['5/21/15', '5/20/15']","[3.8334083557128906, 0.13306866586208344, 1.4339556694030762, 2.9375321865081787, 6.113753795623779]"
"['5/22/15', '5/21/15']","[3.037229061126709, 0.028038524091243744, 1.4572645425796509, 3.6180508136749268, 5.406102657318115]"
"['5/23/15', '5/22/15']","[3.687854766845703, -0.28896254301071167, 2.047300100326538, 3.862823247909546, 8.100531578063965]"
"['5/24/15', '5/23/15']","[2.9566476345062256, 1.651565670967102, 3.083963632583618, 3.593933343887329, 2.882514476776123]"
"['5/25/15', '5/24/15']","[2.17366099357605, 1.2527978420257568, 1.9783549308776855, 4.0101165771484375, 5.2914252281188965]"
"['5/26/15', '5/25/15']","[4.8692731857299805, 0.2494131624698639, 2.2914559841156006, 3.1770944595336914, 6.571199417114258]"
"['5/27/15', '5/26/15']","[2.5465471744537354, 1.8083454370498657, 1.658642292022705, 3.792818784713745, 5.863595962524414]"
"['5/28/15', '5/27/15']","[3.4654481410980225, 0.6910496354103088, 1.1559975147247314, 4.108769416809082, 8.253779411315918]"
"['5/29/15', '5/28/15']","[2.9636735916137695, -0.4674771726131439, 1.0997734069824219, 4.487017631530762, 8.582961082458496]"
"['5/30/15', '5/29/15']","[1.2893657684326172, 1.5802335739135742, 1.3002231121063232, 4.793026924133301, 5.4411091804504395]"
"['5/31/15', '5/30/15']","[1.419645071029663, 2.1407690048217773, 1.1842353343963623, 4.557906150817871, 4.582047939300537]"
"['6/1/15', '5/31/15']","[4.509336948394775, 0.6126161813735962, 2.557648181915283, 4.322658538818359, 7.027790546417236]"
"['6/2/15', '6/1/15']","[1.1688638925552368, 1.3372052907943726, 0.4512037932872772, 5.687320709228516, 7.079709053039551]"
"['6/3/15', '6/2/15']","[1.0811712741851807, 1.5658015012741089, 0.6222972869873047, 5.929293632507324, 7.1698174476623535]"
"['6/4/15', '6/3/15']","[-0.5060845613479614, 2.6264102458953857, 0.5772140026092529, 6.486556053161621, 5.284801006317139]"
"['6/5/15', '6/4/15']","[-0.035571932792663574, 2.4277968406677246, 0.03631756454706192, 6.484086513519287, 6.316612243652344]"
"['6/6/15', '6/5/15']","[2.8357532024383545, 0.9106164574623108, 0.9837198257446289, 5.233946800231934, 7.75327730178833]"
"['6/7/15', '6/6/15']","[1.790893316268921, 2.3349244594573975, 1.9270222187042236, 5.622118949890137, 5.15430212020874]"
"['6/9/15', '6/7/15']","[2.3289244174957275, 1.4100348949432373, 1.0201468467712402, 6.053441524505615, 7.9762959480285645]"
"['6/10/15', '6/9/15']","[0.06796085834503174, 3.272958517074585, 0.714869499206543, 6.662810325622559, 6.200824737548828]"
"['6/11/15', '6/10/15']","[2.015984535217285, 1.7661879062652588, 1.2767465114593506, 6.409344673156738, 7.961788654327393]"
"['6/12/15', '6/11/15']","[2.498073101043701, 1.0237902402877808, 1.192873477935791, 6.416910171508789, 9.002735137939453]"
"['6/13/15', '6/12/15']","[5.649101257324219, -1.2911124229431152, 2.4000885486602783, 5.276784420013428, 11.47243881225586]"
"['6/14/15', '6/13/15']","[5.378772258758545, -0.6670786142349243, 1.8469130992889404, 5.371386528015137, 11.344175338745117]"
"['6/15/15', '6/14/15']","[1.7543776035308838, 2.5785412788391113, 1.0855307579040527, 6.351644039154053, 7.713235378265381]"
"['6/16/15', '6/15/15']","[1.0073139667510986, 1.2787339687347412, 1.2347300052642822, 7.363794803619385, 7.238738059997559]"
"['6/17/15', '6/16/15']","[3.5033953189849854, -3.259077548980713, 0.20726844668388367, 7.78013801574707, 14.675297737121582]"
"['6/18/15', '6/17/15']","[2.7887935638427734, 2.349121332168579, 3.5272090435028076, 6.626555442810059, 7.28806209564209]"
"['6/19/15', '6/18/15']","[2.703160047531128, 3.2206568717956543, 4.578744888305664, 6.324436664581299, 4.482008457183838]"
"['6/20/15', '6/19/15']","[1.9717001914978027, 1.9652341604232788, 2.311950445175171, 6.890617370605469, 8.168118476867676]"
"['6/21/15', '6/20/15']","[2.355297327041626, 1.715311050415039, 1.3022596836090088, 7.118411064147949, 9.736092567443848]"
"['6/23/15', '6/21/15']","[4.085873126983643, 0.12173327803611755, 1.0357921123504639, 7.104743003845215, 12.472589492797852]"
"['6/24/15', '6/23/15']","[1.7161014080047607, 3.2470407485961914, 1.5691301822662354, 7.546941757202148, 8.844789505004883]"
"['6/25/15', '6/24/15']","[2.519542694091797, 3.5429582595825195, 3.6301863193511963, 6.922453880310059, 6.13939905166626]"
"['6/26/15', '6/25/15']","[4.287290573120117, 1.6364011764526367, 2.802650213241577, 6.891718864440918, 10.158526420593262]"
"['6/28/15', '6/26/15']","[2.152862071990967, 2.3557324409484863, 0.9271180629730225, 7.727060317993164, 9.2501802444458]"
"['6/29/15', '6/28/15']","[0.2547886371612549, 1.8396227359771729, 0.2328488528728485, 9.10428524017334, 10.881383895874023]"
"['6/30/15', '6/29/15']","[1.5009351968765259, 4.1068830490112305, 1.0805127620697021, 7.962648391723633, 8.480588912963867]"
"['7/1/15', '6/30/15']","[2.177377223968506, 2.530313491821289, 1.0541884899139404, 8.016166687011719, 10.353765487670898]"
"['7/2/15', '7/1/15']","[0.6278265118598938, 3.0519771575927734, 0.9042222499847412, 8.577157974243164, 10.010980606079102]"
"['7/3/15', '7/2/15']","[0.3127387762069702, 4.178110122680664, 2.407684564590454, 8.291136741638184, 7.46245813369751]"
"['7/4/15', '7/3/15']","[1.9825310707092285, 4.0453410148620605, 3.2455854415893555, 7.752445220947266, 7.230353832244873]"
"['7/5/15', '7/4/15']","[2.1455795764923096, 3.7295148372650146, 3.2190423011779785, 8.160943031311035, 8.253778457641602]"
"['7/6/15', '7/5/15']","[2.502549648284912, 2.3896687030792236, 1.9698312282562256, 8.229618072509766, 10.373109817504883]"
"['7/7/15', '7/6/15']","[2.616572380065918, 3.247892379760742, 1.8355886936187744, 8.121889114379883, 9.34653091430664]"
"['7/8/15', '7/7/15']","[2.3296682834625244, 3.477792739868164, 2.6570684909820557, 8.794257164001465, 9.773695945739746]"
"['7/10/15', '7/8/15']","[1.689193606376648, 3.343566417694092, 1.507930040359497, 9.003032684326172, 10.624140739440918]"
"['7/11/15', '7/10/15']","[2.1064770221710205, 3.6844124794006348, 1.920889139175415, 8.6466646194458, 10.276076316833496]"
"['7/12/15', '7/11/15']","[2.5640764236450195, 3.8387629985809326, 2.1880199909210205, 8.570921897888184, 10.468214988708496]"
"['7/17/15', '7/12/15']","[0.27598434686660767, 5.286170959472656, 2.3938004970550537, 9.44487476348877, 8.41593074798584]"
"['7/18/15', '7/17/15']","[2.3460745811462402, 2.8816277980804443, 1.9713566303253174, 9.218420028686523, 11.325057029724121]"
"['7/19/15', '7/18/15']","[1.101759672164917, 4.307168483734131, 2.092820405960083, 9.82264232635498, 8.62979507446289]"
"['7/21/15', '7/19/15']","[4.244443416595459, 1.9545156955718994, 1.5769555568695068, 9.400446891784668, 14.138337135314941]"
"['7/22/15', '7/21/15']","[2.0479941368103027, 3.522171974182129, 1.9212067127227783, 9.924710273742676, 11.445432662963867]"
"['7/23/15', '7/22/15']","[1.1339147090911865, 3.833813190460205, 1.6143534183502197, 10.288371086120605, 10.326720237731934]"
"['7/24/15', '7/23/15']","[2.3531007766723633, 3.4710347652435303, 2.24101185798645, 9.90160083770752, 10.791792869567871]"
"['7/25/15', '7/24/15']","[1.2653472423553467, 4.665173530578613, 3.6691129207611084, 10.293060302734375, 8.375054359436035]"
"['7/26/15', '7/25/15']","[-0.04952573776245117, 4.003953456878662, 1.4918010234832764, 10.750529289245605, 11.351849555969238]"
"['7/27/15', '7/26/15']","[1.8821099996566772, 3.899209976196289, 2.5270116329193115, 10.599794387817383, 11.245585441589355]"
"['7/28/15', '7/27/15']","[0.8857908248901367, 4.702056407928467, 1.8558638095855713, 10.931474685668945, 10.377551078796387]"
"['7/29/15', '7/28/15']","[1.0246927738189697, 3.1473610401153564, 1.3249924182891846, 11.5049409866333, 13.244420051574707]"
"['7/30/15', '7/29/15']","[-1.8312792778015137, 5.368550777435303, 1.066481351852417, 12.315917015075684, 11.1571683883667]"
"['7/31/15', '7/30/15']","[2.607675075531006, 3.8946926593780518, 2.06347393989563, 11.222302436828613, 13.602439880371094]"
"['8/1/15', '7/31/15']","[4.308677673339844, 2.8593671321868896, 3.066293478012085, 10.56347942352295, 13.31921672821045]"
"['8/2/15', '8/1/15']","[1.0617307424545288, 4.22166633605957, 2.1146481037139893, 11.900774955749512, 12.688675880432129]"
"['8/3/15', '8/2/15']","[0.285297155380249, 5.832251071929932, 2.289846181869507, 11.226604461669922, 9.9273099899292]"
"['8/4/15', '8/3/15']","[2.651472568511963, 4.241379737854004, 2.9759624004364014, 11.030303001403809, 12.423554420471191]"
"['8/5/15', '8/4/15']","[1.0539673566818237, 6.400027275085449, 4.265845775604248, 11.421734809875488, 8.649765968322754]"
"['8/7/15', '8/5/15']","[1.6202274560928345, 5.054805278778076, 2.8677704334259033, 11.819575309753418, 12.271395683288574]"
"['8/8/15', '8/7/15']","[3.0838003158569336, 3.736165761947632, 2.4220383167266846, 10.972834587097168, 13.671917915344238]"
"['8/9/15', '8/8/15']","[1.919589877128601, 4.2686357498168945, 1.9198229312896729, 11.271505355834961, 12.563078880310059]"
"['8/10/15', '8/9/15']","[1.7793666124343872, 4.846334934234619, 2.58415150642395, 11.87463092803955, 12.580482482910156]"
"['8/11/15', '8/10/15']","[0.42244529724121094, 6.347309589385986, 3.513148069381714, 12.168167114257812, 10.431920051574707]"
"['8/12/15', '8/11/15']","[2.073160171508789, 5.189610004425049, 4.591976642608643, 12.220749855041504, 11.90494441986084]"
"['8/14/15', '8/12/15']","[-1.170061469078064, 7.351121425628662, 3.7035958766937256, 13.03165340423584, 9.221539497375488]"
"['8/15/15', '8/14/15']","[4.597683906555176, 3.1747701168060303, 2.8827083110809326, 12.313313484191895, 14.908805847167969]"
"['8/16/15', '8/15/15']","[0.8976539373397827, 4.8836541175842285, 1.7128641605377197, 12.985568046569824, 12.058073997497559]"
"['8/17/15', '8/16/15']","[5.203765392303467, -0.13158701360225677, 1.9567763805389404, 13.153393745422363, 20.63275909423828]"
"['8/18/15', '8/17/15']","[-1.0064603090286255, 5.254604816436768, 1.309631586074829, 13.916069984436035, 13.144220352172852]"
"['8/19/15', '8/18/15']","[0.7345825433731079, 6.240733623504639, 3.1250855922698975, 12.697783470153809, 12.271260261535645]"
"['8/20/15', '8/19/15']","[1.8792279958724976, 5.443418979644775, 2.632150411605835, 12.740843772888184, 13.988676071166992]"
"['8/21/15', '8/20/15']","[2.0212607383728027, 6.753593444824219, 2.6760971546173096, 12.739324569702148, 13.126740455627441]"
"['8/22/15', '8/21/15']","[0.8063908815383911, 6.309471607208252, 2.4803998470306396, 13.306293487548828, 12.984114646911621]"
"['8/23/15', '8/22/15']","[0.5216424465179443, 6.560911178588867, 2.7482311725616455, 13.367283821105957, 12.972476959228516]"
"['8/24/15', '8/23/15']","[1.4012876749038696, 6.2947564125061035, 4.461516857147217, 13.179337501525879, 12.410436630249023]"
"['8/25/15', '8/24/15']","[0.8357206583023071, 5.320148944854736, 1.5677969455718994, 13.707337379455566, 14.792317390441895]"
"['8/26/15', '8/25/15']","[0.18442440032958984, 5.867134094238281, 1.2738659381866455, 13.684657096862793, 13.728034019470215]"
"['8/27/15', '8/26/15']","[3.35334849357605, 3.855130434036255, 0.6954891681671143, 13.128107070922852, 16.527076721191406]"
"['8/28/15', '8/27/15']","[2.116576671600342, 4.791621208190918, 2.164536714553833, 13.539992332458496, 14.979965209960938]"
"['8/29/15', '8/28/15']","[0.9224754571914673, 6.516476631164551, 3.759052038192749, 13.909448623657227, 12.086533546447754]"
"['8/30/15', '8/29/15']","[1.9615201950073242, 5.7259979248046875, 2.544316053390503, 13.722736358642578, 14.525900840759277]"
"['8/31/15', '8/30/15']","[0.7588678598403931, 6.676570892333984, 3.8300302028656006, 14.217917442321777, 12.36864185333252]"
"['9/1/15', '8/31/15']","[0.13023102283477783, 7.686054706573486, 3.8248140811920166, 14.432391166687012, 12.573572158813477]"
"['9/2/15', '9/1/15']","[0.06346440315246582, 8.196686744689941, 3.161036252975464, 14.686156272888184, 12.446218490600586]"
"['9/4/15', '9/2/15']","[2.165888786315918, 5.826977252960205, 3.8019073009490967, 14.315611839294434, 14.662613868713379]"
"['9/5/15', '9/4/15']","[0.5103263854980469, 5.079134464263916, 0.6482880115509033, 15.51977252960205, 17.851253509521484]"
"['9/6/15', '9/5/15']","[-0.8118034601211548, 7.133050918579102, 2.129486322402954, 15.618614196777344, 13.824005126953125]"
"['9/7/15', '9/6/15']","[0.6499037742614746, 5.712685585021973, 2.169718027114868, 15.350666999816895, 15.984094619750977]"
"['9/8/15', '9/7/15']","[1.6154698133468628, 5.4818572998046875, 2.2335150241851807, 15.345917701721191, 15.916396141052246]"
"['9/9/15', '9/8/15']","[1.1138170957565308, 6.415917873382568, 2.0469343662261963, 15.002030372619629, 14.265271186828613]"
"['9/11/15', '9/9/15']","[-0.7547239065170288, 6.663722515106201, 1.3287851810455322, 16.031490325927734, 14.880154609680176]"
"['9/12/15', '9/11/15']","[2.9721412658691406, 4.761334419250488, 3.4764034748077393, 14.636408805847168, 20.03502655029297]"
"['9/13/15', '9/12/15']","[1.7366846799850464, 8.055035591125488, 4.100894451141357, 14.675572395324707, 15.886914253234863]"
"['9/14/15', '9/13/15']","[2.364410877227783, 6.390058517456055, 3.6277482509613037, 14.757315635681152, 17.949398040771484]"
"['9/15/15', '9/14/15']","[-1.558241367340088, 8.659417152404785, 2.8664839267730713, 16.666179656982422, 13.590336799621582]"
"['9/16/15', '9/15/15']","[1.1401413679122925, 7.649882793426514, 3.783804178237915, 16.071765899658203, 14.168938636779785]"
"['9/17/15', '9/16/15']","[1.0175971984863281, 8.350534439086914, 3.590568780899048, 15.599457740783691, 13.76785945892334]"
"['9/18/15', '9/17/15']","[0.25310397148132324, 7.830971717834473, 4.260638236999512, 16.204675674438477, 13.745535850524902]"
"['9/19/15', '9/18/15']","[1.4448633193969727, 7.170502185821533, 4.679509162902832, 16.18196678161621, 14.997208595275879]"
"['9/20/15', '9/19/15']","[0.2125086784362793, 7.959387302398682, 3.136052370071411, 16.24278450012207, 14.737021446228027]"
"['9/22/15', '9/20/15']","[0.20568788051605225, 7.494814872741699, 3.5330212116241455, 17.041015625, 16.70083999633789]"
"['9/23/15', '9/22/15']","[-1.8186750411987305, 8.943224906921387, 3.180924654006958, 17.499252319335938, 14.176163673400879]"
"['9/24/15', '9/23/15']","[0.4355052709579468, 8.160201072692871, 3.259577989578247, 16.852081298828125, 14.840028762817383]"
"['9/25/15', '9/24/15']","[-0.06613326072692871, 8.01107120513916, 2.1282904148101807, 17.082420349121094, 17.054710388183594]"
"['9/26/15', '9/25/15']","[-0.8787052631378174, 9.897905349731445, 4.877532005310059, 17.34157943725586, 12.535365104675293]"
"['9/27/15', '9/26/15']","[-1.2161911725997925, 9.828766822814941, 4.124022483825684, 17.43697738647461, 13.327643394470215]"
"['9/28/15', '9/27/15']","[-0.11182081699371338, 9.170038223266602, 4.493105888366699, 17.201839447021484, 13.547173500061035]"
"['9/30/15', '9/28/15']","[0.7471010684967041, 9.29071044921875, 4.145237922668457, 16.592864990234375, 15.71737003326416]"
"['10/1/15', '9/30/15']","[2.17372989654541, 7.586524486541748, 4.93027400970459, 16.704914093017578, 17.7101993560791]"
"['10/3/15', '10/1/15']","[1.8664401769638062, 8.178391456604004, 4.6067914962768555, 16.800989151000977, 17.508941650390625]"
"['10/4/15', '10/3/15']","[0.022018909454345703, 9.379570960998535, 3.812734842300415, 18.136449813842773, 16.15020751953125]"
"['3/4/16', '3/3/16']","[4.174877643585205, -2.6875505447387695, 2.3753440380096436, -0.747338593006134, 2.6327381134033203]"
"['3/5/16', '3/4/16']","[2.417881488800049, -1.8490850925445557, -0.1153678148984909, 0.060187406837940216, 3.0076944828033447]"
"['3/6/16', '3/5/16']","[4.074662208557129, -1.957970380783081, 1.6018877029418945, -0.3842012882232666, 2.9309041500091553]"
"['3/7/16', '3/6/16']","[4.8852410316467285, -2.5790672302246094, 1.5389758348464966, 0.02861563116312027, 3.5872204303741455]"
"['3/8/16', '3/7/16']","[2.4104983806610107, 0.05614563450217247, 1.6266825199127197, -0.3499155640602112, 0.443112313747406]"
"['3/9/16', '3/8/16']","[3.641141653060913, -0.5355081558227539, 0.8626704812049866, -0.1459299474954605, 2.881631374359131]"
"['3/11/16', '3/9/16']","[3.8504884243011475, -2.0718464851379395, 1.5144710540771484, 0.5521996021270752, 2.973722219467163]"
"['3/12/16', '3/11/16']","[2.2053911685943604, -0.7449043393135071, 1.870537281036377, 1.1857876777648926, 1.5588150024414062]"
"['3/13/16', '3/12/16']","[3.6283504962921143, -2.5263969898223877, 1.0909515619277954, 0.4409526586532593, 4.867420673370361]"
"['3/14/16', '3/13/16']","[3.450066328048706, -1.9566539525985718, 1.859127402305603, 1.1478246450424194, 3.5059361457824707]"
"['3/16/16', '3/14/16']","[4.8366618156433105, -1.8876783847808838, 1.610217571258545, 0.4632933735847473, 4.201667308807373]"
"['3/17/16', '3/16/16']","[1.5937892198562622, -1.3929078578948975, 0.30500921607017517, 2.1998865604400635, 5.364442348480225]"
"['3/18/16', '3/17/16']","[2.5757579803466797, -0.744413435459137, 0.9946202635765076, 1.2005236148834229, 3.7575583457946777]"
"['3/23/16', '3/18/16']","[4.555940628051758, -3.1426188945770264, -0.22033262252807617, 1.1559603214263916, 6.416189193725586]"
"['3/24/16', '3/23/16']","[4.208286762237549, -1.5096575021743774, 1.6036585569381714, 1.5617116689682007, 4.071071147918701]"
"['3/25/16', '3/24/16']","[5.103321075439453, -1.8152387142181396, 1.0910484790802002, 1.2019984722137451, 5.295938014984131]"
"['3/26/16', '3/25/16']","[4.065136909484863, -2.201268196105957, 1.1525272130966187, 2.090837001800537, 6.446020603179932]"
"['3/27/16', '3/26/16']","[7.793186664581299, -4.893608093261719, 1.4389208555221558, 1.2696865797042847, 10.371073722839355]"
"['3/28/16', '3/27/16']","[4.158987522125244, -0.7209671139717102, 1.7776679992675781, 1.7614164352416992, 3.927665948867798]"
"['3/30/16', '3/28/16']","[4.295514106750488, -0.7392904162406921, 1.3398202657699585, 1.672953486442566, 3.813167095184326]"
"['3/31/16', '3/30/16']","[0.6304311752319336, 1.7280080318450928, 0.9372162818908691, 2.905565023422241, 3.0353994369506836]"
"['4/1/16', '3/31/16']","[1.1108851432800293, -0.8398300409317017, 0.21226641535758972, 3.8017518520355225, 5.730050563812256]"
"['4/4/16', '4/1/16']","[3.7131404876708984, -1.599623441696167, 1.2206798791885376, 2.394378900527954, 6.011541366577148]"
"['4/6/16', '4/4/16']","[2.892843246459961, -1.8785475492477417, 0.15839052200317383, -0.45502448081970215, 2.9568262100219727]"
"['4/7/16', '4/6/16']","[3.3659369945526123, -2.192131280899048, 0.8460732698440552, -0.589985191822052, 2.535820960998535]"
"['4/8/16', '4/7/16']","[4.08176326751709, -2.8324553966522217, 0.717376708984375, -0.9848432540893555, 2.6209635734558105]"
"['4/10/16', '4/8/16']","[3.287753105163574, -3.223592519760132, -0.1749950647354126, -0.21692180633544922, 4.455227375030518]"
"['4/11/16', '4/10/16']","[4.10333251953125, -2.818626642227173, 0.7866578102111816, -0.5138809680938721, 3.9701457023620605]"
"['4/12/16', '4/11/16']","[4.962597370147705, -2.7786991596221924, 1.4947577714920044, -0.34378236532211304, 4.075837135314941]"
"['4/13/16', '4/12/16']","[5.525201797485352, -2.641341209411621, 0.8115387558937073, -0.9171828627586365, 4.498443126678467]"
"['4/14/16', '4/13/16']","[4.160178184509277, -1.585716724395752, 1.0287178754806519, -0.49567320942878723, 2.5073211193084717]"
"['4/15/16', '4/14/16']","[3.799574851989746, -1.827459692955017, 0.9413712620735168, -0.1595449000597, 3.490882635116577]"
"['4/16/16', '4/15/16']","[2.939634323120117, -2.2482645511627197, -0.4241105616092682, 0.7971670627593994, 5.411591529846191]"
"['4/19/16', '4/16/16']","[5.891765594482422, -2.46980619430542, 2.274470567703247, -0.5080764293670654, 3.621049404144287]"
"['4/20/16', '4/19/16']","[2.8887689113616943, -1.670827031135559, 0.11015579849481583, 0.43394672870635986, 4.052128314971924]"
"['4/21/16', '4/20/16']","[3.5102009773254395, -1.5856086015701294, 0.07499191910028458, 0.5360113382339478, 4.150213241577148]"
"['4/22/16', '4/21/16']","[1.2330167293548584, -0.6065748333930969, -0.13255789875984192, 1.5575625896453857, 3.8130831718444824]"
"['4/23/16', '4/22/16']","[3.6570181846618652, -0.9463739395141602, 1.7011237144470215, 0.36808162927627563, 2.3848342895507812]"
"['4/24/16', '4/23/16']","[4.442864894866943, -2.4557693004608154, -0.20790867507457733, 0.526435136795044, 6.105940818786621]"
"['4/25/16', '4/24/16']","[3.0604615211486816, -0.9150754809379578, 1.4003691673278809, 0.7526670694351196, 3.625925064086914]"
"['4/26/16', '4/25/16']","[1.7728365659713745, 0.3146848678588867, 1.6973868608474731, 1.3257346153259277, 1.4515537023544312]"
"['4/27/16', '4/26/16']","[2.1028575897216797, -0.37358132004737854, 0.5296582579612732, 1.5073491334915161, 3.968501091003418]"
"['4/28/16', '4/27/16']","[0.45520004630088806, 0.4450206756591797, 0.6769123077392578, 2.1665987968444824, 2.522390842437744]"
"['4/29/16', '4/28/16']","[5.476651668548584, -3.2048864364624023, 0.3511301577091217, 0.8518210649490356, 8.239836692810059]"
"['4/30/16', '4/29/16']","[2.9495787620544434, -1.1939976215362549, 0.7541229724884033, 1.6707355976104736, 5.378942012786865]"
"['5/1/16', '4/30/16']","[4.391201019287109, -1.4655394554138184, 1.5201923847198486, 1.150513768196106, 6.314806938171387]"
"['5/3/16', '5/1/16']","[3.262418031692505, 0.5138353109359741, 0.26001450419425964, 1.5462870597839355, 4.584786891937256]"
"['5/4/16', '5/3/16']","[2.023158311843872, -1.3135603666305542, 0.10714278370141983, 2.3917105197906494, 4.766335487365723]"
"['5/5/16', '5/4/16']","[1.1654895544052124, 0.8538544774055481, 0.05658862739801407, 2.30853009223938, 3.221374034881592]"
"['5/7/16', '5/5/16']","[1.1799354553222656, 0.09299361705780029, 0.06599793583154678, 2.670189142227173, 3.507014274597168]"
"['5/8/16', '5/7/16']","[3.200340747833252, -1.2814587354660034, 0.060401059687137604, 2.4330666065216064, 6.257721900939941]"
"['5/10/16', '5/8/16']","[3.383681535720825, -2.619764566421509, -0.08593656867742538, 3.389690637588501, 9.038558006286621]"
"['5/11/16', '5/10/16']","[3.820136308670044, 0.2699579894542694, 2.114809274673462, 2.193605422973633, 4.64846658706665]"
"['5/12/16', '5/11/16']","[6.585472583770752, -1.6835064888000488, 2.2925209999084473, 1.3859750032424927, 6.624211311340332]"
"['5/13/16', '5/12/16']","[4.018777847290039, -2.0599493980407715, -0.43307068943977356, 2.9026882648468018, 9.133776664733887]"
"['5/14/16', '5/13/16']","[0.8733651638031006, 0.49642834067344666, -0.46208932995796204, 3.7096331119537354, 5.051375865936279]"
"['5/15/16', '5/14/16']","[2.7109768390655518, -1.864174723625183, 0.014309145510196686, 3.9265129566192627, 8.426487922668457]"
"['5/17/16', '5/15/16']","[2.5718166828155518, -0.4132448732852936, -0.29061201214790344, 3.753713369369507, 6.813297271728516]"
"['5/18/16', '5/17/16']","[2.0876057147979736, 1.4140838384628296, 0.9641224145889282, 3.0642716884613037, 4.447753429412842]"
"['5/19/16', '5/18/16']","[3.3770546913146973, -0.7670047283172607, 1.0146994590759277, 3.3084142208099365, 7.113662242889404]"
"['5/20/16', '5/19/16']","[1.4038166999816895, 1.2793995141983032, 0.03466055542230606, 3.843461751937866, 5.854529857635498]"
"['5/21/16', '5/20/16']","[4.490871429443359, -0.8344674706459045, 1.4458664655685425, 3.025496006011963, 7.8865532875061035]"
"['5/22/16', '5/21/16']","[2.4660778045654297, 1.5380325317382812, 2.8774454593658447, 3.9225316047668457, 5.030643463134766]"
"['5/24/16', '5/22/16']","[3.7044873237609863, 1.0816960334777832, 3.5409703254699707, 3.48777174949646, 5.140292644500732]"
"['5/25/16', '5/24/16']","[3.342642307281494, 2.2568392753601074, 4.202853679656982, 3.755145788192749, 2.8809049129486084]"
"['5/26/16', '5/25/16']","[4.311001300811768, 1.1856268644332886, 4.604521751403809, 3.254279136657715, 3.833332061767578]"
"['5/27/16', '5/26/16']","[1.3086071014404297, 2.681584358215332, 3.1672170162200928, 4.632407188415527, 3.0648012161254883]"
"['5/28/16', '5/27/16']","[3.9974865913391113, -0.0037342803552746773, 0.4340779483318329, 3.8736624717712402, 8.641289710998535]"
"['5/29/16', '5/28/16']","[4.2195563316345215, 0.23498576879501343, 2.930854558944702, 4.045689582824707, 7.3606953620910645]"
"['5/30/16', '5/29/16']","[2.8644392490386963, 1.2013189792633057, 1.6777830123901367, 4.432610988616943, 6.421301364898682]"
"['5/31/16', '5/30/16']","[2.5420188903808594, 2.1116275787353516, 0.4587979018688202, 4.314479827880859, 6.28823709487915]"
"['6/1/16', '5/31/16']","[2.9328854084014893, 2.3306989669799805, 1.4430997371673584, 4.383755207061768, 6.010402202606201]"
"['6/2/16', '6/1/16']","[6.1733317375183105, -1.5542323589324951, 1.0870535373687744, 4.065001487731934, 11.82460880279541]"
"['6/3/16', '6/2/16']","[4.920852184295654, -1.745735764503479, 0.29808709025382996, 4.781397819519043, 12.032068252563477]"
"['6/4/16', '6/3/16']","[2.8726205825805664, 0.13589856028556824, -0.07269766181707382, 5.363741874694824, 9.488748550415039]"
"['6/5/16', '6/4/16']","[3.2812061309814453, 0.485803484916687, 0.15746399760246277, 5.218107223510742, 8.834318161010742]"
"['6/6/16', '6/5/16']","[1.2058353424072266, 1.206478238105774, -0.04553248733282089, 5.8988261222839355, 7.7051568031311035]"
"['6/7/16', '6/6/16']","[0.3372228145599365, 1.754878282546997, 0.18445560336112976, 6.268119812011719, 7.976504802703857]"
"['6/8/16', '6/7/16']","[3.456009864807129, -0.5168258547782898, 0.5469021797180176, 5.603654861450195, 10.778308868408203]"
"['6/9/16', '6/8/16']","[1.9193620681762695, 1.294152855873108, 0.43207475543022156, 6.237810134887695, 8.04515266418457]"
"['6/10/16', '6/9/16']","[2.451833724975586, 1.8469932079315186, 1.2592575550079346, 5.95302677154541, 8.827354431152344]"
"['6/11/16', '6/10/16']","[1.4890773296356201, 2.86893367767334, 2.36545991897583, 6.302196502685547, 6.865118980407715]"
"['6/12/16', '6/11/16']","[4.400238513946533, 0.7930564284324646, 2.9701693058013916, 5.67033576965332, 9.099488258361816]"
"['6/14/16', '6/12/16']","[4.758431911468506, 1.0279799699783325, 2.811028003692627, 5.885111331939697, 9.05158519744873]"
"['6/15/16', '6/14/16']","[1.935539722442627, 2.8149166107177734, 1.295609951019287, 6.2434000968933105, 7.024206638336182]"
"['6/16/16', '6/15/16']","[3.5147902965545654, 1.2558258771896362, 1.152574062347412, 5.77732515335083, 10.016318321228027]"
"['6/17/16', '6/16/16']","[2.8941450119018555, 2.17065691947937, 1.1301817893981934, 6.169278621673584, 8.236235618591309]"
"['6/18/16', '6/17/16']","[2.1566383838653564, 3.4820945262908936, 1.3778820037841797, 6.837825775146484, 7.807637691497803]"
"['6/19/16', '6/18/16']","[2.950986385345459, 1.2889444828033447, 1.2676174640655518, 6.612514495849609, 9.958069801330566]"
"['6/20/16', '6/19/16']","[3.833779811859131, -0.2694281041622162, 0.8767502307891846, 7.1592912673950195, 13.681350708007812]"
"['6/21/16', '6/20/16']","[3.274357795715332, 1.449844479560852, 0.17211267352104187, 6.465507507324219, 10.760377883911133]"
"['6/22/16', '6/21/16']","[1.436146855354309, 1.8285131454467773, 0.45688173174858093, 7.906490802764893, 9.991690635681152]"
"['6/24/16', '6/22/16']","[2.264533758163452, 0.8394893407821655, 1.4757664203643799, 7.872620582580566, 10.164469718933105]"
"['6/25/16', '6/24/16']","[0.9131188988685608, 1.5949338674545288, 0.44681331515312195, 8.040889739990234, 10.303120613098145]"
"['6/26/16', '6/25/16']","[4.031240463256836, -0.5018113255500793, 0.42555496096611023, 7.220991134643555, 12.983687400817871]"
"['6/28/16', '6/26/16']","[3.057680130004883, -0.5114608407020569, -0.09526374191045761, 8.255547523498535, 14.119651794433594]"
"['6/29/16', '6/28/16']","[4.204915523529053, 1.7000963687896729, 2.7271313667297363, 7.251113414764404, 11.348207473754883]"
"['6/30/16', '6/29/16']","[3.2195427417755127, 2.099254846572876, 3.150359869003296, 7.863542556762695, 11.17564868927002]"
"['7/1/16', '6/30/16']","[3.058603286743164, 3.3708839416503906, 3.5506606101989746, 7.471390247344971, 8.653847694396973]"
"['7/2/16', '7/1/16']","[2.1572365760803223, 3.6527669429779053, 3.1811208724975586, 7.869248390197754, 8.41828441619873]"
"['7/3/16', '7/2/16']","[4.838947772979736, 1.399622917175293, 2.8211774826049805, 7.4261884689331055, 12.314929008483887]"
"['7/4/16', '7/3/16']","[3.503980875015259, 2.7577292919158936, 2.6080548763275146, 7.877890586853027, 10.304305076599121]"
"['7/5/16', '7/4/16']","[1.7613370418548584, 3.5345711708068848, 1.660156488418579, 8.848026275634766, 10.728310585021973]"
"['7/6/16', '7/5/16']","[1.849616527557373, 3.7285048961639404, 1.799304723739624, 8.609793663024902, 10.241204261779785]"
"['7/8/16', '7/6/16']","[3.666043519973755, 3.340559959411621, 2.33622145652771, 8.669102668762207, 11.419187545776367]"
"['7/9/16', '7/8/16']","[-0.10287165641784668, 2.959373950958252, 0.4194466769695282, 9.997939109802246, 11.78589153289795]"
"['7/10/16', '7/9/16']","[0.24516630172729492, 2.9148988723754883, -0.29732778668403625, 9.950586318969727, 11.965775489807129]"
"['7/15/16', '7/10/16']","[0.3235194683074951, 2.7075955867767334, 0.580704927444458, 10.150895118713379, 12.029619216918945]"
"['7/16/16', '7/15/16']","[2.35888671875, 4.753121376037598, 4.442101001739502, 8.829817771911621, 9.075614929199219]"
"['7/17/16', '7/16/16']","[1.6354036331176758, 4.971096515655518, 3.594771146774292, 8.671380043029785, 8.556073188781738]"
"['7/18/16', '7/17/16']","[3.4474170207977295, 4.8442864418029785, 6.00234317779541, 8.552010536193848, 6.955672740936279]"
"['7/19/16', '7/18/16']","[1.844236969947815, 4.47600793838501, 2.7678778171539307, 9.134858131408691, 9.520340919494629]"
"['7/20/16', '7/19/16']","[1.370802640914917, 4.811122894287109, 3.3680922985076904, 9.63680362701416, 9.24902057647705]"
"['7/21/16', '7/20/16']","[1.6895982027053833, 4.993844032287598, 3.719762086868286, 9.524797439575195, 8.375544548034668]"
"['7/22/16', '7/21/16']","[0.8536230325698853, 4.819960117340088, 1.4524681568145752, 9.887228965759277, 11.3674898147583]"
"['7/23/16', '7/22/16']","[2.359705924987793, 3.5465128421783447, 1.6075365543365479, 9.570328712463379, 12.908964157104492]"
"['7/24/16', '7/23/16']","[1.7325429916381836, 3.3810970783233643, 0.6463167667388916, 9.93047046661377, 14.54951000213623]"
"['7/25/16', '7/24/16']","[0.09533846378326416, 4.5042009353637695, 0.8917381763458252, 10.593825340270996, 12.501229286193848]"
"['7/26/16', '7/25/16']","[0.7510313987731934, 4.110063552856445, 1.5631072521209717, 10.834504127502441, 11.362751960754395]"
"['7/27/16', '7/26/16']","[0.12622177600860596, 4.728615760803223, 0.59462571144104, 11.260279655456543, 11.913520812988281]"
"['7/28/16', '7/27/16']","[0.15026187896728516, 5.609355449676514, 1.5959317684173584, 11.149950981140137, 10.308424949645996]"
"['7/29/16', '7/28/16']","[3.4368016719818115, 5.802731037139893, 5.543107509613037, 10.03024959564209, 9.678875923156738]"
"['7/30/16', '7/29/16']","[0.4520460367202759, 5.014400482177734, 2.671980619430542, 11.511114120483398, 11.646698951721191]"
"['7/31/16', '7/30/16']","[1.008625864982605, 5.7066755294799805, 3.128166437149048, 11.175152778625488, 9.847151756286621]"
"['8/2/16', '7/31/16']","[0.6654026508331299, 4.873327732086182, 1.322885274887085, 11.476871490478516, 12.387682914733887]"
"['8/3/16', '8/2/16']","[0.2896233797073364, 4.882346153259277, 1.197033166885376, 11.661635398864746, 13.27426528930664]"
"['8/4/16', '8/3/16']","[0.756548285484314, 4.9878339767456055, 1.0445239543914795, 11.366625785827637, 12.76406192779541]"
"['8/5/16', '8/4/16']","[2.374812602996826, 5.108137130737305, 2.1357600688934326, 10.912301063537598, 12.884552001953125]"
"['8/6/16', '8/5/16']","[3.5805320739746094, 4.0898284912109375, 3.1914265155792236, 10.54929256439209, 13.995373725891113]"
"['8/7/16', '8/6/16']","[1.7022790908813477, 5.98508358001709, 3.899543046951294, 11.196267127990723, 10.934868812561035]"
"['8/8/16', '8/7/16']","[0.8995223045349121, 5.579432010650635, 1.1112377643585205, 12.030950546264648, 13.629054069519043]"
"['8/9/16', '8/8/16']","[1.869057059288025, 6.472218990325928, 4.141571521759033, 11.256275177001953, 10.15215015411377]"
"['8/10/16', '8/9/16']","[0.9413098692893982, 6.810267925262451, 4.175414085388184, 11.695820808410645, 9.86325740814209]"
"['8/11/16', '8/10/16']","[0.2558223009109497, 7.278451919555664, 3.1796834468841553, 11.943522453308105, 10.038466453552246]"
"['8/12/16', '8/11/16']","[3.7511048316955566, 4.866766929626465, 4.230375289916992, 11.48736572265625, 13.373826026916504]"
"['8/13/16', '8/12/16']","[1.7363663911819458, 5.454862117767334, 1.8999207019805908, 11.876813888549805, 13.002326011657715]"
"['8/14/16', '8/13/16']","[-0.15823578834533691, 6.703904628753662, 1.9128639698028564, 12.884562492370605, 11.807524681091309]"
"['8/16/16', '8/14/16']","[4.44796085357666, 3.322042465209961, 1.960120439529419, 11.37424087524414, 16.89058494567871]"
"['8/17/16', '8/16/16']","[-1.1104320287704468, 7.491535663604736, 1.002788782119751, 13.344383239746094, 12.424818992614746]"
"['8/18/16', '8/17/16']","[1.4739094972610474, 6.599409103393555, 1.748910665512085, 12.048171043395996, 12.837579727172852]"
"['8/19/16', '8/18/16']","[3.336305618286133, 2.504167079925537, 2.271885633468628, 13.26494026184082, 18.328725814819336]"
"['8/20/16', '8/19/16']","[3.5926218032836914, 4.959013938903809, 2.49393630027771, 12.565041542053223, 14.472033500671387]"
"['8/21/16', '8/20/16']","[0.5029741525650024, 6.911553859710693, 1.3597300052642822, 13.383767127990723, 13.572136878967285]"
"['8/22/16', '8/21/16']","[0.21283316612243652, 6.305919647216797, 1.6084539890289307, 13.42905330657959, 13.680824279785156]"
"['8/23/16', '8/22/16']","[0.3163948059082031, 6.922881603240967, 2.1973960399627686, 13.242037773132324, 13.298245429992676]"
"['8/24/16', '8/23/16']","[1.6894137859344482, 5.126829147338867, 1.6277258396148682, 13.459798812866211, 18.035768508911133]"
"['8/25/16', '8/24/16']","[2.046096086502075, 4.921079635620117, 1.5232079029083252, 13.872000694274902, 17.954914093017578]"
"['8/26/16', '8/25/16']","[0.5694025754928589, 7.032776832580566, 2.8011486530303955, 13.894523620605469, 13.412433624267578]"
"['8/27/16', '8/26/16']","[3.720456123352051, 5.270566940307617, 5.101785659790039, 12.96232795715332, 14.594660758972168]"
"['8/28/16', '8/27/16']","[4.2484588623046875, 5.17493200302124, 3.5532662868499756, 13.211701393127441, 15.747982025146484]"
"['8/29/16', '8/28/16']","[1.8793507814407349, 6.395637512207031, 2.5124099254608154, 13.845067024230957, 14.634148597717285]"
"['8/30/16', '8/29/16']","[0.16732680797576904, 8.082273483276367, 3.1607768535614014, 13.948318481445312, 12.25578784942627]"
"['8/31/16', '8/30/16']","[0.7904832363128662, 6.123540878295898, 2.121619462966919, 14.06033992767334, 15.523863792419434]"
"['9/2/16', '8/31/16']","[1.819230556488037, 6.66354513168335, 3.051520586013794, 13.657234191894531, 14.785569190979004]"
"['9/3/16', '9/2/16']","[-0.7000278234481812, 5.787295818328857, 1.2879040241241455, 15.649897575378418, 16.789094924926758]"
"['9/4/16', '9/3/16']","[0.2546374797821045, 6.5993146896362305, 2.4554331302642822, 14.899285316467285, 14.649795532226562]"
"['9/5/16', '9/4/16']","[-1.1013044118881226, 7.919147968292236, 2.0827534198760986, 15.24806022644043, 13.913553237915039]"
"['9/6/16', '9/5/16']","[1.6911816596984863, 7.2251386642456055, 5.257160663604736, 14.2824068069458, 12.669158935546875]"
"['9/7/16', '9/6/16']","[3.099821090698242, 6.138564586639404, 4.748996257781982, 14.318745613098145, 16.104598999023438]"
"['9/9/16', '9/7/16']","[1.3550208806991577, 8.015434265136719, 5.296679973602295, 15.267163276672363, 14.100568771362305]"
"['9/10/16', '9/9/16']","[-0.07357382774353027, 7.70611572265625, 2.5523970127105713, 15.790661811828613, 15.247110366821289]"
"['9/11/16', '9/10/16']","[2.607288360595703, 5.445689678192139, 2.054720163345337, 15.384020805358887, 18.369050979614258]"
"['9/12/16', '9/11/16']","[1.0593929290771484, 7.649016857147217, 2.3783581256866455, 15.171759605407715, 15.1112060546875]"
"['9/13/16', '9/12/16']","[0.6317797899246216, 8.107717514038086, 4.163290023803711, 15.503823280334473, 14.679484367370605]"
"['9/14/16', '9/13/16']","[2.224808692932129, 6.7090229988098145, 2.2729990482330322, 15.042110443115234, 16.56040382385254]"
"['9/15/16', '9/14/16']","[-0.1356196403503418, 8.03383731842041, 1.988684892654419, 15.626018524169922, 14.930499076843262]"
"['9/16/16', '9/15/16']","[0.5650322437286377, 6.378133296966553, 2.6072847843170166, 16.71977996826172, 15.630036354064941]"
"['9/17/16', '9/16/16']","[-0.24629664421081543, 6.283064365386963, 2.1078121662139893, 16.85071563720703, 16.202436447143555]"
"['9/18/16', '9/17/16']","[-1.564179539680481, 7.580508232116699, 2.015153169631958, 17.384979248046875, 15.069185256958008]"
"['9/19/16', '9/18/16']","[-0.9414792060852051, 7.58082389831543, 2.093078851699829, 17.192848205566406, 14.808323860168457]"
"['9/20/16', '9/19/16']","[0.052719831466674805, 9.0458402633667, 2.171592950820923, 15.843975067138672, 15.500929832458496]"
"['9/21/16', '9/20/16']","[0.7909399271011353, 9.272614479064941, 2.8149712085723877, 15.999369621276855, 15.629300117492676]"
"['9/22/16', '9/21/16']","[-0.49933648109436035, 10.054753303527832, 3.9245054721832275, 16.205591201782227, 14.027766227722168]"
"['9/23/16', '9/22/16']","[0.0022646195720881224, 9.592791557312012, 3.406006097793579, 16.435585021972656, 15.486714363098145]"
"['9/24/16', '9/23/16']","[-1.353592038154602, 7.983368396759033, 3.0248501300811768, 18.224014282226562, 15.0968656539917]"
"['9/25/16', '9/24/16']","[-1.6293779611587524, 7.332518100738525, 2.6558611392974854, 18.651546478271484, 16.45665740966797]"
"['9/27/16', '9/25/16']","[-3.4411978721618652, 8.876551628112793, 2.325552225112915, 19.257484436035156, 13.98964786529541]"
"['9/28/16', '9/27/16']","[0.8451566696166992, 8.829136848449707, 4.2533416748046875, 17.130870819091797, 15.519107818603516]"
"['9/29/16', '9/28/16']","[1.6850532293319702, 8.115605354309082, 3.670351266860962, 16.736635208129883, 15.9242582321167]"
"['9/30/16', '9/29/16']","[-0.24221789836883545, 8.442439079284668, 2.0028011798858643, 17.642723083496094, 17.328182220458984]"
"['10/1/16', '9/30/16']","[1.1084504127502441, 7.692342758178711, 2.926123857498169, 17.658145904541016, 17.959903717041016]"
