"['3/2/14', '3/1/14']","[-0.0018269293941557407, 0.12018057703971863, -0.045628972351551056, -0.2168760895729065, 0.691178560256958]"
"['3/3/14', '3/2/14']","[-0.03838590905070305, 0.3386240303516388, -0.15037751197814941, -0.41704821586608887, 0.9377484321594238]"
"['3/4/14', '3/3/14']","[-0.03746049478650093, 0.24526965618133545, -0.2191583514213562, -0.34484538435935974, 1.035940408706665]"
"['3/5/14', '3/4/14']","[-0.03503604605793953, 0.34832602739334106, -0.15105405449867249, -0.42417967319488525, 1.1130589246749878]"
"['3/7/14', '3/5/14']","[0.024262813851237297, 0.11182785034179688, -0.06713217496871948, -0.05627889186143875, 0.9650608897209167]"
"['3/8/14', '3/7/14']","[-0.18366920948028564, 0.30797451734542847, -0.12230376154184341, -0.413953572511673, 1.0558781623840332]"
"['3/9/14', '3/8/14']","[0.03777259588241577, 0.2422075867652893, -0.09625985473394394, -0.302312433719635, 0.727767825126648]"
"['3/10/14', '3/9/14']","[-0.004670219961553812, 0.3402196764945984, -0.11064278334379196, -0.4055096209049225, 0.8476605415344238]"
"['3/11/14', '3/10/14']","[-0.11111004650592804, 0.4545693099498749, -0.056837297976017, -0.4698813855648041, 1.2528005838394165]"
"['3/12/14', '3/11/14']","[-0.038008321076631546, 0.44961869716644287, -0.09429372102022171, -0.5003606081008911, 1.0985208749771118]"
"['3/13/14', '3/12/14']","[0.05303506925702095, 0.20783862471580505, -0.04567088931798935, -0.3175482451915741, 1.0399566888809204]"
"['3/15/14', '3/13/14']","[-0.006662400905042887, 0.34676307439804077, -0.08844488859176636, -0.42449501156806946, 1.0193599462509155]"
"['3/16/14', '3/15/14']","[-0.06342494487762451, 0.44084447622299194, -0.07586216926574707, -0.5027261972427368, 1.19412100315094]"
"['3/19/14', '3/16/14']","[0.049754176288843155, 0.2891573905944824, -0.05097801238298416, -0.31995049118995667, 0.9865674376487732]"
"['3/20/14', '3/19/14']","[-0.02947750873863697, 0.3921217918395996, -0.08323618769645691, -0.44007381796836853, 1.0067867040634155]"
"['3/21/14', '3/20/14']","[0.028383126482367516, 0.21115906536579132, -0.07150182127952576, -0.0880744531750679, 1.0196900367736816]"
"['3/25/14', '3/21/14']","[-0.016342150047421455, 0.40609076619148254, -0.06051347404718399, -0.4511837065219879, 1.1545292139053345]"
"['3/26/14', '3/25/14']","[-0.10005524754524231, 0.283869206905365, -0.07540825009346008, -0.45547959208488464, 1.273722529411316]"
"['3/27/14', '3/26/14']","[-0.08749744296073914, 0.4519941210746765, -0.0988820493221283, -0.5356677770614624, 1.220632553100586]"
"['3/29/14', '3/27/14']","[-0.027895214036107063, 0.438050240278244, -0.05816417932510376, -0.47605499625205994, 1.2027024030685425]"
"['3/31/14', '3/29/14']","[-0.052912015467882156, 0.2714552879333496, -0.009610719978809357, -0.16251280903816223, 1.1019930839538574]"
"['4/2/14', '3/31/14']","[-0.13131888210773468, 0.21891696751117706, -0.07895082235336304, -0.3080002963542938, 0.9945049285888672]"
"['4/3/14', '4/2/14']","[-0.02826523780822754, 0.014400594867765903, -0.014022525399923325, -0.12802711129188538, 0.9486480355262756]"
"['4/4/14', '4/3/14']","[0.3279965817928314, -0.29090702533721924, 0.062068015336990356, 0.21364739537239075, 0.3822222054004669]"
"['4/5/14', '4/4/14']","[0.22070007026195526, -0.27029308676719666, 0.035381048917770386, 0.11234715580940247, 0.4828599989414215]"
"['4/6/14', '4/5/14']","[0.3090309798717499, -0.3174434304237366, 0.058463796973228455, 0.21951788663864136, 0.33289289474487305]"
"['4/7/14', '4/6/14']","[0.31655311584472656, -0.30808529257774353, 0.06407587230205536, 0.22221016883850098, 0.3409920036792755]"
"['4/8/14', '4/7/14']","[0.19715425372123718, -0.24620729684829712, -0.0032911021262407303, 0.09979165345430374, 0.30480092763900757]"
"['4/9/14', '4/8/14']","[0.23550309240818024, -0.4642898440361023, 0.05752072483301163, 0.43288183212280273, 0.5541641712188721]"
"['4/11/14', '4/9/14']","[0.11922705918550491, -0.1999615877866745, -0.015597738325595856, 0.1540956199169159, 0.5950542092323303]"
"['4/12/14', '4/11/14']","[0.12994229793548584, 0.044173676520586014, -0.015658743679523468, -0.024282023310661316, 0.45263901352882385]"
"['4/13/14', '4/12/14']","[0.06484225392341614, -0.010926899500191212, -0.10935916751623154, -0.10008130222558975, 0.24888406693935394]"
"['4/14/14', '4/13/14']","[0.07249666005373001, 0.02803140878677368, -0.1029694527387619, -0.13834735751152039, 0.45874202251434326]"
"['4/16/14', '4/14/14']","[0.10633209347724915, 0.18412797152996063, -0.06693043559789658, -0.19351726770401, 0.6991828680038452]"
"['4/18/14', '4/16/14']","[-0.05355982109904289, 0.2599830627441406, -0.07537766546010971, -0.302608847618103, 0.8912606835365295]"
"['4/19/14', '4/18/14']","[-0.2843736708164215, 0.3987095057964325, -0.058045752346515656, -0.4717961251735687, 1.4217537641525269]"
"['4/20/14', '4/19/14']","[-0.060517989099025726, -0.08382522314786911, -0.06951010972261429, -0.008680909872055054, 0.5083387494087219]"
"['4/21/14', '4/20/14']","[0.06842090934515, 0.025397226214408875, 0.018601298332214355, 0.025085192173719406, 0.5811913013458252]"
"['4/22/14', '4/21/14']","[0.18067874014377594, 0.04945424944162369, -0.0316927507519722, -0.05075862258672714, 0.40382668375968933]"
"['4/23/14', '4/22/14']","[0.07611718773841858, 0.03170108050107956, -0.08627784997224808, -0.11012250930070877, 0.25473928451538086]"
"['4/24/14', '4/23/14']","[0.1347339153289795, 0.013314205221831799, -0.05273298919200897, -0.08028517663478851, 0.3874070346355438]"
"['4/25/14', '4/24/14']","[0.14382009208202362, -0.13587430119514465, -0.009648501873016357, 0.27601590752601624, 0.6809625625610352]"
"['4/26/14', '4/25/14']","[0.1577640324831009, 0.0823286920785904, -0.046262405812740326, -0.028604596853256226, 0.647935152053833]"
"['4/27/14', '4/26/14']","[0.11763647943735123, 0.07413429021835327, -0.04877258837223053, -0.10243577510118484, 0.4237193465232849]"
"['5/1/14', '4/27/14']","[0.10262671113014221, 0.25580671429634094, -0.041994936764240265, -0.2304638922214508, 0.7365791201591492]"
"['5/2/14', '5/1/14']","[0.15009362995624542, 0.11188949644565582, -0.05503406375646591, -0.18194520473480225, 0.6367812156677246]"
"['5/3/14', '5/2/14']","[0.1287042498588562, 0.027041159570217133, -0.08252599835395813, -0.1349334418773651, 0.4350067377090454]"
"['5/4/14', '5/3/14']","[0.03928140178322792, 0.062314823269844055, -0.10209404677152634, -0.1820959448814392, 0.3834294080734253]"
"['5/6/14', '5/4/14']","[0.13880975544452667, 0.2033916413784027, -0.07144740223884583, -0.22667214274406433, 0.7224738001823425]"
"['5/7/14', '5/6/14']","[0.18103526532649994, 0.10818787664175034, -0.07796180993318558, -0.16694340109825134, 0.5318282842636108]"
"['5/8/14', '5/7/14']","[0.19580413401126862, 0.023431088775396347, -0.05413815379142761, -0.08880003541707993, 0.4851519763469696]"
"['5/9/14', '5/8/14']","[0.01741643063724041, 0.27833783626556396, -0.10896483808755875, -0.412319153547287, 0.9424031972885132]"
"['5/10/14', '5/9/14']","[0.20177939534187317, 0.10445886105298996, -0.05689186602830887, -0.14060786366462708, 0.5387081503868103]"
"['5/11/14', '5/10/14']","[-0.003741044085472822, 0.14849238097667694, -0.14800944924354553, -0.2814891040325165, 0.4050832688808441]"
"['5/12/14', '5/11/14']","[0.031474534422159195, -0.17190203070640564, 0.0836116299033165, 0.07077284902334213, 0.43629997968673706]"
"['5/13/14', '5/12/14']","[0.1436648964881897, -0.23566420376300812, -0.024728737771511078, 0.06549293547868729, 0.2692511975765228]"
"['5/14/14', '5/13/14']","[0.21336109936237335, -0.2846469283103943, 0.0519341379404068, 0.11358960717916489, 0.5702956318855286]"
"['5/15/14', '5/14/14']","[0.21558377146720886, 0.01399701926857233, -0.030710093677043915, -0.05120987445116043, 0.4370032846927643]"
"['5/16/14', '5/15/14']","[0.15526644885540009, 0.11792530119419098, -0.05554840713739395, -0.14466461539268494, 0.4950764775276184]"
"['5/17/14', '5/16/14']","[0.14489252865314484, -0.10876236110925674, -0.03358222171664238, 0.015294291079044342, 0.34162047505378723]"
"['5/18/14', '5/17/14']","[0.19418136775493622, 0.0483284629881382, -0.04139252379536629, -0.05225951224565506, 0.36296144127845764]"
"['5/20/14', '5/18/14']","[0.0403098426759243, 0.08608362823724747, -0.08781801909208298, -0.07275490462779999, 0.5891234874725342]"
"['5/21/14', '5/20/14']","[0.01001384574919939, 0.1680738925933838, -0.06974590569734573, -0.32089149951934814, 0.8739496469497681]"
"['5/22/14', '5/21/14']","[0.1320180892944336, 0.11599020659923553, -0.08862991631031036, -0.16788780689239502, 0.559253454208374]"
"['5/23/14', '5/22/14']","[0.08213574439287186, 0.17527373135089874, -0.07829763740301132, -0.26584959030151367, 0.7579831480979919]"
"['5/24/14', '5/23/14']","[0.12818856537342072, 0.11009557545185089, -0.02861153334379196, -0.11896129697561264, 0.44315120577812195]"
"['5/25/14', '5/24/14']","[0.04323486238718033, 0.17301654815673828, -0.05602360516786575, -0.2206961214542389, 0.5427899956703186]"
"['5/26/14', '5/25/14']","[0.16835571825504303, -0.0032921014353632927, -0.0029787439852952957, -0.053668372333049774, 0.5099613666534424]"
"['5/27/14', '5/26/14']","[0.1877821832895279, 0.11279161274433136, 0.008939923718571663, -0.08183089643716812, 0.5072410106658936]"
"['5/28/14', '5/27/14']","[-0.012516397051513195, 0.1486845314502716, -0.024635203182697296, -0.23858562111854553, 0.6963893175125122]"
"['5/29/14', '5/28/14']","[-0.09878560900688171, 0.16951601207256317, 0.015260875225067139, -0.17693543434143066, 0.5633748173713684]"
"['5/30/14', '5/29/14']","[-0.12536253035068512, 0.2526012063026428, -0.048526279628276825, -0.3095015585422516, 0.5934297442436218]"
"['5/31/14', '5/30/14']","[0.03591533377766609, 0.07697847485542297, -0.06431129574775696, -0.0822475403547287, 0.6849714517593384]"
"['6/1/14', '5/31/14']","[0.1128881648182869, 0.11560960114002228, -0.08375460654497147, -0.17649993300437927, 0.46362027525901794]"
"['6/3/14', '6/1/14']","[0.04313598945736885, 0.12766650319099426, -0.08702147006988525, -0.1706017553806305, 0.45399415493011475]"
"['6/4/14', '6/3/14']","[-0.0767102837562561, 0.38289955258369446, -0.09765130281448364, -0.5406844615936279, 1.2549508810043335]"
"['6/5/14', '6/4/14']","[0.09084588289260864, 0.13246574997901917, -0.09099879115819931, -0.24664899706840515, 0.6096225380897522]"
"['6/6/14', '6/5/14']","[-0.15290509164333344, 0.3711552023887634, -0.03904684633016586, -0.3943813443183899, 1.2267884016036987]"
"['6/7/14', '6/6/14']","[-0.06603153049945831, 0.22919702529907227, -0.003177836537361145, -0.18232503533363342, 0.885441243648529]"
"['6/8/14', '6/7/14']","[-0.0802459567785263, 0.21402420103549957, -0.015558045357465744, -0.17961254715919495, 0.8028430938720703]"
"['6/9/14', '6/8/14']","[-0.24065133929252625, 0.25876620411872864, 0.046652764081954956, -0.16880029439926147, 0.7058598399162292]"
"['6/10/14', '6/9/14']","[-0.2501769959926605, 0.4480856657028198, -0.006185613572597504, -0.4439251720905304, 1.4485169649124146]"
"['6/11/14', '6/10/14']","[-0.05682836472988129, 0.1225680410861969, -0.02050510048866272, -0.1909869909286499, 0.9393028616905212]"
"['6/12/14', '6/11/14']","[-0.016490424051880836, 0.23039495944976807, -0.03887112811207771, -0.2531156539916992, 0.9445358514785767]"
"['6/13/14', '6/12/14']","[0.18149088323116302, -0.0035900063812732697, -0.04005789756774902, -0.015385173261165619, 0.36317625641822815]"
"['6/14/14', '6/13/14']","[0.0978432446718216, 0.04207974672317505, -0.056549347937107086, -0.07288152724504471, 0.3389323353767395]"
"['6/15/14', '6/14/14']","[0.10615579038858414, 0.027456361800432205, -0.059856899082660675, -0.06610257178544998, 0.333901584148407]"
"['6/16/14', '6/15/14']","[0.06969411671161652, 0.13137659430503845, -0.1075989231467247, -0.21611109375953674, 0.4662301242351532]"
"['6/17/14', '6/16/14']","[0.0799999088048935, 0.12669338285923004, -0.11428723484277725, -0.2264367938041687, 0.46042948961257935]"
"['6/18/14', '6/17/14']","[0.03786366060376167, 0.14309634268283844, -0.08884911239147186, -0.18156036734580994, 0.8371111154556274]"
"['6/20/14', '6/18/14']","[0.23529422283172607, -0.08415768295526505, -0.0014175325632095337, 0.028287556022405624, 0.4613625109195709]"
"['6/21/14', '6/20/14']","[0.35300832986831665, -0.30675339698791504, 0.07023072242736816, 0.22676488757133484, 0.38632872700691223]"
"['6/22/14', '6/21/14']","[0.19750653207302094, -0.19387780129909515, -0.013255640864372253, 0.06176595762372017, 0.3408803343772888]"
"['6/23/14', '6/22/14']","[0.10291589796543121, -0.0681697204709053, -0.08652359247207642, 0.06568001955747604, 0.6745071411132812]"
"['6/24/14', '6/23/14']","[0.05496625602245331, 0.0503874272108078, -0.08730585128068924, -0.12424805015325546, 0.4373995065689087]"
"['6/25/14', '6/24/14']","[0.005931350868195295, 0.0007300740107893944, -0.11955765634775162, -0.12113896757364273, 0.3488834798336029]"
"['6/27/14', '6/25/14']","[0.16681833565235138, 0.05202202498912811, -0.05155923217535019, -0.09822099655866623, 0.4746171236038208]"
"['6/28/14', '6/27/14']","[-0.14242450892925262, 0.2103210985660553, -0.04548119753599167, -0.267451673746109, 0.573934018611908]"
"['6/29/14', '6/28/14']","[0.11103124171495438, 0.09318262338638306, -0.09243699908256531, -0.17711728811264038, 0.4420710802078247]"
"['6/30/14', '6/29/14']","[0.03709365427494049, 0.1308249682188034, -0.08460104465484619, -0.18695661425590515, 0.4799170196056366]"
"['7/1/14', '6/30/14']","[0.07950925827026367, 0.17805850505828857, -0.08392050117254257, -0.2575359344482422, 0.6276633143424988]"
"['7/2/14', '7/1/14']","[-0.0076848664321005344, 0.18750432133674622, -0.10325734317302704, -0.2388991415500641, 1.055983543395996]"
"['7/3/14', '7/2/14']","[0.09829805791378021, 0.04384297877550125, -0.06268270313739777, -0.018539108335971832, 0.6877555847167969]"
"['7/5/14', '7/3/14']","[0.0331651009619236, 0.023854322731494904, -0.030421417206525803, -0.03858666121959686, 0.5118729472160339]"
"['7/6/14', '7/5/14']","[0.10656571388244629, 0.0493566170334816, 0.054575856775045395, 0.05447867512702942, 0.5961639881134033]"
"['7/7/14', '7/6/14']","[-0.02412947081029415, 0.09258327633142471, -0.040330126881599426, -0.09410613030195236, 0.48480096459388733]"
"['7/9/14', '7/7/14']","[0.03432845696806908, -0.005654609762132168, -0.046183086931705475, -0.014855772256851196, 0.469821035861969]"
"['7/10/14', '7/9/14']","[-0.10392522066831589, 0.34092628955841064, -0.05820591747760773, -0.4217977225780487, 1.2026431560516357]"
"['7/11/14', '7/10/14']","[0.12883175909519196, -0.12003770470619202, -0.02595239132642746, -0.0132187120616436, 0.4662386476993561]"
"['7/12/14', '7/11/14']","[0.21593421697616577, -0.3097763955593109, 0.026977412402629852, 0.24321871995925903, 0.4624291956424713]"
"['7/13/14', '7/12/14']","[0.14943498373031616, -0.03500066325068474, 0.002657569944858551, -0.11000866442918777, 0.8277228474617004]"
"['7/18/14', '7/13/14']","[0.04348120465874672, -0.02191486954689026, -0.019187230616807938, 0.02348080649971962, 0.6468683481216431]"
"['7/19/14', '7/18/14']","[-0.07400337606668472, 0.18374194204807281, -0.05383437126874924, -0.2094932496547699, 0.6932248473167419]"
"['7/20/14', '7/19/14']","[0.021558884531259537, 0.0858316496014595, -0.03624892234802246, -0.0913367047905922, 0.5167470574378967]"
"['7/21/14', '7/20/14']","[0.25656425952911377, -0.16761547327041626, 0.011606236919760704, 0.08461841940879822, 0.4173358976840973]"
"['7/22/14', '7/21/14']","[0.08364586532115936, -0.13018953800201416, -0.02494337409734726, -0.022956833243370056, 0.4623093903064728]"
"['7/23/14', '7/22/14']","[0.03588471561670303, 0.06297425925731659, -0.051161013543605804, -0.2423357367515564, 0.8505738377571106]"
"['7/24/14', '7/23/14']","[0.11654840409755707, -0.02928990125656128, 0.008126404136419296, -0.15175041556358337, 0.9639579057693481]"
"['7/25/14', '7/24/14']","[0.09260106086730957, -0.08856532722711563, -0.003661463037133217, -0.0841456949710846, 0.7320318818092346]"
"['7/26/14', '7/25/14']","[0.0020756996236741543, 0.17989066243171692, -0.07351203262805939, -0.3479091227054596, 1.0067062377929688]"
"['7/27/14', '7/26/14']","[0.018221663311123848, 0.08146771788597107, -0.08265849202871323, -0.23468652367591858, 0.6829464435577393]"
"['7/29/14', '7/27/14']","[0.02972693182528019, 0.022066354751586914, -0.012985125184059143, 0.03403373062610626, 0.7962483167648315]"
"['7/30/14', '7/29/14']","[0.030923305079340935, 0.09376393258571625, 0.05124977231025696, 0.07959900796413422, 0.7677998542785645]"
"['7/31/14', '7/30/14']","[0.09499484300613403, -0.07658340781927109, 0.051528725773096085, 0.1060505285859108, 0.5042957663536072]"
"['8/1/14', '7/31/14']","[0.04499087855219841, 0.06001599133014679, -0.05993756651878357, -0.1851239800453186, 0.6524813771247864]"
"['8/2/14', '8/1/14']","[0.07448685169219971, 0.08563902229070663, -0.10894498974084854, -0.19338881969451904, 0.4195765554904938]"
"['8/3/14', '8/2/14']","[0.21593916416168213, -0.041690997779369354, -0.019330672919750214, -0.014878854155540466, 0.522437572479248]"
"['8/4/14', '8/3/14']","[0.10302548855543137, -0.12268006056547165, -0.06403164565563202, 0.06998128443956375, 0.6540026068687439]"
"['8/5/14', '8/4/14']","[0.16384278237819672, -0.06966431438922882, -0.041799627244472504, -0.011503029614686966, 0.31347963213920593]"
"['8/6/14', '8/5/14']","[0.09512372314929962, -0.17157599329948425, -0.06342864781618118, 0.05412578582763672, 0.12116187065839767]"
"['8/7/14', '8/6/14']","[0.159996896982193, -0.2591319680213928, -0.027215655893087387, 0.141086608171463, 0.11268677562475204]"
"['8/8/14', '8/7/14']","[0.06014587730169296, 0.1104695275425911, -0.03999811410903931, -0.2863467037677765, 1.0192590951919556]"
"['8/9/14', '8/8/14']","[-0.035346049815416336, 0.18264086544513702, -0.08692590147256851, -0.3757213056087494, 1.0079673528671265]"
"['8/10/14', '8/9/14']","[0.09105156362056732, -0.0411360003054142, -0.04405897110700607, -0.1070503517985344, 0.5393330454826355]"
"['8/11/14', '8/10/14']","[0.2648405432701111, -0.21751895546913147, 0.026312582194805145, 0.1391752064228058, 0.3926474153995514]"
"['8/13/14', '8/11/14']","[0.18969416618347168, -0.17455345392227173, 0.0016228295862674713, 0.15709228813648224, 0.6774429082870483]"
"['8/15/14', '8/13/14']","[0.12642379105091095, -0.13636070489883423, -0.03832488879561424, 0.11823588609695435, 0.6607648730278015]"
"['8/16/14', '8/15/14']","[0.07114332914352417, -0.073545902967453, -0.08948437124490738, -0.06756623834371567, 0.5041360259056091]"
"['8/17/14', '8/16/14']","[0.04358604922890663, 0.12827454507350922, -0.0598750039935112, -0.2540328800678253, 0.9694554805755615]"
"['8/18/14', '8/17/14']","[0.09483683854341507, -0.07035863399505615, -0.06313706189393997, -0.0378112718462944, 0.3350844085216522]"
"['8/19/14', '8/18/14']","[0.08792787045240402, -0.1989939957857132, -0.07234146445989609, 0.03815893828868866, 0.2606058120727539]"
"['8/20/14', '8/19/14']","[0.038745567202568054, -0.1486404538154602, -0.07182394713163376, -0.0018425732851028442, 0.4797004461288452]"
"['8/22/14', '8/20/14']","[0.0853453129529953, -0.11843308806419373, 0.008843332529067993, 0.09263787418603897, 0.4317156672477722]"
"['8/23/14', '8/22/14']","[-0.1844039112329483, 0.140132337808609, 0.05910693481564522, -0.08843714743852615, 0.6283033490180969]"
"['8/24/14', '8/23/14']","[-0.022265484556555748, 0.03599564731121063, -0.062022000551223755, -0.10021204501390457, 0.412665456533432]"
"['8/25/14', '8/24/14']","[0.091789111495018, 0.11016637086868286, -0.10823173075914383, -0.21450015902519226, 0.5234735608100891]"
"['8/26/14', '8/25/14']","[0.1938011646270752, 0.046476200222969055, -0.0643986165523529, -0.11436419934034348, 0.5019041299819946]"
"['8/27/14', '8/26/14']","[0.019761933013796806, 0.2378060519695282, -0.09933846443891525, -0.36417487263679504, 0.8568471074104309]"
"['8/28/14', '8/27/14']","[0.07559593766927719, -0.02577337622642517, -0.09857749193906784, -0.11322172731161118, 0.3611084222793579]"
"['8/29/14', '8/28/14']","[0.21257835626602173, -0.006627120077610016, -0.03935329616069794, -0.04760894179344177, 0.47631895542144775]"
"['8/30/14', '8/29/14']","[-0.014148104935884476, 0.0053751179948449135, -0.11302054673433304, -0.08797983825206757, 0.4542042911052704]"
"['8/31/14', '8/30/14']","[0.00033995273406617343, 0.13740868866443634, -0.0921662375330925, -0.3115428388118744, 0.782553493976593]"
"['9/1/14', '8/31/14']","[0.20314109325408936, -0.09038637578487396, -0.018078118562698364, 0.009165642783045769, 0.4819236993789673]"
"['9/2/14', '9/1/14']","[0.19079400599002838, -0.10211236029863358, -0.027846679091453552, -0.0025296732783317566, 0.39365947246551514]"
"['9/3/14', '9/2/14']","[0.04022710397839546, -0.02743801474571228, -0.05706385523080826, -0.1659959852695465, 0.6989964246749878]"
"['9/4/14', '9/3/14']","[0.26268184185028076, -0.2584138512611389, 0.02407345362007618, 0.14556148648262024, 0.34837397933006287]"
"['9/5/14', '9/4/14']","[0.21488960087299347, -0.15850909054279327, -0.02522115781903267, 0.05889510363340378, 0.38500967621803284]"
"['9/6/14', '9/5/14']","[0.16861706972122192, -0.06831564754247665, -0.05192474275827408, -0.020977891981601715, 0.44687968492507935]"
"['9/7/14', '9/6/14']","[0.2238689810037613, -0.10449856519699097, 0.011981768533587456, 0.04405199736356735, 0.40305331349372864]"
"['9/8/14', '9/7/14']","[0.024177348241209984, -0.1412622034549713, -0.04469424486160278, 0.046316422522068024, 0.46309933066368103]"
"['9/9/14', '9/8/14']","[0.12042012810707092, -0.26613855361938477, -0.009308815002441406, 0.13651947677135468, 0.4385049641132355]"
"['9/10/14', '9/9/14']","[-0.10254748165607452, 0.04634276404976845, -0.0462842658162117, -0.2739999294281006, 1.1582050323486328]"
"['9/12/14', '9/10/14']","[0.2553810179233551, -0.2786659300327301, 0.04290452599525452, 0.15157434344291687, 0.506726086139679]"
"['9/13/14', '9/12/14']","[0.29992374777793884, -0.30722352862358093, 0.06810307502746582, 0.196407288312912, 0.5074292421340942]"
"['9/14/14', '9/13/14']","[0.308890700340271, -0.6275308728218079, 0.10686703026294708, 0.6089305281639099, 0.5539476275444031]"
"['9/15/14', '9/14/14']","[0.2409210503101349, -0.34523046016693115, 0.03727169334888458, 0.22357913851737976, 0.4214751720428467]"
"['9/16/14', '9/15/14']","[0.024521466344594955, -0.42582353949546814, -0.09514223039150238, 0.3161344826221466, 0.2881048023700714]"
"['9/17/14', '9/16/14']","[0.03352225571870804, -0.3496132791042328, -0.06982585042715073, 0.25334060192108154, 0.5580383539199829]"
"['9/19/14', '9/17/14']","[0.11809010803699493, -0.3455579876899719, -0.010007992386817932, 0.26174286007881165, 0.4983762502670288]"
"['9/20/14', '9/19/14']","[0.006912184413522482, 0.038747187703847885, -0.08111272007226944, -0.18162724375724792, 0.7914769649505615]"
"['9/21/14', '9/20/14']","[0.23965559899806976, -0.3248817026615143, 0.04198994114995003, 0.2427811324596405, 0.39602023363113403]"
"['9/22/14', '9/21/14']","[0.4100860059261322, -0.5195229053497314, 0.12843754887580872, 0.4066272974014282, 0.2895715534687042]"
"['9/23/14', '9/22/14']","[0.33425870537757874, -0.3838299810886383, 0.11877842992544174, 0.255889892578125, 0.5591110587120056]"
"['9/24/14', '9/23/14']","[0.39525505900382996, -0.489615261554718, 0.13109111785888672, 0.3829529285430908, 0.40210267901420593]"
"['9/25/14', '9/24/14']","[0.34535884857177734, -0.47128719091415405, 0.11393449455499649, 0.3462713658809662, 0.4097531735897064]"
"['9/26/14', '9/25/14']","[0.2938292324542999, -0.5404126644134521, 0.09209800511598587, 0.5233029127120972, 0.44718053936958313]"
"['9/27/14', '9/26/14']","[0.2498101145029068, -0.3318353295326233, 0.0831344872713089, 0.4199233949184418, 0.5425092577934265]"
"['9/28/14', '9/27/14']","[0.2352924346923828, -0.4092748463153839, 0.09210915118455887, 0.5093709230422974, 0.6181823015213013]"
"['10/2/14', '9/28/14']","[0.3156076669692993, -0.35090166330337524, 0.09835746139287949, 0.30997204780578613, 0.5139026641845703]"
"['10/3/14', '10/2/14']","[0.3117044270038605, -0.4542822241783142, 0.09837859869003296, 0.34015271067619324, 0.42142409086227417]"
"['10/5/14', '10/3/14']","[0.3034419119358063, -0.4883257746696472, 0.0820903405547142, 0.5735759735107422, 0.43470969796180725]"
"['10/10/14', '10/5/14']","[0.34174537658691406, -0.2015676200389862, 0.060695480555295944, 0.286664754152298, 0.24971283972263336]"
"['10/11/14', '10/10/14']","[0.31921252608299255, -0.4295407831668854, 0.07603617012500763, 0.5348750948905945, 0.3654770851135254]"
"['10/14/14', '10/11/14']","[0.2993437349796295, -0.32958361506462097, 0.05260198935866356, 0.4793751537799835, 0.31392592191696167]"
"['10/15/14', '10/14/14']","[0.09113459289073944, 0.03314964473247528, -0.07699756324291229, 0.042467810213565826, 0.8074827790260315]"
"['3/4/15', '3/3/15']","[0.009288039989769459, 0.20333260297775269, -0.035816557705402374, 0.005984388291835785, 1.0541973114013672]"
"['3/5/15', '3/4/15']","[0.08334770798683167, 0.2968912422657013, -0.07060138881206512, -0.32902511954307556, 0.8483826518058777]"
"['3/6/15', '3/5/15']","[0.18324194848537445, 0.09549740701913834, -0.030199356377124786, -0.07970365136861801, 0.45350712537765503]"
"['3/7/15', '3/6/15']","[-0.07188919931650162, 0.2502567768096924, -0.08079738169908524, -0.28483596444129944, 0.8965643048286438]"
"['3/8/15', '3/7/15']","[0.09485282003879547, 0.211604043841362, -0.05975593626499176, -0.28866708278656006, 0.8707413673400879]"
"['3/9/15', '3/8/15']","[0.07148750126361847, 0.33923009037971497, -0.07317281514406204, -0.3526626527309418, 0.8595314621925354]"
"['3/10/15', '3/9/15']","[0.1216067522764206, 0.22669722139835358, -0.04817207157611847, -0.26176849007606506, 0.8168268203735352]"
"['3/11/15', '3/10/15']","[0.1013200655579567, 0.22922372817993164, -0.0517110750079155, -0.2482723891735077, 0.7386212348937988]"
"['3/12/15', '3/11/15']","[0.027740245684981346, 0.2491220235824585, -0.03879639506340027, -0.36656028032302856, 1.1255569458007812]"
"['3/13/15', '3/12/15']","[-0.009964912198483944, 0.2303369790315628, -0.09182530641555786, -0.31561723351478577, 0.6982091069221497]"
"['3/14/15', '3/13/15']","[0.0358571894466877, 0.33295348286628723, -0.08281783759593964, -0.40780699253082275, 0.9933046102523804]"
"['3/15/15', '3/14/15']","[0.04528360441327095, 0.35903099179267883, -0.0812283307313919, -0.3932588994503021, 0.9247379302978516]"
"['3/16/15', '3/15/15']","[-0.004891204182058573, 0.3990229368209839, -0.0963858887553215, -0.4811033308506012, 1.0860748291015625]"
"['3/17/15', '3/16/15']","[0.014015649445354939, 0.3859091103076935, -0.09067133069038391, -0.4536939561367035, 1.0444564819335938]"
"['3/18/15', '3/17/15']","[0.01758701168000698, 0.2916235029697418, -0.08997450768947601, -0.3575907349586487, 0.9158139228820801]"
"['3/19/15', '3/18/15']","[0.05731787160038948, 0.34677425026893616, -0.07935161888599396, -0.3877790868282318, 0.9399270415306091]"
"['3/20/15', '3/19/15']","[0.0025963461957871914, 0.17563271522521973, -0.053824879229068756, -0.23876047134399414, 0.9089615941047668]"
"['3/21/15', '3/20/15']","[-0.03802170231938362, 0.36716359853744507, -0.10356210172176361, -0.41937708854675293, 1.1004316806793213]"
"['3/22/15', '3/21/15']","[0.06699903309345245, 0.30702656507492065, -0.061984553933143616, -0.3234109580516815, 0.8790512681007385]"
"['3/24/15', '3/22/15']","[0.10809200257062912, 0.16264116764068604, -0.019915133714675903, -0.2187880575656891, 0.8895995616912842]"
"['3/25/15', '3/24/15']","[0.09642162919044495, 0.2134198695421219, -0.06513865292072296, -0.2524791955947876, 0.7059895396232605]"
"['3/26/15', '3/25/15']","[-0.02684163488447666, 0.08019953221082687, 0.03863402456045151, -0.09921028465032578, 0.5116162896156311]"
"['3/28/15', '3/26/15']","[0.03353361412882805, 0.3447084426879883, -0.07672706991434097, -0.41101202368736267, 1.0190770626068115]"
"['3/29/15', '3/28/15']","[0.054197702556848526, 0.30652177333831787, -0.05921464413404465, -0.3331763744354248, 0.8798272013664246]"
"['3/31/15', '3/29/15']","[0.06065405160188675, 0.3430923819541931, -0.07866476476192474, -0.3825623095035553, 0.9313094019889832]"
"['4/2/15', '3/31/15']","[0.005533677991479635, 0.37143126130104065, -0.07705508917570114, -0.44165611267089844, 1.0783969163894653]"
"['4/3/15', '4/2/15']","[-0.01483627688139677, 0.36537736654281616, -0.086467444896698, -0.41625675559043884, 1.035852074623108]"
"['4/4/15', '4/3/15']","[0.05956057086586952, 0.3071547746658325, -0.05289333313703537, -0.17742469906806946, 0.9287528991699219]"
"['4/6/15', '4/4/15']","[0.028328051790595055, 0.2315337061882019, -0.06843440234661102, -0.22504600882530212, 0.9963002800941467]"
"['4/7/15', '4/6/15']","[0.17433688044548035, 0.09011700004339218, -0.05197357386350632, -0.13136380910873413, 0.6240586042404175]"
"['4/8/15', '4/7/15']","[0.21340519189834595, 0.09463237226009369, -0.05188830941915512, -0.12037482112646103, 0.5248246788978577]"
"['4/10/15', '4/8/15']","[0.07732440531253815, 0.22811587154865265, -0.05001404136419296, -0.21804296970367432, 0.6752460598945618]"
"['4/11/15', '4/10/15']","[0.026958180591464043, 0.2477881908416748, -0.09818093478679657, -0.3733510971069336, 0.8990055918693542]"
"['4/12/15', '4/11/15']","[0.14111675322055817, -0.05895407125353813, -0.06307628750801086, -0.03303704410791397, 0.27643436193466187]"
"['4/13/15', '4/12/15']","[0.20237265527248383, -0.17814677953720093, 0.007413947954773903, 0.08602755516767502, 0.4411505460739136]"
"['4/14/15', '4/13/15']","[0.10240666568279266, -0.14484386146068573, -0.05226524919271469, 0.0010159052908420563, 0.3461453914642334]"
"['4/15/15', '4/14/15']","[-0.03297564014792442, 0.22068044543266296, -0.060025833547115326, -0.4252759516239166, 1.2326687574386597]"
"['4/17/15', '4/15/15']","[0.1340927928686142, -0.11962621659040451, -0.03255134075880051, 0.051216334104537964, 0.48600447177886963]"
"['4/18/15', '4/17/15']","[0.02349710464477539, 0.03509396314620972, -0.09655119478702545, -0.10996527224779129, 0.5788658857345581]"
"['4/19/15', '4/18/15']","[0.0943581759929657, -0.03910340741276741, -0.042577385902404785, -0.013517890125513077, 0.5501328110694885]"
"['4/20/15', '4/19/15']","[0.06548536568880081, -0.0004007844254374504, -0.17250967025756836, -0.03812813013792038, 0.4855733811855316]"
"['4/21/15', '4/20/15']","[0.22729741036891937, -0.11145316809415817, -0.07215557247400284, 0.11259713768959045, 0.20751219987869263]"
"['4/22/15', '4/21/15']","[0.19268520176410675, -0.08835382014513016, -0.05770852416753769, 0.05314686894416809, 0.15502652525901794]"
"['4/23/15', '4/22/15']","[0.18482811748981476, -0.15746453404426575, -0.0145968496799469, 0.10573931783437729, 0.188094362616539]"
"['4/24/15', '4/23/15']","[0.10049998015165329, 0.035958126187324524, -0.05069711059331894, -0.055218420922756195, 0.518532395362854]"
"['4/25/15', '4/24/15']","[0.10121945291757584, -0.12681777775287628, -0.025924790650606155, 0.1062241941690445, 0.4460969567298889]"
"['4/26/15', '4/25/15']","[0.09623616933822632, 0.048468634486198425, -0.0019891485571861267, -0.003315817564725876, 0.5839343667030334]"
"['4/29/15', '4/26/15']","[0.14989306032657623, -0.3116168677806854, -0.046628713607788086, 0.2221834659576416, 0.23929917812347412]"
"['5/1/15', '4/29/15']","[-0.0451253280043602, -0.2598010301589966, -0.07413548976182938, 0.3782808184623718, 0.8064779043197632]"
"['5/2/15', '5/1/15']","[0.2037816047668457, -0.14326083660125732, -0.03215969353914261, 0.05422098934650421, 0.38083615899086]"
"['5/3/15', '5/2/15']","[0.028763439506292343, -0.04088938608765602, -0.12871795892715454, -0.10416438430547714, 0.3229677975177765]"
"['5/5/15', '5/3/15']","[0.14839446544647217, 0.02461852878332138, -0.07619594037532806, -0.09030324220657349, 0.452324777841568]"
"['5/6/15', '5/5/15']","[0.1374845802783966, -0.055147018283605576, -0.019401922821998596, 0.012874359264969826, 0.42811092734336853]"
"['5/7/15', '5/6/15']","[0.15715903043746948, -0.18352651596069336, -0.027139831334352493, 0.038543980568647385, 0.31127190589904785]"
"['5/8/15', '5/7/15']","[0.21796590089797974, -0.07768923044204712, -0.009891094639897346, -0.014798320829868317, 0.5255403518676758]"
"['5/9/15', '5/8/15']","[0.3256331980228424, -0.2484046220779419, 0.04473889246582985, 0.166018545627594, 0.4071151614189148]"
"['5/10/15', '5/9/15']","[0.2530767023563385, -0.3707716763019562, 0.047340743243694305, 0.356209397315979, 0.5488091111183167]"
"['5/11/15', '5/10/15']","[0.18982258439064026, -0.04216247797012329, -0.06330407410860062, -0.02177027240395546, 0.41155123710632324]"
"['5/12/15', '5/11/15']","[0.173683762550354, 0.006947779096662998, -0.057218581438064575, -0.0332159548997879, 0.44370949268341064]"
"['5/13/15', '5/12/15']","[0.08262302726507187, -0.18546929955482483, -0.06633339077234268, 0.20981931686401367, 0.7009360194206238]"
"['5/15/15', '5/13/15']","[0.14154112339019775, -0.08577065169811249, -0.043034911155700684, -0.01101243868470192, 0.37542787194252014]"
"['5/16/15', '5/15/15']","[0.11689703911542892, 0.14022119343280792, -0.06758717447519302, -0.24785616993904114, 0.7766605019569397]"
"['5/17/15', '5/16/15']","[-0.03848208859562874, 0.06193940341472626, -0.1337808072566986, -0.1819743812084198, 0.4898917078971863]"
"['5/19/15', '5/17/15']","[0.15938304364681244, 0.1164165586233139, -0.05758487433195114, -0.18963146209716797, 0.6750186681747437]"
"['5/20/15', '5/19/15']","[0.05452626943588257, 0.13293373584747314, -0.09745842218399048, -0.24297991394996643, 0.7026365399360657]"
"['5/21/15', '5/20/15']","[-0.03677709773182869, 0.2645378112792969, -0.13652172684669495, -0.3990308344364166, 0.7977501749992371]"
"['5/22/15', '5/21/15']","[0.11002793163061142, 0.1014227569103241, -0.10187817364931107, -0.18879178166389465, 0.47860461473464966]"
"['5/23/15', '5/22/15']","[-0.21491673588752747, 0.224472314119339, -0.06771988421678543, -0.2927774488925934, 0.6135662198066711]"
"['5/24/15', '5/23/15']","[0.12506094574928284, 0.05917076766490936, -0.08329299837350845, -0.13937589526176453, 0.5576285123825073]"
"['5/25/15', '5/24/15']","[-0.013828768394887447, 0.13607525825500488, -0.15282118320465088, -0.27587607502937317, 0.3997340500354767]"
"['5/26/15', '5/25/15']","[0.02782214991748333, 0.26915615797042847, -0.10897787660360336, -0.40031698346138, 0.9362996220588684]"
"['5/27/15', '5/26/15']","[0.1479991376399994, 0.11480119824409485, -0.07930833846330643, -0.18484243750572205, 0.6133016347885132]"
"['5/28/15', '5/27/15']","[-0.059231165796518326, 0.29780882596969604, -0.12376239150762558, -0.4744488298892975, 1.1063954830169678]"
"['5/29/15', '5/28/15']","[0.18723976612091064, 0.03776802122592926, -0.06873375922441483, -0.09125124663114548, 0.48631101846694946]"
"['5/30/15', '5/29/15']","[0.041686542332172394, 0.048844460397958755, -0.11792043596506119, -0.07778480648994446, 0.6570104956626892]"
"['5/31/15', '5/30/15']","[0.18906089663505554, 0.10656483471393585, -0.07627833634614944, -0.16330310702323914, 0.5377002954483032]"
"['6/1/15', '5/31/15']","[0.10789082944393158, 0.17058168351650238, -0.0749092623591423, -0.23638054728507996, 0.7139256000518799]"
"['6/2/15', '6/1/15']","[0.2247801274061203, -0.020234595984220505, -0.03948400169610977, -0.044688835740089417, 0.48502910137176514]"
"['6/3/15', '6/2/15']","[-0.13342972099781036, 0.24938565492630005, -0.13533705472946167, -0.3949231803417206, 0.8441348075866699]"
"['6/4/15', '6/3/15']","[-0.04415746405720711, 0.3056834936141968, -0.11371447890996933, -0.4527187645435333, 1.0488773584365845]"
"['6/5/15', '6/4/15']","[-0.11115692555904388, 0.4540208578109741, -0.1345193088054657, -0.6342185735702515, 1.3131264448165894]"
"['6/6/15', '6/5/15']","[0.13922223448753357, 0.1170504093170166, -0.07487417012453079, -0.11286456137895584, 0.671097457408905]"
"['6/7/15', '6/6/15']","[0.11640128493309021, 0.11778298020362854, -0.08161259442567825, -0.17441484332084656, 0.5182042717933655]"
"['6/9/15', '6/7/15']","[-0.1381973922252655, 0.35205191373825073, -0.018805406987667084, -0.3393491506576538, 1.1443824768066406]"
"['6/10/15', '6/9/15']","[-0.22876034677028656, 0.44790175557136536, -0.027608908712863922, -0.47555825114250183, 1.431557297706604]"
"['6/11/15', '6/10/15']","[-0.15221066772937775, 0.2718747556209564, -0.08221028000116348, -0.3488154709339142, 0.9778697490692139]"
"['6/12/15', '6/11/15']","[0.006861729081720114, 0.1330001950263977, -0.06404513865709305, -0.26650458574295044, 0.8313655853271484]"
"['6/13/15', '6/12/15']","[0.20286677777767181, -0.02552410587668419, -0.0371236614882946, -0.04621010273694992, 0.4669125974178314]"
"['6/14/15', '6/13/15']","[0.11128692328929901, -0.07245105504989624, -0.07071170210838318, 0.04030221700668335, 0.6263182759284973]"
"['6/15/15', '6/14/15']","[0.174432635307312, 0.13878092169761658, -0.07606495171785355, -0.18756148219108582, 0.5861068367958069]"
"['6/16/15', '6/15/15']","[0.1450919657945633, 0.059522755444049835, -0.0835660770535469, -0.08009803295135498, 0.6449114084243774]"
"['6/17/15', '6/16/15']","[0.18746598064899445, 0.1073676347732544, -0.07623789459466934, -0.1641930341720581, 0.5380919575691223]"
"['6/18/15', '6/17/15']","[0.1307033747434616, 0.17130924761295319, -0.07293185591697693, -0.22569632530212402, 0.6779890060424805]"
"['6/19/15', '6/18/15']","[0.2531164884567261, -0.09176786243915558, -0.021342981606721878, 0.07937782257795334, 0.20262540876865387]"
"['6/20/15', '6/19/15']","[0.20125657320022583, -0.009990560822188854, -0.01825396716594696, 0.017534617334604263, 0.36588093638420105]"
"['6/21/15', '6/20/15']","[0.23738925158977509, -0.04145190492272377, -0.035403914749622345, 0.016657773405313492, 0.2908201813697815]"
"['6/23/15', '6/21/15']","[0.04390431568026543, 0.10623034834861755, -0.055806420743465424, -0.13603103160858154, 0.6781549453735352]"
"['6/24/15', '6/23/15']","[-0.2069564163684845, 0.25550389289855957, -0.14585551619529724, -0.417595237493515, 0.9552116394042969]"
"['6/25/15', '6/24/15']","[0.00901441927999258, 0.1248217225074768, -0.027047432959079742, -0.10873483866453171, 0.7339172959327698]"
"['6/26/15', '6/25/15']","[0.037339601665735245, 0.2560461759567261, -0.10327965766191483, -0.37672802805900574, 0.9065209031105042]"
"['6/28/15', '6/26/15']","[0.1916610151529312, 0.03975696489214897, -0.057925887405872345, -0.07009217888116837, 0.47305846214294434]"
"['6/29/15', '6/28/15']","[0.003945184405893087, 0.18988364934921265, -0.06709893047809601, -0.2994440495967865, 0.9114134311676025]"
"['6/30/15', '6/29/15']","[0.023010095581412315, 0.2220337688922882, -0.10166247934103012, -0.3287447690963745, 0.7737047672271729]"
"['7/1/15', '6/30/15']","[-0.0493086613714695, 0.2576351761817932, -0.14952093362808228, -0.42203497886657715, 0.7511627078056335]"
"['7/2/15', '7/1/15']","[0.01976078189909458, 0.17550969123840332, -0.09989235550165176, -0.25912120938301086, 0.6119364500045776]"
"['7/3/15', '7/2/15']","[0.0806409940123558, -0.07056643068790436, -0.059306271374225616, 0.12226462364196777, 0.6802583932876587]"
"['7/4/15', '7/3/15']","[-0.0039648995734751225, 0.1428655982017517, -0.09962465614080429, -0.2566070854663849, 0.7211390137672424]"
"['7/5/15', '7/4/15']","[0.167022243142128, -0.013698534108698368, -0.05402921885251999, -0.03866402059793472, 0.47336387634277344]"
"['7/6/15', '7/5/15']","[0.12523645162582397, 0.10965010523796082, -0.014174088835716248, -0.07376892119646072, 0.603640615940094]"
"['7/7/15', '7/6/15']","[0.12623491883277893, 0.17014364898204803, -0.08547123521566391, -0.24777910113334656, 0.6930516362190247]"
"['7/8/15', '7/7/15']","[0.04584597796201706, 0.22727349400520325, -0.09099020063877106, -0.3178209960460663, 0.806235134601593]"
"['7/10/15', '7/8/15']","[0.1804964542388916, 0.03836609423160553, -0.053140148520469666, -0.07964950054883957, 0.5049923658370972]"
"['7/11/15', '7/10/15']","[0.18188193440437317, 0.031874775886535645, -0.07165645062923431, -0.09548347443342209, 0.4904388189315796]"
"['7/12/15', '7/11/15']","[0.15913721919059753, 0.08874981850385666, -0.03266734629869461, -0.09160175174474716, 0.5698593258857727]"
"['7/17/15', '7/12/15']","[0.06940348446369171, 0.08768593519926071, -0.0048177726566791534, -0.03241755813360214, 0.7667924165725708]"
"['7/18/15', '7/17/15']","[0.2827780246734619, -0.18847480416297913, 0.03974784165620804, 0.13033539056777954, 0.4435453414916992]"
"['7/19/15', '7/18/15']","[0.24207961559295654, -0.09745507687330246, 0.007994632236659527, 0.026146793738007545, 0.5322218537330627]"
"['7/21/15', '7/19/15']","[0.25684958696365356, -0.10252571105957031, 0.009435661137104034, 0.06284713745117188, 0.45041757822036743]"
"['7/22/15', '7/21/15']","[0.13590295612812042, -0.07666993141174316, 0.005016535520553589, -0.09823087602853775, 0.8371078372001648]"
"['7/23/15', '7/22/15']","[0.21483765542507172, -0.15109695494174957, 0.04115428030490875, 0.03284358233213425, 0.6927657127380371]"
"['7/24/15', '7/23/15']","[0.12424547970294952, 0.17831967771053314, -0.08977210521697998, -0.26448264718055725, 0.7031346559524536]"
"['7/25/15', '7/24/15']","[0.11957292258739471, 0.16034241020679474, -0.08435019105672836, -0.2559996545314789, 0.7119508981704712]"
"['7/26/15', '7/25/15']","[0.1041075736284256, 0.0762166827917099, -0.10111995041370392, -0.1832835078239441, 0.4490704834461212]"
"['7/27/15', '7/26/15']","[0.22056758403778076, -0.0255582258105278, -0.027416717261075974, -0.038733817636966705, 0.4664885699748993]"
"['7/28/15', '7/27/15']","[0.031709473580121994, 0.24695461988449097, -0.09946420788764954, -0.38590875267982483, 0.9685969948768616]"
"['7/29/15', '7/28/15']","[0.20818565785884857, 0.016041412949562073, -0.027082402259111404, -0.08743799477815628, 0.599741518497467]"
"['7/30/15', '7/29/15']","[-0.04556233808398247, 0.22845736145973206, -0.05329010635614395, -0.4180656969547272, 1.246674656867981]"
"['7/31/15', '7/30/15']","[-0.11087483912706375, 0.31888002157211304, -0.03726746514439583, -0.4315427839756012, 1.3065401315689087]"
"['8/1/15', '7/31/15']","[0.055088844150304794, 0.1834864616394043, -0.07169943302869797, -0.33232492208480835, 0.9585627317428589]"
"['8/2/15', '8/1/15']","[0.02816987968981266, 0.12794961035251617, -0.03135348856449127, -0.28640347719192505, 1.0622278451919556]"
"['8/3/15', '8/2/15']","[0.0994243398308754, 0.06583833694458008, -0.06274650990962982, 0.0008044913411140442, 0.797050416469574]"
"['8/4/15', '8/3/15']","[-0.14661799371242523, 0.24866047501564026, -0.05130995810031891, -0.29562750458717346, 0.6005571484565735]"
"['8/5/15', '8/4/15']","[0.011301879771053791, 0.2634967565536499, -0.0994662493467331, -0.36014482378959656, 0.9212546348571777]"
"['8/7/15', '8/5/15']","[0.03565146028995514, 0.1036788821220398, -0.11632444709539413, -0.18610671162605286, 0.5926297307014465]"
"['8/8/15', '8/7/15']","[0.15975646674633026, 0.07900603860616684, -0.04756493866443634, -0.14476504921913147, 0.6346450448036194]"
"['8/9/15', '8/8/15']","[0.2002853900194168, -0.0637047216296196, -0.014141876250505447, 0.002063712105154991, 0.4635302722454071]"
"['8/10/15', '8/9/15']","[0.1638888567686081, 0.10076691210269928, -0.08365021646022797, -0.1497446894645691, 0.5131105184555054]"
"['8/11/15', '8/10/15']","[-0.12076298147439957, 0.24067315459251404, -0.057323820888996124, -0.291106641292572, 0.5771573185920715]"
"['8/12/15', '8/11/15']","[0.2517542243003845, -0.001996944658458233, -0.027021408081054688, 0.045989520847797394, 0.5521025657653809]"
"['8/14/15', '8/12/15']","[0.17172053456306458, 0.08773690462112427, -0.10773574560880661, -0.10675639659166336, 0.5537575483322144]"
"['8/15/15', '8/14/15']","[0.017449354752898216, 0.2375943660736084, -0.13030296564102173, -0.34589168429374695, 0.9257454872131348]"
"['8/16/15', '8/15/15']","[0.18890656530857086, 0.07938913255929947, -0.07559817284345627, -0.1165563240647316, 0.5227810144424438]"
"['8/17/15', '8/16/15']","[0.15729428827762604, 0.11108773946762085, -0.05777217447757721, -0.16060659289360046, 0.614043116569519]"
"['8/18/15', '8/17/15']","[0.18885505199432373, 0.1067766323685646, -0.07632248103618622, -0.16355469822883606, 0.5379248857498169]"
"['8/19/15', '8/18/15']","[0.09029512852430344, 0.20566169917583466, -0.09777139127254486, -0.3059532940387726, 0.7794284820556641]"
"['8/20/15', '8/19/15']","[0.0650547444820404, -0.011998348869383335, -0.10147245228290558, 0.028729848563671112, 0.7415928840637207]"
"['8/21/15', '8/20/15']","[0.13058531284332275, 0.11863592267036438, -0.08793050050735474, -0.19817155599594116, 0.5855196714401245]"
"['8/22/15', '8/21/15']","[0.1337631493806839, 0.15818849205970764, -0.08465830236673355, -0.2388182282447815, 0.6654561161994934]"
"['8/23/15', '8/22/15']","[0.19467966258525848, 0.08613912016153336, -0.06404361873865128, -0.1307479739189148, 0.5256991386413574]"
"['8/24/15', '8/23/15']","[0.23255228996276855, 0.04611137509346008, -0.04130757227540016, -0.052858687937259674, 0.4097576439380646]"
"['8/25/15', '8/24/15']","[0.19562573730945587, 0.08532475680112839, -0.04790366441011429, -0.10350460559129715, 0.5001813173294067]"
"['8/26/15', '8/25/15']","[-0.12098197638988495, 0.23390698432922363, -0.04640094190835953, -0.28257039189338684, 0.5514200329780579]"
"['8/27/15', '8/26/15']","[0.24252387881278992, 0.04370551556348801, -0.04408878833055496, -0.05375604331493378, 0.39635351300239563]"
"['8/28/15', '8/27/15']","[0.18045933544635773, 0.1035042554140091, -0.06303760409355164, -0.14057213068008423, 0.5419207811355591]"
"['8/29/15', '8/28/15']","[0.1987103819847107, 0.051994726061820984, -0.06622043251991272, -0.10275561362504959, 0.47109726071357727]"
"['8/30/15', '8/29/15']","[0.12638376653194427, 0.07208836078643799, 0.005094379186630249, -0.028836999088525772, 0.5943235158920288]"
"['8/31/15', '8/30/15']","[0.16299931704998016, 0.10779514908790588, -0.0507950633764267, -0.1264989972114563, 0.5648051500320435]"
"['9/1/15', '8/31/15']","[-0.1351141780614853, 0.2400084137916565, -0.060779742896556854, -0.31230661273002625, 0.5837763547897339]"
"['9/2/15', '9/1/15']","[0.18952345848083496, 0.1056039035320282, -0.07560762017965317, -0.16145741939544678, 0.5337981581687927]"
"['9/4/15', '9/2/15']","[0.03836330026388168, 0.06705382466316223, -0.084386445581913, -0.07494256645441055, 0.6657191514968872]"
"['9/5/15', '9/4/15']","[0.02205122634768486, 0.1306033432483673, -0.050934016704559326, -0.22782501578330994, 0.7469736337661743]"
"['9/6/15', '9/5/15']","[0.24902984499931335, -0.09067642688751221, -0.023998402059078217, 0.07445346564054489, 0.21302223205566406]"
"['9/7/15', '9/6/15']","[0.23062928020954132, -0.25723445415496826, 0.007781278342008591, 0.13828745484352112, 0.3188275098800659]"
"['9/8/15', '9/7/15']","[0.2516271770000458, -0.0828193947672844, -0.011819025501608849, 0.0172609593719244, 0.4602373242378235]"
"['9/9/15', '9/8/15']","[0.14675647020339966, -0.1965319812297821, -0.034675974398851395, 0.21136391162872314, 0.6675119996070862]"
"['9/11/15', '9/9/15']","[0.17837662994861603, -0.03722284361720085, -0.044229231774806976, -0.022161468863487244, 0.38317105174064636]"
"['9/12/15', '9/11/15']","[0.17642183601856232, 0.0389036163687706, -0.048956744372844696, -0.030387572944164276, 0.4882359504699707]"
"['9/13/15', '9/12/15']","[0.2168598622083664, 0.05992671847343445, -0.055626966059207916, -0.09156128019094467, 0.4560231566429138]"
"['9/14/15', '9/13/15']","[0.06448232382535934, 0.10525322705507278, -0.052071958780288696, -0.12530821561813354, 0.6509826183319092]"
"['9/15/15', '9/14/15']","[0.09033935517072678, 0.08523071557283401, -0.02935946360230446, -0.06846114248037338, 0.5989151000976562]"
"['9/16/15', '9/15/15']","[-0.23498526215553284, 0.2056168019771576, -0.04256604611873627, -0.2465246617794037, 0.6299250721931458]"
"['9/17/15', '9/16/15']","[0.07314249873161316, 0.13921891152858734, -0.09509382396936417, -0.22722682356834412, 0.6904879212379456]"
"['9/18/15', '9/17/15']","[0.10561715066432953, 0.14259876310825348, -0.10541503131389618, -0.23698529601097107, 0.553780198097229]"
"['9/19/15', '9/18/15']","[0.1333325058221817, 0.0663471519947052, -0.09211216121912003, -0.14512789249420166, 0.44845449924468994]"
"['9/20/15', '9/19/15']","[0.1884557455778122, 0.06130431592464447, -0.0537232980132103, -0.10517454892396927, 0.5285504460334778]"
"['9/22/15', '9/20/15']","[0.18601906299591064, -0.03888017684221268, -0.03546049818396568, 0.013649320229887962, 0.46314504742622375]"
"['9/23/15', '9/22/15']","[-0.007381992880254984, 0.25141242146492004, -0.04368627816438675, -0.28072550892829895, 0.9396384358406067]"
"['9/24/15', '9/23/15']","[0.16376148164272308, 0.07488199323415756, -0.047311462461948395, -0.0944627895951271, 0.5350801348686218]"
"['9/25/15', '9/24/15']","[0.043791402131319046, -0.014744401909410954, -0.017155084758996964, 0.062356751412153244, 0.7390528917312622]"
"['9/26/15', '9/25/15']","[0.047391850501298904, 0.04578455910086632, -0.019868098199367523, -0.04922768473625183, 0.6626603603363037]"
"['9/27/15', '9/26/15']","[0.08292458951473236, 0.06034594029188156, 0.030237533152103424, 0.018678385764360428, 0.6292989253997803]"
"['9/28/15', '9/27/15']","[0.25038543343544006, -0.10964168608188629, -0.007871691137552261, 0.11386456340551376, 0.18065038323402405]"
"['9/30/15', '9/28/15']","[0.22220809757709503, -0.11480428278446198, -0.01004713773727417, 0.10058289021253586, 0.257068008184433]"
"['10/1/15', '9/30/15']","[0.18196448683738708, 0.01122536975890398, -0.00396251305937767, 0.01769404113292694, 0.4169144630432129]"
"['10/3/15', '10/1/15']","[0.17463725805282593, 0.058004677295684814, -0.020102474838495255, -0.02514948695898056, 0.6083762049674988]"
"['10/4/15', '10/3/15']","[0.17792607843875885, 0.2124846875667572, -0.024334166198968887, -0.15256038308143616, 0.5995849967002869]"
"['3/4/16', '3/3/16']","[0.03258241340517998, 0.13854560256004333, -0.06605570018291473, -0.05295828729867935, 0.9308114051818848]"
"['3/5/16', '3/4/16']","[-0.05469890311360359, 0.4473458528518677, -0.10799165815114975, -0.5564701557159424, 1.2066426277160645]"
"['3/6/16', '3/5/16']","[-0.20216618478298187, 0.4013608694076538, -0.12837785482406616, -0.5333356261253357, 1.2766929864883423]"
"['3/7/16', '3/6/16']","[-0.1235063374042511, 0.44531965255737305, -0.09968729317188263, -0.5068841576576233, 1.2204524278640747]"
"['3/8/16', '3/7/16']","[-0.14412426948547363, 0.21328431367874146, -0.10641171783208847, -0.21528413891792297, 1.1164186000823975]"
"['3/9/16', '3/8/16']","[-0.1517626941204071, 0.4418526589870453, -0.11086737364530563, -0.5020257234573364, 1.3052539825439453]"
"['3/11/16', '3/9/16']","[-0.0502677746117115, 0.37110596895217896, -0.07839372009038925, -0.3973871171474457, 1.1242523193359375]"
"['3/12/16', '3/11/16']","[-0.09428073465824127, 0.5110176205635071, -0.10916931182146072, -0.615237832069397, 1.3178694248199463]"
"['3/13/16', '3/12/16']","[-0.017458921298384666, 0.25906437635421753, -0.08221709728240967, -0.29424795508384705, 0.8830427527427673]"
"['3/14/16', '3/13/16']","[0.07816639542579651, 0.34693318605422974, -0.06827264279127121, -0.35357216000556946, 0.8823876976966858]"
"['3/16/16', '3/14/16']","[-0.010759378783404827, 0.3674062490463257, -0.07224889099597931, -0.42674848437309265, 1.0353941917419434]"
"['3/17/16', '3/16/16']","[-0.19681407511234283, 0.4472081661224365, -0.13116806745529175, -0.5919162631034851, 1.3425530195236206]"
"['3/18/16', '3/17/16']","[-0.09438368678092957, 0.49862349033355713, -0.1148238405585289, -0.6209750175476074, 1.3154813051223755]"
"['3/23/16', '3/18/16']","[0.012201559729874134, 0.3079351484775543, -0.08178582042455673, -0.31196561455726624, 0.9695276618003845]"
"['3/24/16', '3/23/16']","[0.021093418821692467, 0.4141188859939575, -0.07927338778972626, -0.44734469056129456, 1.051466941833496]"
"['3/25/16', '3/24/16']","[-0.049954939633607864, 0.45032334327697754, -0.10112851858139038, -0.5285025835037231, 1.1543538570404053]"
"['3/26/16', '3/25/16']","[-0.16645348072052002, 0.4653840959072113, -0.11707653850317001, -0.5682587623596191, 1.2877520322799683]"
"['3/27/16', '3/26/16']","[-0.018172377720475197, 0.1018114909529686, -0.09003093838691711, -0.04573483020067215, 0.8256824612617493]"
"['3/28/16', '3/27/16']","[-0.08356095105409622, 0.3432973623275757, -0.0998506024479866, -0.4117371737957001, 1.0622330904006958]"
"['3/30/16', '3/28/16']","[-0.09312224388122559, 0.4157957136631012, -0.08393865078687668, -0.48692163825035095, 1.2230563163757324]"
"['3/31/16', '3/30/16']","[-0.1228974312543869, 0.3122127652168274, -0.0835285559296608, -0.19001826643943787, 1.1973235607147217]"
"['4/1/16', '3/31/16']","[-0.10478070378303528, 0.5248353481292725, -0.10212638229131699, -0.6033201217651367, 1.3238359689712524]"
"['4/4/16', '4/1/16']","[-0.07080432772636414, 0.41809535026550293, -0.08179637044668198, -0.430237740278244, 1.2193461656570435]"
"['4/6/16', '4/4/16']","[0.11006195843219757, 0.14191195368766785, -0.05875236541032791, -0.14482927322387695, 0.6171278357505798]"
"['4/7/16', '4/6/16']","[0.02025770954787731, 0.11792223155498505, -0.09637213498353958, -0.19401293992996216, 0.6930143237113953]"
"['4/8/16', '4/7/16']","[0.06663285195827484, 0.2330043762922287, -0.10066277533769608, -0.3274019956588745, 0.8303236365318298]"
"['4/10/16', '4/8/16']","[0.14115111529827118, 0.1056598648428917, -0.05919843167066574, -0.12070436030626297, 0.5654760599136353]"
"['4/11/16', '4/10/16']","[-0.16487367451190948, 0.1879936158657074, -0.14885550737380981, -0.3480934798717499, 0.8471481204032898]"
"['4/12/16', '4/11/16']","[-0.014882230199873447, 0.04087985306978226, -0.08433032780885696, -0.15699303150177002, 0.7484999895095825]"
"['4/13/16', '4/12/16']","[-0.3523728847503662, 0.1426435112953186, -0.08389449119567871, -0.23551207780838013, 0.6414462924003601]"
"['4/14/16', '4/13/16']","[0.08608672022819519, 0.06200031936168671, -0.08934549987316132, -0.13056227564811707, 0.565855860710144]"
"['4/15/16', '4/14/16']","[0.1258336752653122, 0.1712491512298584, -0.08901852369308472, -0.2543274164199829, 0.6931400895118713]"
"['4/16/16', '4/15/16']","[-0.11227276921272278, 0.3708069324493408, -0.13529765605926514, -0.5350611209869385, 1.2454956769943237]"
"['4/19/16', '4/16/16']","[0.22494716942310333, 0.009343487210571766, -0.03668495640158653, -0.03220605105161667, 0.4043351411819458]"
"['4/20/16', '4/19/16']","[0.2111670970916748, 0.021908234804868698, -0.04516729712486267, -0.048947498202323914, 0.40011098980903625]"
"['4/21/16', '4/20/16']","[0.027684619650244713, 0.13086111843585968, -0.002776326611638069, -0.0926784798502922, 0.6738698482513428]"
"['4/22/16', '4/21/16']","[0.11631788313388824, -0.013704744167625904, -0.03587304800748825, 0.09317012876272202, 0.6557482481002808]"
"['4/23/16', '4/22/16']","[-0.026594651862978935, 0.18074198067188263, -0.10219677537679672, -0.2884964346885681, 0.8447468876838684]"
"['4/24/16', '4/23/16']","[0.190874382853508, 0.007431983016431332, -0.04623319208621979, -0.01442139595746994, 0.3927640914916992]"
"['4/25/16', '4/24/16']","[0.03316396847367287, 0.07569374889135361, -0.10146823525428772, -0.09987496584653854, 0.8569448590278625]"
"['4/26/16', '4/25/16']","[0.02498079277575016, 0.23391970992088318, -0.10757293552160263, -0.35326775908470154, 0.8765807151794434]"
"['4/27/16', '4/26/16']","[-0.04884352162480354, 0.3765782117843628, -0.11102809756994247, -0.5113502740859985, 1.142878770828247]"
"['4/28/16', '4/27/16']","[0.0866682380437851, 0.1472371369600296, -0.09390068054199219, -0.24614360928535461, 0.7185757160186768]"
"['4/29/16', '4/28/16']","[0.10160662978887558, -0.0297098308801651, -0.09518127888441086, -0.0635971799492836, 0.4339562952518463]"
"['4/30/16', '4/29/16']","[0.09145767241716385, 0.02373512089252472, -0.09236734360456467, -0.10613293200731277, 0.5039030313491821]"
"['5/1/16', '4/30/16']","[-0.007076697889715433, -0.16690018773078918, -0.07962513715028763, 0.18173298239707947, 0.6782284379005432]"
"['5/3/16', '5/1/16']","[0.12171270698308945, 0.09239950031042099, -0.0520624965429306, -0.1172284409403801, 0.49669772386550903]"
"['5/4/16', '5/3/16']","[0.19147470593452454, -0.004749332554638386, -0.04872354865074158, -0.06888844817876816, 0.4962988793849945]"
"['5/5/16', '5/4/16']","[0.06437887996435165, -0.11886020004749298, -0.07421834021806717, 0.1284434199333191, 0.7555694580078125]"
"['5/7/16', '5/5/16']","[0.10453462600708008, 0.010390209965407848, -0.04753924906253815, -0.00011612474918365479, 0.6474485993385315]"
"['5/8/16', '5/7/16']","[0.046195026487112045, 0.13873949646949768, -0.11091194301843643, -0.22302013635635376, 0.4651763141155243]"
"['5/10/16', '5/8/16']","[0.10274802148342133, 0.21641284227371216, -0.08702562749385834, -0.27647364139556885, 0.7617531418800354]"
"['5/11/16', '5/10/16']","[-0.017668748274445534, 0.1377391666173935, -0.11813002079725266, -0.19088485836982727, 0.9692240357398987]"
"['5/12/16', '5/11/16']","[0.20381894707679749, -0.03785819187760353, -0.040645819157361984, -0.03859585523605347, 0.4786287248134613]"
"['5/13/16', '5/12/16']","[0.212365984916687, -0.05703537166118622, -0.032626647502183914, -0.01031627506017685, 0.4730468690395355]"
"['5/14/16', '5/13/16']","[0.2181604951620102, 0.03079678863286972, -0.050435200333595276, -0.0930255725979805, 0.5098646879196167]"
"['5/15/16', '5/14/16']","[0.22291484475135803, -0.022348878905177116, -0.01785280555486679, -0.01909692957997322, 0.49354708194732666]"
"['5/17/16', '5/15/16']","[0.22294016182422638, 0.024804573506116867, -0.038618460297584534, -0.047779180109500885, 0.456300288438797]"
"['5/18/16', '5/17/16']","[0.017020298168063164, 0.2656208872795105, -0.1078982725739479, -0.37868621945381165, 0.9357592463493347]"
"['5/19/16', '5/18/16']","[0.06240782514214516, 0.14080828428268433, -0.08390846103429794, -0.23313942551612854, 0.7794061303138733]"
"['5/20/16', '5/19/16']","[0.16278184950351715, -0.05039401352405548, -0.04519321769475937, -0.022588633000850677, 0.48060116171836853]"
"['5/21/16', '5/20/16']","[0.057601943612098694, 0.15808376669883728, -0.05956319719552994, -0.2435152530670166, 0.7949681282043457]"
"['5/22/16', '5/21/16']","[-0.07407309114933014, 0.2869252562522888, -0.09091398864984512, -0.49410173296928406, 1.2623693943023682]"
"['5/24/16', '5/22/16']","[0.08512526005506516, 0.22949188947677612, -0.057098694145679474, -0.22671633958816528, 0.6832711100578308]"
"['5/25/16', '5/24/16']","[-0.13460223376750946, 0.2944689691066742, -0.1346549391746521, -0.4606422483921051, 1.1117937564849854]"
"['5/26/16', '5/25/16']","[0.004211020190268755, 0.07571457326412201, -0.12155971676111221, -0.1803291141986847, 0.5122290253639221]"
"['5/27/16', '5/26/16']","[0.07390114665031433, 0.17678111791610718, -0.10902703553438187, -0.27041539549827576, 0.6624510884284973]"
"['5/28/16', '5/27/16']","[0.13604001700878143, 0.05167306214570999, -0.08624717593193054, -0.12147601693868637, 0.5362444519996643]"
"['5/29/16', '5/28/16']","[0.07194577157497406, 0.055663615465164185, -0.09112598747015, -0.12583735585212708, 0.5695984959602356]"
"['5/30/16', '5/29/16']","[-0.1650909036397934, -0.11881022155284882, -0.11082274466753006, 0.15812566876411438, 0.9104435443878174]"
"['5/31/16', '5/30/16']","[-0.002552023623138666, 0.034301020205020905, -0.08577392995357513, -0.09125683456659317, 0.607422947883606]"
"['6/1/16', '5/31/16']","[-0.19369074702262878, 0.18442344665527344, -0.14384686946868896, -0.3433915972709656, 0.9592827558517456]"
"['6/2/16', '6/1/16']","[-0.2816174328327179, 0.19050301611423492, -0.08008765429258347, -0.2779485285282135, 0.633594810962677]"
"['6/3/16', '6/2/16']","[0.1544226109981537, 0.03731144219636917, -0.06723416596651077, -0.10345753282308578, 0.5351335406303406]"
"['6/4/16', '6/3/16']","[-0.013676282949745655, 0.1413041651248932, -0.11624207347631454, -0.27938804030418396, 0.7011294364929199]"
"['6/5/16', '6/4/16']","[0.11675448715686798, -0.19239720702171326, -0.04356437176465988, 0.22296679019927979, 0.7770436406135559]"
"['6/6/16', '6/5/16']","[0.194131001830101, 0.08890944719314575, -0.06986301392316818, -0.13580366969108582, 0.5073549747467041]"
"['6/7/16', '6/6/16']","[0.14220952987670898, -0.020029734820127487, -0.04974326491355896, 0.06643541157245636, 0.5774776339530945]"
"['6/8/16', '6/7/16']","[-0.08944270759820938, 0.20167119801044464, -0.0341060645878315, -0.2326362431049347, 0.4748809039592743]"
"['6/9/16', '6/8/16']","[0.11267191171646118, 0.08631811290979385, -0.02224164456129074, -0.09285648912191391, 0.5867507457733154]"
"['6/10/16', '6/9/16']","[-0.07728658616542816, 0.2669967710971832, -0.027197226881980896, -0.29976463317871094, 1.0312552452087402]"
"['6/11/16', '6/10/16']","[0.013239189051091671, 0.13406145572662354, 0.022823218256235123, -0.07821067422628403, 0.7539505958557129]"
"['6/12/16', '6/11/16']","[0.06484922021627426, 0.08675313740968704, -0.043743669986724854, -0.1661502718925476, 0.6424810886383057]"
"['6/14/16', '6/12/16']","[-0.07840593159198761, 0.2937397360801697, -0.0904553011059761, -0.39097270369529724, 1.0555166006088257]"
"['6/15/16', '6/14/16']","[-0.029350945726037025, 0.012807278893887997, -0.1038273498415947, -0.09455252438783646, 0.5972841382026672]"
"['6/16/16', '6/15/16']","[0.065489262342453, 0.06298082321882248, -0.06939879059791565, -0.1018085852265358, 0.5870139598846436]"
"['6/17/16', '6/16/16']","[-0.11621193587779999, 0.09599387645721436, -0.01974336802959442, -0.13048377633094788, 0.3553501069545746]"
"['6/18/16', '6/17/16']","[0.033949751406908035, 0.17183929681777954, -0.08410613983869553, -0.2568920850753784, 0.8080413937568665]"
"['6/19/16', '6/18/16']","[0.22289133071899414, 0.0059479596093297005, -0.0479842945933342, -0.03917080909013748, 0.3660775125026703]"
"['6/20/16', '6/19/16']","[0.1814560443162918, 0.09587030112743378, -0.06221751868724823, -0.1337813138961792, 0.5303637981414795]"
"['6/21/16', '6/20/16']","[0.12667137384414673, 0.12554381787776947, -0.08667104691267014, -0.19963952898979187, 0.623162567615509]"
"['6/22/16', '6/21/16']","[0.09371358156204224, 0.15100261569023132, -0.09930003434419632, -0.24282410740852356, 0.6419430375099182]"
"['6/24/16', '6/22/16']","[0.07180134952068329, 0.23833876848220825, -0.08539022505283356, -0.3163880407810211, 0.8327487707138062]"
"['6/25/16', '6/24/16']","[-0.13412581384181976, 0.2544064521789551, -0.06134011596441269, -0.32490167021751404, 0.593213677406311]"
"['6/26/16', '6/25/16']","[0.18204443156719208, 0.10450764000415802, -0.07701321691274643, -0.16199055314064026, 0.5395996570587158]"
"['6/28/16', '6/26/16']","[0.044425882399082184, -0.001960323192179203, -0.10229186713695526, -0.02711029350757599, 0.6438756585121155]"
"['6/29/16', '6/28/16']","[0.09936496615409851, 0.12890732288360596, -0.09219499677419662, -0.2089575231075287, 0.653397798538208]"
"['6/30/16', '6/29/16']","[0.14093823730945587, 0.13563162088394165, -0.08067920804023743, -0.19108372926712036, 0.6212953925132751]"
"['7/1/16', '6/30/16']","[-0.026915917173027992, 0.24195125699043274, -0.11882098764181137, -0.3639715313911438, 0.9133251309394836]"
"['7/2/16', '7/1/16']","[0.15367421507835388, 0.10077124834060669, -0.07919624447822571, -0.14686670899391174, 0.5764334201812744]"
"['7/3/16', '7/2/16']","[0.2138727605342865, -0.035639308393001556, -0.036636631935834885, -0.01120394840836525, 0.45860451459884644]"
"['7/4/16', '7/3/16']","[0.1906019002199173, -0.053040944039821625, -0.024342313408851624, 0.0028027817606925964, 0.500092089176178]"
"['7/5/16', '7/4/16']","[-0.01043939869850874, 0.18181882798671722, -0.060345105826854706, -0.22040781378746033, 0.7683642506599426]"
"['7/6/16', '7/5/16']","[-0.1267818808555603, 0.1969926357269287, -0.02660202607512474, -0.2492804229259491, 0.5877677202224731]"
"['7/8/16', '7/6/16']","[0.03717012703418732, 0.1425856500864029, -0.0846354141831398, -0.2376480996608734, 0.7314329743385315]"
"['7/9/16', '7/8/16']","[0.10910086333751678, 0.09820109605789185, -0.07995185256004333, -0.16556528210639954, 0.577039361000061]"
"['7/10/16', '7/9/16']","[0.1548663228750229, 0.10037011653184891, -0.0844324454665184, -0.16569280624389648, 0.5337777733802795]"
"['7/15/16', '7/10/16']","[0.04242577403783798, 0.14235346019268036, -0.05888090282678604, -0.1481722891330719, 0.817696750164032]"
"['7/16/16', '7/15/16']","[-0.12441684305667877, 0.3831930160522461, -0.13473519682884216, -0.576582670211792, 1.2500603199005127]"
"['7/17/16', '7/16/16']","[0.13338415324687958, 0.0787881463766098, -0.08234208822250366, -0.14031177759170532, 0.5478085279464722]"
"['7/18/16', '7/17/16']","[0.14697988331317902, -0.2396097332239151, -0.014274384826421738, 0.19020035862922668, 0.6540500521659851]"
"['7/19/16', '7/18/16']","[0.24713268876075745, -0.23361127078533173, 0.024307915940880775, 0.1433904767036438, 0.45452797412872314]"
"['7/20/16', '7/19/16']","[0.13024762272834778, -0.2615814805030823, -0.016082938760519028, 0.2503475844860077, 0.6415167450904846]"
"['7/21/16', '7/20/16']","[0.11993925273418427, -0.09515662491321564, -0.03501029312610626, 0.05407709628343582, 0.8118607997894287]"
"['7/22/16', '7/21/16']","[-0.13689889013767242, 0.24939751625061035, -0.06377645581960678, -0.3187224566936493, 0.5902248024940491]"
"['7/23/16', '7/22/16']","[0.04697081074118614, 0.019762255251407623, -0.09776687622070312, -0.0052857473492622375, 0.8303985595703125]"
"['7/24/16', '7/23/16']","[-0.015147577039897442, 0.2779800593852997, -0.10594822466373444, -0.41258230805397034, 1.0084216594696045]"
"['7/25/16', '7/24/16']","[-0.015798373147845268, -0.025672640651464462, -0.11300688236951828, 0.033335767686367035, 0.7843640446662903]"
"['7/26/16', '7/25/16']","[-0.03334290534257889, 0.1614753156900406, -0.11939821392297745, -0.2888248562812805, 0.7205778956413269]"
"['7/27/16', '7/26/16']","[0.020389048382639885, 0.22392258048057556, -0.10953544825315475, -0.3433230519294739, 0.8474571108818054]"
"['7/28/16', '7/27/16']","[-0.12460976094007492, 0.1516014039516449, -0.038712210953235626, -0.22089728713035583, 0.508504331111908]"
"['7/29/16', '7/28/16']","[0.06595658510923386, 0.09232678264379501, -0.054406844079494476, -0.18473833799362183, 0.6464018821716309]"
"['7/30/16', '7/29/16']","[-0.0471234954893589, 0.15943643450737, -0.05623174458742142, -0.28353139758110046, 0.8754417300224304]"
"['7/31/16', '7/30/16']","[0.2204132229089737, -0.06946752965450287, 0.0070417411625385284, 0.10479777306318283, 0.2710544168949127]"
"['8/2/16', '7/31/16']","[0.20494475960731506, 0.04853515326976776, -0.029537785798311234, -0.055193014442920685, 0.4746839702129364]"
"['8/3/16', '8/2/16']","[0.10918836295604706, 0.12147647142410278, -0.10819714516401291, -0.213978111743927, 0.4840319752693176]"
"['8/4/16', '8/3/16']","[0.16859400272369385, 0.06718000024557114, -0.0708068385720253, -0.12175718694925308, 0.5000149011611938]"
"['8/5/16', '8/4/16']","[0.05348701775074005, 0.028261572122573853, -0.08797942847013474, -0.12395144253969193, 0.6083446741104126]"
"['8/6/16', '8/5/16']","[0.06955787539482117, -0.07090131938457489, -0.08942896872758865, -0.02494322508573532, 0.40846043825149536]"
"['8/7/16', '8/6/16']","[0.1073339581489563, 0.08983435481786728, -0.02933616191148758, -0.0770711824297905, 0.5580167174339294]"
"['8/8/16', '8/7/16']","[-0.18627004325389862, 0.20807752013206482, 0.003307964652776718, -0.19122818112373352, 0.5979039072990417]"
"['8/9/16', '8/8/16']","[0.03930186852812767, 0.11490893363952637, -0.07642146199941635, -0.16437140107154846, 0.4952256381511688]"
"['8/10/16', '8/9/16']","[0.09833201766014099, 0.13132363557815552, -0.0502905398607254, -0.16718345880508423, 0.6775941848754883]"
"['8/11/16', '8/10/16']","[0.028678128495812416, 0.11494305729866028, -0.07749507576227188, -0.17429673671722412, 0.5889249444007874]"
"['8/12/16', '8/11/16']","[-0.11948850750923157, 0.23703411221504211, -0.052502527832984924, -0.2948031723499298, 0.5544564723968506]"
"['8/13/16', '8/12/16']","[-0.1248343214392662, 0.2389889359474182, -0.05516429990530014, -0.30184489488601685, 0.5626776218414307]"
"['8/14/16', '8/13/16']","[0.1887538582086563, 0.037412192672491074, -0.05948815494775772, -0.0748242661356926, 0.43773120641708374]"
"['8/16/16', '8/14/16']","[0.05064520984888077, 0.025452714413404465, -0.09029773622751236, -0.09789479523897171, 0.526892364025116]"
"['8/17/16', '8/16/16']","[-0.10604400932788849, 0.11535675823688507, -0.10316375643014908, -0.211696594953537, 0.8216367959976196]"
"['8/18/16', '8/17/16']","[0.14117498695850372, 0.0684870257973671, -0.07883631438016891, -0.1279546320438385, 0.5265705585479736]"
"['8/19/16', '8/18/16']","[0.07234003394842148, 0.15359114110469818, -0.09063226729631424, -0.22251081466674805, 0.7408756613731384]"
"['8/20/16', '8/19/16']","[0.06466277688741684, 0.11862504482269287, -0.12216032296419144, -0.22568315267562866, 0.45245516300201416]"
"['8/21/16', '8/20/16']","[0.18537475168704987, 0.035244036465883255, -0.060530222952365875, -0.07612188905477524, 0.4376883804798126]"
"['8/22/16', '8/21/16']","[0.167294442653656, 0.04626043885946274, -0.06577242910861969, -0.0973636582493782, 0.511976420879364]"
"['8/23/16', '8/22/16']","[0.16817151010036469, 0.06813478469848633, -0.07281213253736496, -0.12856963276863098, 0.5078356862068176]"
"['8/24/16', '8/23/16']","[-0.11127505451440811, 0.3855212926864624, -0.08703307807445526, -0.49933961033821106, 1.2291324138641357]"
"['8/25/16', '8/24/16']","[-0.03782348707318306, 0.23459461331367493, -0.0816764384508133, -0.34217721223831177, 0.9732726812362671]"
"['8/26/16', '8/25/16']","[0.06471621990203857, 0.03333461284637451, -0.036540690809488297, -0.18556639552116394, 0.8759905099868774]"
"['8/27/16', '8/26/16']","[0.18990004062652588, -0.2637554407119751, -0.001165812835097313, 0.25773870944976807, 0.5780268907546997]"
"['8/28/16', '8/27/16']","[0.21486759185791016, -0.05583006143569946, -0.03640342876315117, -0.017290305346250534, 0.3947896957397461]"
"['8/29/16', '8/28/16']","[0.14483357965946198, -0.2520453631877899, -0.03542486950755119, 0.3260253369808197, 0.4216449558734894]"
"['8/30/16', '8/29/16']","[0.17064706981182098, -0.08648942410945892, -0.04663460701704025, 0.09728768467903137, 0.44970569014549255]"
"['8/31/16', '8/30/16']","[0.2358778864145279, -0.05074521154165268, -0.03223974257707596, 0.029871083796024323, 0.27744799852371216]"
"['9/2/16', '8/31/16']","[0.21058891713619232, -0.06546559184789658, -0.03563179448246956, -0.0020211711525917053, 0.37132757902145386]"
"['9/3/16', '9/2/16']","[0.14869548380374908, 0.13016930222511292, -0.07510914653539658, -0.2141299843788147, 0.6625621914863586]"
"['9/4/16', '9/3/16']","[0.25069642066955566, -0.13307636976242065, -0.004602128639817238, 0.07187630236148834, 0.39312076568603516]"
"['9/5/16', '9/4/16']","[0.043825533241033554, -0.03698302432894707, -0.09356119483709335, 0.04887181520462036, 0.732010543346405]"
"['9/6/16', '9/5/16']","[0.03255392238497734, 0.014434552751481533, -0.11469569057226181, -0.024181179702281952, 0.7207228541374207]"
"['9/7/16', '9/6/16']","[-0.09523576498031616, 0.12924379110336304, -0.02279818058013916, -0.19905126094818115, 0.5037975311279297]"
"['9/9/16', '9/7/16']","[0.1283995807170868, -0.21750754117965698, -0.00041866302490234375, 0.1045178472995758, 0.4845483899116516]"
"['9/10/16', '9/9/16']","[0.28219547867774963, -0.23984284698963165, 0.030654653906822205, 0.15788909792900085, 0.4151808023452759]"
"['9/11/16', '9/10/16']","[0.322548508644104, -0.3392813801765442, 0.06463697552680969, 0.25844264030456543, 0.3390495479106903]"
"['9/12/16', '9/11/16']","[0.06661994755268097, -0.029046785086393356, -0.00047639012336730957, 0.06168650835752487, 0.5048261880874634]"
"['9/13/16', '9/12/16']","[-0.14729417860507965, 0.09218452870845795, -0.05297508090734482, 0.11766187101602554, 1.1152448654174805]"
"['9/14/16', '9/13/16']","[0.007853281684219837, -0.053569212555885315, -0.08247528225183487, -0.01516779512166977, 0.49851518869400024]"
"['9/15/16', '9/14/16']","[0.17602623999118805, -0.018391240388154984, -0.05039861798286438, -0.03832016885280609, 0.46010226011276245]"
"['9/16/16', '9/15/16']","[0.15024332702159882, 0.04370823875069618, -0.07135061919689178, -0.09724000841379166, 0.48203516006469727]"
"['9/17/16', '9/16/16']","[0.03598584979772568, -0.07141324877738953, -0.09371428936719894, 0.08723369240760803, 0.7439922094345093]"
"['9/18/16', '9/17/16']","[0.1957836002111435, -0.01898077130317688, -0.015394657850265503, 0.012387653812766075, 0.42127785086631775]"
"['9/19/16', '9/18/16']","[-0.044449444860219955, -0.049771327525377274, -0.07869686931371689, -0.006843164563179016, 0.5589089393615723]"
"['9/20/16', '9/19/16']","[-0.05515233799815178, -0.02524174004793167, -0.1018931046128273, -0.05531730502843857, 0.5676496028900146]"
"['9/21/16', '9/20/16']","[-0.16373352706432343, 0.05960419028997421, -0.11171404272317886, -0.19539925456047058, 0.8641096353530884]"
"['9/22/16', '9/21/16']","[-0.32863038778305054, 0.040092308074235916, -0.04716978222131729, -0.13774359226226807, 0.620919406414032]"
"['9/23/16', '9/22/16']","[-0.27008530497550964, 0.11771117150783539, -0.059270620346069336, -0.2115955650806427, 0.613036036491394]"
"['9/24/16', '9/23/16']","[-0.0902620255947113, 0.04272468388080597, -0.003719290718436241, -0.09926792234182358, 0.3850208520889282]"
"['9/25/16', '9/24/16']","[-0.16815195977687836, 0.006116372533142567, -0.008273348212242126, -0.09948316961526871, 0.5307056903839111]"
"['9/27/16', '9/25/16']","[0.18681582808494568, -0.19899246096611023, 0.015649817883968353, 0.1069718673825264, 0.32401394844055176]"
"['9/28/16', '9/27/16']","[-0.0078109209425747395, 0.022988103330135345, -0.05051755905151367, -0.12892302870750427, 0.6992856860160828]"
"['9/29/16', '9/28/16']","[0.24093399941921234, -0.2286282777786255, 0.009546518325805664, 0.20367473363876343, 0.09925349801778793]"
"['9/30/16', '9/29/16']","[0.2806728184223175, -0.30400970578193665, 0.04038045555353165, 0.2559017241001129, 0.21673066914081573]"
"['10/1/16', '9/30/16']","[0.36632245779037476, -0.37804776430130005, 0.07738328725099564, 0.3367031514644623, 0.13233914971351624]"
