"['3/2/14', '3/1/14']","[0.024601871147751808, 0.27903103828430176, 0.16611221432685852, 0.039882369339466095, -0.03092055767774582]"
"['3/3/14', '3/2/14']","[-0.09352876991033554, 0.4182261824607849, 0.2862899899482727, 0.038850460201501846, 0.07796673476696014]"
"['3/4/14', '3/3/14']","[-0.1307758092880249, 0.41757509112358093, 0.4748896658420563, 0.3632129728794098, 0.18473964929580688]"
"['3/5/14', '3/4/14']","[-0.023003777489066124, 0.3474865257740021, 0.3553946912288666, 0.23379109799861908, 0.11222044378519058]"
"['3/7/14', '3/5/14']","[0.042268797755241394, 0.23323488235473633, 0.12247523665428162, 0.07966121286153793, -0.06535328179597855]"
"['3/8/14', '3/7/14']","[0.04763448238372803, 0.24242927134037018, 0.13621455430984497, -0.03225989267230034, 0.03170202299952507]"
"['3/9/14', '3/8/14']","[-0.08032502233982086, 0.419281005859375, 0.27416980266571045, 0.06966941058635712, -0.017787456512451172]"
"['3/10/14', '3/9/14']","[-0.07940579950809479, 0.4345887005329132, 0.24946273863315582, -0.016447648406028748, 0.011186487972736359]"
"['3/11/14', '3/10/14']","[0.09495405107736588, 0.1787598878145218, 0.19167737662792206, 0.08551909029483795, 0.10707651823759079]"
"['3/12/14', '3/11/14']","[0.0641430988907814, 0.29830947518348694, 0.21940916776657104, 0.026867642998695374, 0.05624833703041077]"
"['3/13/14', '3/12/14']","[0.05492141842842102, 0.24252834916114807, 0.24300390481948853, 0.21704694628715515, -0.023816443979740143]"
"['3/15/14', '3/13/14']","[-0.01873437874019146, 0.37050774693489075, 0.2593996524810791, 0.09548428654670715, -0.00046509504318237305]"
"['3/16/14', '3/15/14']","[0.07921993732452393, 0.2672062814235687, 0.24152988195419312, 0.11758676171302795, 0.0659157857298851]"
"['3/19/14', '3/16/14']","[0.10998864471912384, 0.20738914608955383, 0.19923394918441772, 0.10926087945699692, 0.009134165942668915]"
"['3/20/14', '3/19/14']","[0.0055103059858083725, 0.3028748035430908, 0.1798887848854065, -0.005124994087964296, 0.0057582855224609375]"
"['3/21/14', '3/20/14']","[-0.045923538506031036, 0.3625113070011139, 0.1996203064918518, 0.06334646046161652, -0.04982737451791763]"
"['3/25/14', '3/21/14']","[0.06932980567216873, 0.23602429032325745, 0.22439906001091003, 0.1441369354724884, 0.026782624423503876]"
"['3/26/14', '3/25/14']","[0.039075493812561035, 0.25403133034706116, 0.2173154056072235, 0.2014545202255249, -0.035761065781116486]"
"['3/27/14', '3/26/14']","[-0.0023242365568876266, 0.31951814889907837, 0.2512441575527191, 0.11331518739461899, 0.04947035014629364]"
"['3/29/14', '3/27/14']","[0.1387765258550644, 0.18383876979351044, 0.17483076453208923, 0.060949940234422684, 0.050619788467884064]"
"['3/31/14', '3/29/14']","[0.11428339034318924, 0.08846081793308258, 0.09669690579175949, 0.06096160411834717, 0.06279998272657394]"
"['4/2/14', '3/31/14']","[0.021537981927394867, 0.18242661654949188, 0.12996603548526764, 0.06139151751995087, -0.00825367122888565]"
"['4/3/14', '4/2/14']","[0.14464662969112396, 0.041114844381809235, 0.09204747527837753, 0.17148570716381073, -0.07602197676897049]"
"['4/4/14', '4/3/14']","[0.1092020720243454, 0.09410963952541351, 0.15493500232696533, 0.25268253684043884, -0.16598454117774963]"
"['4/5/14', '4/4/14']","[-0.030131066218018532, 0.19659844040870667, 0.09652376174926758, 0.08727995306253433, -0.17048507928848267]"
"['4/6/14', '4/5/14']","[0.05343327671289444, 0.12372452020645142, 0.09458897262811661, 0.11667745560407639, -0.17134663462638855]"
"['4/7/14', '4/6/14']","[0.07179945707321167, 0.1007646918296814, 0.08946292102336884, 0.12523449957370758, -0.16881832480430603]"
"['4/8/14', '4/7/14']","[-0.14804285764694214, 0.3391318917274475, 0.108045294880867, -0.04676864296197891, -0.16549262404441833]"
"['4/9/14', '4/8/14']","[-0.046779848635196686, 0.1486407369375229, -0.001956965308636427, 0.09382528066635132, -0.24246862530708313]"
"['4/11/14', '4/9/14']","[-0.10359252244234085, 0.3057135045528412, 0.12240278720855713, 0.08410941809415817, -0.13977180421352386]"
"['4/12/14', '4/11/14']","[-0.0012108739465475082, 0.2924759089946747, 0.2866831123828888, 0.1859649121761322, 0.007943816483020782]"
"['4/13/14', '4/12/14']","[-0.27419808506965637, 0.5766951441764832, 0.26744312047958374, -0.0634942427277565, -0.05373220890760422]"
"['4/14/14', '4/13/14']","[-0.2948758900165558, 0.6180588603019714, 0.298626184463501, 0.02451986074447632, -0.1047910824418068]"
"['4/16/14', '4/14/14']","[-0.07537716627120972, 0.4165549874305725, 0.34295985102653503, 0.22067634761333466, -0.039556361734867096]"
"['4/18/14', '4/16/14']","[0.0547386109828949, 0.23271295428276062, 0.16053546965122223, 0.028902731835842133, -0.007395036518573761]"
"['4/19/14', '4/18/14']","[0.09295982122421265, 0.08711265027523041, 0.11834794282913208, 0.12655767798423767, 0.06350859999656677]"
"['4/20/14', '4/19/14']","[0.057467978447675705, 0.1440156251192093, 0.008061649277806282, -0.11054413765668869, -0.12050774693489075]"
"['4/21/14', '4/20/14']","[0.10154864937067032, 0.0875280499458313, 0.15231460332870483, 0.1320575475692749, 0.009924523532390594]"
"['4/22/14', '4/21/14']","[-0.037629611790180206, 0.3590778708457947, 0.31272321939468384, 0.1990547478199005, -0.036725662648677826]"
"['4/23/14', '4/22/14']","[-0.2732086181640625, 0.5685821771621704, 0.22850850224494934, -0.1249200627207756, -0.05720791220664978]"
"['4/24/14', '4/23/14']","[-0.10498803108930588, 0.43908369541168213, 0.3005719780921936, 0.12012029439210892, -0.04212537407875061]"
"['4/25/14', '4/24/14']","[0.014663102105259895, 0.21953855454921722, 0.09202304482460022, 0.09984268248081207, -0.11140041053295135]"
"['4/26/14', '4/25/14']","[-0.11563669890165329, 0.4326775372028351, 0.36607176065444946, 0.28333693742752075, -0.08424084633588791]"
"['4/27/14', '4/26/14']","[-0.15154659748077393, 0.4122864305973053, 0.2226189225912094, 0.006973519455641508, -0.061933211982250214]"
"['5/1/14', '4/27/14']","[0.07393298298120499, 0.24012823402881622, 0.22518399357795715, 0.09708315879106522, 0.012007050216197968]"
"['5/2/14', '5/1/14']","[-0.10653907805681229, 0.4420716166496277, 0.386179119348526, 0.3271065950393677, -0.08017922192811966]"
"['5/3/14', '5/2/14']","[-0.21451860666275024, 0.5548145771026611, 0.3407314717769623, 0.1308385282754898, -0.09675951302051544]"
"['5/4/14', '5/3/14']","[-0.37087923288345337, 0.628403902053833, 0.20939400792121887, -0.16052451729774475, -0.10395718365907669]"
"['5/6/14', '5/4/14']","[0.0001521725207567215, 0.3514765799045563, 0.3602248430252075, 0.28369611501693726, -0.00991501659154892]"
"['5/7/14', '5/6/14']","[-0.11239448934793472, 0.5255078077316284, 0.48581016063690186, 0.4044046401977539, -0.07186583429574966]"
"['5/8/14', '5/7/14']","[-0.09919183701276779, 0.43864721059799194, 0.39890873432159424, 0.3441564738750458, -0.09120026975870132]"
"['5/9/14', '5/8/14']","[-0.15716169774532318, 0.5546722412109375, 0.4674379229545593, 0.3750109076499939, -0.03906290978193283]"
"['5/10/14', '5/9/14']","[-0.08675950020551682, 0.46385419368743896, 0.4567526578903198, 0.417728453874588, -0.07776253670454025]"
"['5/11/14', '5/10/14']","[-0.4070987403392792, 0.7478461861610413, 0.29436489939689636, -0.14811214804649353, -0.07418612390756607]"
"['5/12/14', '5/11/14']","[-0.029083361849188805, 0.13577765226364136, 0.039342835545539856, 0.18002110719680786, -0.22656375169754028]"
"['5/13/14', '5/12/14']","[-0.23596957325935364, 0.40954726934432983, 0.06037111580371857, -0.19657672941684723, -0.16672101616859436]"
"['5/14/14', '5/13/14']","[0.00867118127644062, 0.13102690875530243, 0.06430301070213318, 0.10159926861524582, -0.17168375849723816]"
"['5/15/14', '5/14/14']","[-0.0675797164440155, 0.37803715467453003, 0.32301396131515503, 0.24705038964748383, -0.09434447437524796]"
"['5/16/14', '5/15/14']","[-0.10835250467061996, 0.42748141288757324, 0.3183169364929199, 0.17275379598140717, -0.06595157831907272]"
"['5/17/14', '5/16/14']","[-0.05837542563676834, 0.297407329082489, 0.10844488441944122, -0.09239381551742554, -0.10492710769176483]"
"['5/18/14', '5/17/14']","[-0.029811354354023933, 0.3630504012107849, 0.2862571179866791, 0.12248384952545166, -0.05350414663553238]"
"['5/20/14', '5/18/14']","[-0.21443651616573334, 0.48558247089385986, 0.1823439747095108, -0.06368781626224518, -0.07684553414583206]"
"['5/21/14', '5/20/14']","[-0.19168797135353088, 0.4569668769836426, 0.2697156071662903, 0.14224496483802795, -0.07856857776641846]"
"['5/22/14', '5/21/14']","[-0.18953698873519897, 0.504607081413269, 0.35923728346824646, 0.2136884480714798, -0.07571985572576523]"
"['5/23/14', '5/22/14']","[-0.1402921974658966, 0.44810569286346436, 0.3928392231464386, 0.3441762626171112, -0.06059309095144272]"
"['5/24/14', '5/23/14']","[-0.2402147650718689, 0.40307295322418213, 0.1729436218738556, -0.0017944877035915852, -0.10318639874458313]"
"['5/25/14', '5/24/14']","[-0.31795430183410645, 0.47256433963775635, 0.14737023413181305, -0.10288547724485397, -0.09482812881469727]"
"['5/26/14', '5/25/14']","[-0.14269521832466125, 0.31554481387138367, 0.17183595895767212, 0.09429263323545456, -0.12558963894844055]"
"['5/27/14', '5/26/14']","[-0.15159910917282104, 0.2871398329734802, 0.182926744222641, 0.1391734629869461, -0.11231356114149094]"
"['5/28/14', '5/27/14']","[-0.1203850582242012, 0.2567635178565979, 0.1197827011346817, 0.11460769921541214, -0.14848259091377258]"
"['5/29/14', '5/28/14']","[-0.1281263381242752, 0.2608429491519928, 0.11947984993457794, 0.17674316465854645, -0.15838298201560974]"
"['5/30/14', '5/29/14']","[-0.22389325499534607, 0.5081429481506348, 0.30987992882728577, 0.26722028851509094, -0.1285211741924286]"
"['5/31/14', '5/30/14']","[-0.26096004247665405, 0.458753764629364, 0.2018759846687317, 0.06801838427782059, -0.10300526767969131]"
"['6/1/14', '5/31/14']","[-0.24394559860229492, 0.5423867106437683, 0.32548680901527405, 0.11330751329660416, -0.07895200699567795]"
"['6/3/14', '6/1/14']","[-0.3044363558292389, 0.4890619218349457, 0.1797935962677002, -0.11897410452365875, -0.044874951243400574]"
"['6/4/14', '6/3/14']","[-0.15323004126548767, 0.46050360798835754, 0.38367244601249695, 0.34889495372772217, -0.02277763932943344]"
"['6/5/14', '6/4/14']","[-0.13075093924999237, 0.5189573168754578, 0.44380924105644226, 0.3705854117870331, -0.05966842919588089]"
"['6/6/14', '6/5/14']","[-0.009332908317446709, 0.20010259747505188, 0.22070683538913727, 0.1709655523300171, 0.10895413905382156]"
"['6/7/14', '6/6/14']","[0.03324059396982193, 0.15182970464229584, 0.183148592710495, 0.10146188735961914, 0.1013503298163414]"
"['6/8/14', '6/7/14']","[-0.03081485442817211, 0.2106066197156906, 0.1557871401309967, 0.00019649742171168327, 0.0890306904911995]"
"['6/9/14', '6/8/14']","[-0.016911206766963005, 0.1180340051651001, 0.07091138511896133, 0.08018597960472107, 0.016157839447259903]"
"['6/10/14', '6/9/14']","[0.08974453806877136, 0.06777900457382202, 0.16447395086288452, 0.15966084599494934, 0.17141252756118774]"
"['6/11/14', '6/10/14']","[0.029857365414500237, 0.14382028579711914, 0.14581555128097534, 0.13112840056419373, 0.0013397559523582458]"
"['6/12/14', '6/11/14']","[-0.004268014803528786, 0.2985195517539978, 0.31485715508461, 0.26840940117836, 0.04221739619970322]"
"['6/13/14', '6/12/14']","[-0.020741982385516167, 0.34837812185287476, 0.33381080627441406, 0.2398754209280014, -0.029210887849330902]"
"['6/14/14', '6/13/14']","[-0.1401342749595642, 0.4402497708797455, 0.2487540990114212, -0.003486462403088808, -0.02131395787000656]"
"['6/15/14', '6/14/14']","[-0.12937110662460327, 0.45580917596817017, 0.2882637679576874, 0.0519987978041172, -0.018590711057186127]"
"['6/16/14', '6/15/14']","[-0.29854950308799744, 0.6290596723556519, 0.3320363759994507, 0.04140152782201767, -0.08022832870483398]"
"['6/17/14', '6/16/14']","[-0.2829950153827667, 0.647342324256897, 0.37738093733787537, 0.1014653816819191, -0.07654296606779099]"
"['6/18/14', '6/17/14']","[-0.22557666897773743, 0.5330126285552979, 0.34081757068634033, 0.253839373588562, -0.09614706039428711]"
"['6/20/14', '6/18/14']","[-0.010763214901089668, 0.2783665657043457, 0.23236599564552307, 0.18821273744106293, -0.11554776877164841]"
"['6/21/14', '6/20/14']","[0.10143646597862244, 0.10561421513557434, 0.1964663863182068, 0.3337535560131073, -0.17243021726608276]"
"['6/22/14', '6/21/14']","[-0.13733656704425812, 0.3630199134349823, 0.1676454395055771, 0.030024193227291107, -0.15142607688903809]"
"['6/23/14', '6/22/14']","[-0.18637213110923767, 0.45618388056755066, 0.34100043773651123, 0.3602514863014221, -0.1252111792564392]"
"['6/24/14', '6/23/14']","[-0.22985893487930298, 0.46700796484947205, 0.2671513557434082, 0.05621476471424103, -0.050335127860307693]"
"['6/25/14', '6/24/14']","[-0.39502376317977905, 0.5455279350280762, 0.16599653661251068, -0.1416938602924347, -0.09737234562635422]"
"['6/27/14', '6/25/14']","[-0.13661539554595947, 0.43231743574142456, 0.35723334550857544, 0.2742875814437866, -0.07999878376722336]"
"['6/28/14', '6/27/14']","[-0.21049165725708008, 0.44584473967552185, 0.270727276802063, 0.24756497144699097, -0.11680915206670761]"
"['6/29/14', '6/28/14']","[-0.23346403241157532, 0.5812793374061584, 0.36007973551750183, 0.13052977621555328, -0.07815820723772049]"
"['6/30/14', '6/29/14']","[-0.2494814395904541, 0.5335082411766052, 0.2726362645626068, -0.00785786658525467, -0.04127637296915054]"
"['7/1/14', '6/30/14']","[-0.2209169864654541, 0.5356133580207825, 0.35119616985321045, 0.180120050907135, -0.07320750504732132]"
"['7/2/14', '7/1/14']","[-0.20060107111930847, 0.5458431243896484, 0.39301565289497375, 0.364990770816803, -0.0860723927617073]"
"['7/3/14', '7/2/14']","[-0.1644291877746582, 0.46417930722236633, 0.32808369398117065, 0.27629509568214417, -0.09392525255680084]"
"['7/5/14', '7/3/14']","[-0.041884876787662506, 0.21689949929714203, 0.13156217336654663, 0.01684640347957611, -0.03551187366247177]"
"['7/6/14', '7/5/14']","[0.1279715597629547, 0.03400443494319916, 0.16401131451129913, 0.17959336936473846, 0.05065625160932541]"
"['7/7/14', '7/6/14']","[-0.19033227860927582, 0.33186110854148865, 0.10236410796642303, -0.1655261069536209, 0.009870067238807678]"
"['7/9/14', '7/7/14']","[-0.13128897547721863, 0.27081063389778137, 0.16867755353450775, 0.036384228616952896, -0.010290499776601791]"
"['7/10/14', '7/9/14']","[-0.0473921075463295, 0.28705158829689026, 0.3027585744857788, 0.29429224133491516, 0.0444105789065361]"
"['7/11/14', '7/10/14']","[-0.16091221570968628, 0.331882119178772, 0.14432859420776367, 0.024364911019802094, -0.1269957423210144]"
"['7/12/14', '7/11/14']","[-0.07655798643827438, 0.23385858535766602, 0.08713580667972565, 0.08880279213190079, -0.18718722462654114]"
"['7/13/14', '7/12/14']","[0.018048623576760292, 0.23927973210811615, 0.2641635835170746, 0.3378506898880005, -0.1076519712805748]"
"['7/18/14', '7/13/14']","[-0.08783804625272751, 0.2722953259944916, 0.13423243165016174, 0.02844853326678276, -0.044482532888650894]"
"['7/19/14', '7/18/14']","[-0.15442711114883423, 0.36657583713531494, 0.17210349440574646, -0.08176172524690628, 0.04006148874759674]"
"['7/20/14', '7/19/14']","[-0.12227686494588852, 0.34654486179351807, 0.1908567100763321, -0.028344780206680298, 0.0093093141913414]"
"['7/21/14', '7/20/14']","[-0.00980382226407528, 0.26998624205589294, 0.2539677619934082, 0.25642329454421997, -0.13059863448143005]"
"['7/22/14', '7/21/14']","[-0.19215577840805054, 0.36785873770713806, 0.08195898681879044, -0.13517366349697113, -0.12048716098070145]"
"['7/23/14', '7/22/14']","[-0.132929265499115, 0.3972807228565216, 0.24473600089550018, 0.15062877535820007, -0.08880923688411713]"
"['7/24/14', '7/23/14']","[0.02985883690416813, 0.19930888712406158, 0.22037886083126068, 0.319368839263916, -0.11450573056936264]"
"['7/25/14', '7/24/14']","[-0.08490317314863205, 0.2543019950389862, 0.09892282634973526, 0.03501329571008682, -0.12643516063690186]"
"['7/26/14', '7/25/14']","[-0.11826800554990768, 0.40605756640434265, 0.2806735634803772, 0.20387202501296997, -0.06740490347146988]"
"['7/27/14', '7/26/14']","[-0.22495868802070618, 0.48330748081207275, 0.22490811347961426, 0.01228383183479309, -0.08257922530174255]"
"['7/29/14', '7/27/14']","[-0.03304643929004669, 0.20187340676784515, 0.18039830029010773, 0.17242611944675446, -0.017886467278003693]"
"['7/30/14', '7/29/14']","[0.10918346047401428, 0.040850065648555756, 0.15541191399097443, 0.14410799741744995, 0.08029482513666153]"
"['7/31/14', '7/30/14']","[0.04970528185367584, 0.06798124313354492, 0.057912677526474, -0.010488949716091156, -0.0002301819622516632]"
"['8/1/14', '7/31/14']","[-0.1688854843378067, 0.43616923689842224, 0.2337489128112793, 0.050409190356731415, -0.06894180923700333]"
"['8/2/14', '8/1/14']","[-0.29856741428375244, 0.6258717179298401, 0.3091862201690674, 0.0029760817997157574, -0.08801625669002533]"
"['8/3/14', '8/2/14']","[-0.012527680024504662, 0.2978902757167816, 0.33874455094337463, 0.36732250452041626, -0.09014870971441269]"
"['8/4/14', '8/3/14']","[-0.16470280289649963, 0.3738900125026703, 0.25581642985343933, 0.27351316809654236, -0.13302215933799744]"
"['8/5/14', '8/4/14']","[-0.1049097403883934, 0.4212692677974701, 0.26686814427375793, 0.08511921018362045, -0.06758960336446762]"
"['8/6/14', '8/5/14']","[-0.23619508743286133, 0.4824077785015106, 0.11816461384296417, -0.23778831958770752, -0.07773619145154953]"
"['8/7/14', '8/6/14']","[-0.14331942796707153, 0.3397374451160431, 0.09953592717647552, -0.13022290170192719, -0.0952361673116684]"
"['8/8/14', '8/7/14']","[-0.04187839478254318, 0.34195226430892944, 0.32465577125549316, 0.3563249707221985, -0.08097074180841446]"
"['8/9/14', '8/8/14']","[-0.16040654480457306, 0.43263742327690125, 0.30603229999542236, 0.23502197861671448, -0.05848652869462967]"
"['8/10/14', '8/9/14']","[-0.19129584729671478, 0.4186594486236572, 0.16810503602027893, -0.022464625537395477, -0.11731524765491486]"
"['8/11/14', '8/10/14']","[0.009118089452385902, 0.2072783261537552, 0.1988995522260666, 0.21215151250362396, -0.1286984384059906]"
"['8/13/14', '8/11/14']","[0.04237585514783859, 0.14990442991256714, 0.17588940262794495, 0.25466272234916687, -0.08386722952127457]"
"['8/15/14', '8/13/14']","[-0.08917044848203659, 0.2956242561340332, 0.24678872525691986, 0.3119819462299347, -0.11714263260364532]"
"['8/16/14', '8/15/14']","[-0.1862218827009201, 0.3257448375225067, 0.2493230253458023, 0.2098623663187027, -0.08008948713541031]"
"['8/17/14', '8/16/14']","[-0.09802994877099991, 0.38373154401779175, 0.3372935950756073, 0.3584044873714447, -0.08013150840997696]"
"['8/18/14', '8/17/14']","[-0.2780151963233948, 0.41457435488700867, 0.14041604101657867, -0.06668565422296524, -0.11808741092681885]"
"['8/19/14', '8/18/14']","[-0.27825337648391724, 0.38453468680381775, 0.10491839051246643, -0.09997984021902084, -0.128373920917511]"
"['8/20/14', '8/19/14']","[-0.23951730132102966, 0.3123403489589691, 0.10934849828481674, 0.0034563387744128704, -0.10980044305324554]"
"['8/22/14', '8/20/14']","[-0.038260385394096375, 0.13035471737384796, 0.06550827622413635, -0.01310061663389206, -0.041736721992492676]"
"['8/23/14', '8/22/14']","[-0.0070439111441373825, 0.08041302859783173, 0.03611253947019577, 0.08523120731115341, -0.032397568225860596]"
"['8/24/14', '8/23/14']","[-0.27367299795150757, 0.43077704310417175, 0.08788136392831802, -0.25330930948257446, -0.03375270590186119]"
"['8/25/14', '8/24/14']","[-0.22468450665473938, 0.5833991765975952, 0.40455853939056396, 0.2137240767478943, -0.0705498531460762]"
"['8/26/14', '8/25/14']","[-0.09701152890920639, 0.4742027521133423, 0.44158288836479187, 0.38032856583595276, -0.08383991569280624]"
"['8/27/14', '8/26/14']","[-0.1456812620162964, 0.5140966176986694, 0.37395280599594116, 0.22134944796562195, -0.04030976444482803]"
"['8/28/14', '8/27/14']","[-0.2971991002559662, 0.5559841990470886, 0.245908722281456, -0.030667416751384735, -0.10352946072816849]"
"['8/29/14', '8/28/14']","[-0.07374369353055954, 0.3693145513534546, 0.3709198236465454, 0.36565226316452026, -0.09579572826623917]"
"['8/30/14', '8/29/14']","[-0.33496779203414917, 0.517587423324585, 0.17496557533740997, -0.0911778062582016, -0.08852113783359528]"
"['8/31/14', '8/30/14']","[-0.23356884717941284, 0.5353493690490723, 0.288651704788208, 0.09115247428417206, -0.0800192728638649]"
"['9/1/14', '8/31/14']","[-0.051947541534900665, 0.29025354981422424, 0.2824866473674774, 0.29138144850730896, -0.10780704766511917]"
"['9/2/14', '9/1/14']","[-0.13745617866516113, 0.39915844798088074, 0.2397497445344925, 0.11579110473394394, -0.13026508688926697]"
"['9/3/14', '9/2/14']","[-0.18510207533836365, 0.3888247013092041, 0.18046200275421143, 0.05095474421977997, -0.10850244015455246]"
"['9/4/14', '9/3/14']","[-0.03852050006389618, 0.23943622410297394, 0.16258756816387177, 0.14368413388729095, -0.16296717524528503]"
"['9/5/14', '9/4/14']","[-0.07696212083101273, 0.2994515001773834, 0.26387670636177063, 0.2530738115310669, -0.1226331889629364]"
"['9/6/14', '9/5/14']","[-0.14787408709526062, 0.436382532119751, 0.29537156224250793, 0.18712928891181946, -0.11579688638448715]"
"['9/7/14', '9/6/14']","[-0.10108349472284317, 0.28402283787727356, 0.1709953099489212, 0.11661011725664139, -0.14228686690330505]"
"['9/8/14', '9/7/14']","[0.05246937274932861, 0.1043778657913208, 0.0034189000725746155, -0.03620968014001846, -0.1653519570827484]"
"['9/9/14', '9/8/14']","[0.07498837262392044, 0.07668054848909378, 0.039176225662231445, 0.06818706542253494, -0.17345020174980164]"
"['9/10/14', '9/9/14']","[0.07948321104049683, 0.12276129424571991, 0.08465604484081268, 0.14753954112529755, -0.11830395460128784]"
"['9/12/14', '9/10/14']","[0.05957304686307907, 0.08338819444179535, 0.14118196070194244, 0.2649388611316681, -0.1525028944015503]"
"['9/13/14', '9/12/14']","[0.10081101953983307, 0.06598882377147675, 0.1510097086429596, 0.3052717447280884, -0.16960284113883972]"
"['9/14/14', '9/13/14']","[0.06294608116149902, -0.03218226507306099, -0.057773515582084656, 0.21530745923519135, -0.2790873050689697]"
"['9/15/14', '9/14/14']","[0.07505407184362411, 0.0038436679169535637, 0.11626086384057999, 0.28109878301620483, -0.12613579630851746]"
"['9/16/14', '9/15/14']","[-0.28552576899528503, 0.11404101550579071, -0.011831242591142654, 0.05188826471567154, -0.13614672422409058]"
"['9/17/14', '9/16/14']","[-0.155361145734787, 0.04667498916387558, 0.06123875826597214, 0.25556185841560364, -0.11602012068033218]"
"['9/19/14', '9/17/14']","[-0.023975728079676628, 0.0607864186167717, 0.01606013998389244, 0.11732695251703262, -0.16320618987083435]"
"['9/20/14', '9/19/14']","[-0.030332127586007118, 0.2448325902223587, 0.2561813294887543, 0.30033445358276367, -0.08021978288888931]"
"['9/21/14', '9/20/14']","[0.1506042629480362, -0.033498723059892654, 0.07060540467500687, 0.23625995218753815, -0.17921790480613708]"
"['9/22/14', '9/21/14']","[0.16183018684387207, -0.05417005345225334, 0.03599526360630989, 0.22122621536254883, -0.22306933999061584]"
"['9/23/14', '9/22/14']","[0.16652679443359375, -0.06285306811332703, 0.05494023486971855, 0.28018879890441895, -0.19773101806640625]"
"['9/24/14', '9/23/14']","[0.18236802518367767, -0.07150915265083313, 0.05189518630504608, 0.2734660804271698, -0.21744954586029053]"
"['9/25/14', '9/24/14']","[0.11498889327049255, -0.01806284859776497, 0.016524791717529297, 0.16384389996528625, -0.21670523285865784]"
"['9/26/14', '9/25/14']","[0.0508904829621315, 0.03835322707891464, -0.025065675377845764, 0.11454270780086517, -0.2295103371143341]"
"['9/27/14', '9/26/14']","[0.06397695094347, 0.0824129581451416, 0.05924634635448456, 0.08434534072875977, -0.1414555013179779]"
"['9/28/14', '9/27/14']","[0.003636123612523079, 0.08658726513385773, -0.0034849001094698906, 0.003981954883784056, -0.18852299451828003]"
"['10/2/14', '9/28/14']","[0.1719554364681244, -0.03702862188220024, 0.038095224648714066, 0.15879321098327637, -0.16851022839546204]"
"['10/3/14', '10/2/14']","[0.09809103608131409, 0.001722961664199829, -0.013948813080787659, 0.09684594720602036, -0.21077707409858704]"
"['10/5/14', '10/3/14']","[0.1514483541250229, -0.02962883561849594, -0.08259008079767227, 0.032061658799648285, -0.20866167545318604]"
"['10/10/14', '10/5/14']","[0.2866028845310211, -0.04345379397273064, 0.03137010708451271, -0.009993024170398712, -0.08170410245656967]"
"['10/11/14', '10/10/14']","[0.19528821110725403, -0.030935723334550858, -0.05681711435317993, 0.014772571623325348, -0.178041011095047]"
"['10/14/14', '10/11/14']","[0.22574229538440704, -0.03297403082251549, -0.05905907601118088, -0.06378426402807236, -0.12926343083381653]"
"['10/15/14', '10/14/14']","[-0.11399362236261368, 0.4413100779056549, 0.2765001058578491, 0.2330218106508255, -0.10756176710128784]"
"['3/4/15', '3/3/15']","[-0.022250430658459663, 0.2582394480705261, 0.10344908386468887, -0.09227170795202255, -0.03261281177401543]"
"['3/5/15', '3/4/15']","[0.05142761021852493, 0.33628687262535095, 0.31781724095344543, 0.19872252643108368, 0.005727492272853851]"
"['3/6/15', '3/5/15']","[0.12947335839271545, 0.24939987063407898, 0.254094660282135, 0.11124855279922485, 0.016699187457561493]"
"['3/7/15', '3/6/15']","[0.14931684732437134, 0.1457434594631195, 0.11729240417480469, 0.010855801403522491, -0.01316535472869873]"
"['3/8/15', '3/7/15']","[0.003666577860713005, 0.34670448303222656, 0.3341553807258606, 0.27853885293006897, -0.03383941203355789]"
"['3/9/15', '3/8/15']","[0.06446380168199539, 0.30748164653778076, 0.2543191611766815, 0.08713116496801376, 0.012421943247318268]"
"['3/10/15', '3/9/15']","[0.0726562887430191, 0.2807313799858093, 0.27994537353515625, 0.199703648686409, -0.022251762449741364]"
"['3/11/15', '3/10/15']","[0.10694655030965805, 0.27545690536499023, 0.275117427110672, 0.14913852512836456, 0.02660685032606125]"
"['3/12/15', '3/11/15']","[0.07299404591321945, 0.22296574711799622, 0.21302857995033264, 0.18574395775794983, -0.026802711188793182]"
"['3/13/15', '3/12/15']","[-0.06620073318481445, 0.4241946339607239, 0.22018983960151672, -0.0695292204618454, 0.027391992509365082]"
"['3/14/15', '3/13/15']","[0.0018972661346197128, 0.37966981530189514, 0.3433001637458801, 0.24264118075370789, -0.004518158733844757]"
"['3/15/15', '3/14/15']","[0.03958556056022644, 0.3365682065486908, 0.2763962149620056, 0.11557304114103317, 0.012790404260158539]"
"['3/16/15', '3/15/15']","[-0.007194509729743004, 0.39884841442108154, 0.3493565022945404, 0.23131608963012695, 0.011504359543323517]"
"['3/17/15', '3/16/15']","[0.011579664424061775, 0.37793785333633423, 0.3359811305999756, 0.21582110226154327, 0.011514969170093536]"
"['3/18/15', '3/17/15']","[0.03771814703941345, 0.3375392258167267, 0.3055550158023834, 0.2073257565498352, -0.02001059800386429]"
"['3/19/15', '3/18/15']","[0.03925888240337372, 0.3477521240711212, 0.32006537914276123, 0.19900637865066528, 0.00668693333864212]"
"['3/20/15', '3/19/15']","[0.19309520721435547, 0.09338222444057465, 0.10181006789207458, 0.06117788702249527, -0.05115726590156555]"
"['3/21/15', '3/20/15']","[-0.048003070056438446, 0.40955284237861633, 0.2733621299266815, 0.1172211617231369, -0.0027578920125961304]"
"['3/22/15', '3/21/15']","[0.05374431610107422, 0.30798304080963135, 0.3046087920665741, 0.20043279230594635, 0.013868458569049835]"
"['3/24/15', '3/22/15']","[0.13559795916080475, 0.12442214787006378, 0.15450875461101532, 0.12923581898212433, -0.027238167822360992]"
"['3/25/15', '3/24/15']","[0.03321228176355362, 0.35266029834747314, 0.31167206168174744, 0.16931691765785217, 0.006607659161090851]"
"['3/26/15', '3/25/15']","[0.015440316870808601, 0.16336780786514282, 0.042136941105127335, 0.055087268352508545, -0.1445666253566742]"
"['3/28/15', '3/26/15']","[0.03467564284801483, 0.33563950657844543, 0.30592700839042664, 0.20274201035499573, 0.003297679126262665]"
"['3/29/15', '3/28/15']","[0.11848560720682144, 0.25797170400619507, 0.2479015439748764, 0.1114860251545906, 0.04163063317537308]"
"['3/31/15', '3/29/15']","[0.040067777037620544, 0.3470333218574524, 0.3201866149902344, 0.19935886561870575, 0.005919136106967926]"
"['4/2/15', '3/31/15']","[0.05466052144765854, 0.30436113476753235, 0.27477648854255676, 0.16686782240867615, 0.01810155063867569]"
"['4/3/15', '4/2/15']","[0.09573213011026382, 0.2481587678194046, 0.22480306029319763, 0.11283069849014282, 0.011742629110813141]"
"['4/4/15', '4/3/15']","[0.10757230967283249, 0.21441346406936646, 0.14025069773197174, -0.055132292211055756, 0.004067346453666687]"
"['4/6/15', '4/4/15']","[0.014563949778676033, 0.288418173789978, 0.20446278154850006, 0.12775421142578125, -0.028841309249401093]"
"['4/7/15', '4/6/15']","[-0.03514724224805832, 0.4023805558681488, 0.388197124004364, 0.33702176809310913, -0.07329940050840378]"
"['4/8/15', '4/7/15']","[-0.010924873873591423, 0.40083009004592896, 0.40338197350502014, 0.3379819989204407, -0.06320620328187943]"
"['4/10/15', '4/8/15']","[0.07003948092460632, 0.2502085566520691, 0.18965160846710205, 0.0010227407328784466, 0.030144795775413513]"
"['4/11/15', '4/10/15']","[-0.10041581839323044, 0.5140536427497864, 0.4601863622665405, 0.3750084638595581, -0.01743512600660324]"
"['4/12/15', '4/11/15']","[-0.1538373976945877, 0.484005331993103, 0.2772441506385803, 0.039509303867816925, -0.06440974771976471]"
"['4/13/15', '4/12/15']","[-0.06474991887807846, 0.2852523922920227, 0.18022257089614868, 0.1157108023762703, -0.13173440098762512]"
"['4/14/15', '4/13/15']","[-0.2806341052055359, 0.4927099347114563, 0.12230260670185089, -0.16969536244869232, -0.14728006720542908]"
"['4/15/15', '4/14/15']","[-0.06646494567394257, 0.36817511916160583, 0.3284722864627838, 0.34627383947372437, -0.05395890027284622]"
"['4/17/15', '4/15/15']","[0.0981663390994072, 0.13941460847854614, 0.19031822681427002, 0.23937541246414185, -0.12063855677843094]"
"['4/18/15', '4/17/15']","[0.07385404407978058, 0.2733357548713684, 0.2636856138706207, 0.2336295247077942, -0.11126560717821121]"
"['4/19/15', '4/18/15']","[0.09781016409397125, 0.19434405863285065, 0.22840650379657745, 0.24202688038349152, -0.10223910957574844]"
"['4/20/15', '4/19/15']","[-0.06159243732690811, 0.3365817964076996, 0.33296075463294983, 0.1876666247844696, 0.05834510177373886]"
"['4/21/15', '4/20/15']","[0.014065911993384361, 0.3135615289211273, 0.3561451733112335, 0.23188631236553192, 0.05613457411527634]"
"['4/22/15', '4/21/15']","[-0.045287325978279114, 0.41823557019233704, 0.32700955867767334, 0.12088299542665482, 0.00027805566787719727]"
"['4/23/15', '4/22/15']","[-0.038400523364543915, 0.32715582847595215, 0.2037295401096344, 0.019974537193775177, -0.042471811175346375]"
"['4/24/15', '4/23/15']","[0.06503479182720184, 0.2693464457988739, 0.300714373588562, 0.2621498703956604, -0.04862447828054428]"
"['4/25/15', '4/24/15']","[0.021183373406529427, 0.05122502148151398, 0.1782647967338562, 0.27236253023147583, -0.031309716403484344]"
"['4/26/15', '4/25/15']","[0.06531781703233719, 0.14304521679878235, 0.2534065544605255, 0.2679985761642456, 0.020374469459056854]"
"['4/29/15', '4/26/15']","[-0.07205570489168167, -0.034528594464063644, 0.10553243011236191, 0.2679353356361389, -0.07765720039606094]"
"['5/1/15', '4/29/15']","[-0.3306935727596283, 0.19416619837284088, 0.07259093225002289, 0.09148482233285904, -0.12299442291259766]"
"['5/2/15', '5/1/15']","[-0.06888149678707123, 0.27346113324165344, 0.247201606631279, 0.23385421931743622, -0.11010665446519852]"
"['5/3/15', '5/2/15']","[-0.34187445044517517, 0.518842875957489, 0.23050972819328308, -0.021975286304950714, -0.08515050262212753]"
"['5/5/15', '5/3/15']","[-0.1190028116106987, 0.4081650972366333, 0.34711042046546936, 0.2563847005367279, -0.06713340431451797]"
"['5/6/15', '5/5/15']","[-0.0548413023352623, 0.25554972887039185, 0.1629103124141693, 0.044086240231990814, -0.060083433985710144]"
"['5/7/15', '5/6/15']","[-0.19327962398529053, 0.40071365237236023, 0.11343811452388763, -0.10808145254850388, -0.1500364989042282]"
"['5/8/15', '5/7/15']","[-0.018374929204583168, 0.30731305480003357, 0.2776857018470764, 0.25932496786117554, -0.11561913043260574]"
"['5/9/15', '5/8/15']","[0.07008528709411621, 0.17785507440567017, 0.24880944192409515, 0.3502673804759979, -0.15666937828063965]"
"['5/10/15', '5/9/15']","[0.017513209953904152, 0.1286180317401886, 0.05474535748362541, 0.16333605349063873, -0.20503294467926025]"
"['5/11/15', '5/10/15']","[-0.07166435569524765, 0.3518001139163971, 0.38273903727531433, 0.38222694396972656, -0.06990049034357071]"
"['5/12/15', '5/11/15']","[-0.061727412045001984, 0.42160719633102417, 0.3898106813430786, 0.29861781001091003, -0.046870388090610504]"
"['5/13/15', '5/12/15']","[-0.1661149263381958, 0.3825577199459076, 0.23550434410572052, 0.2877820134162903, -0.13874652981758118]"
"['5/15/15', '5/13/15']","[-0.13159044086933136, 0.35950779914855957, 0.17880645394325256, 0.006132535170763731, -0.09538470208644867]"
"['5/16/15', '5/15/15']","[-0.07839817553758621, 0.45403438806533813, 0.4282880127429962, 0.39283180236816406, -0.06712078303098679]"
"['5/17/15', '5/16/15']","[-0.15165838599205017, 0.4686641991138458, 0.22205829620361328, -0.016458913683891296, -0.10452022403478622]"
"['5/19/15', '5/17/15']","[-0.07567118853330612, 0.43902215361595154, 0.42707857489585876, 0.4006970524787903, -0.07503081113100052]"
"['5/20/15', '5/19/15']","[-0.12865683436393738, 0.4547900855541229, 0.3621022701263428, 0.2665077745914459, -0.06423351913690567]"
"['5/21/15', '5/20/15']","[-0.290637344121933, 0.6533304452896118, 0.36712080240249634, 0.0915234237909317, -0.047222770750522614]"
"['5/22/15', '5/21/15']","[-0.21420414745807648, 0.5820806622505188, 0.4079439342021942, 0.2112884372472763, -0.0694122239947319]"
"['5/23/15', '5/22/15']","[-0.1189248189330101, 0.38917428255081177, 0.19201847910881042, 0.14409267902374268, -0.13986080884933472]"
"['5/24/15', '5/23/15']","[-0.07435295730829239, 0.42900407314300537, 0.39093467593193054, 0.3283035457134247, -0.08034849911928177]"
"['5/25/15', '5/24/15']","[-0.4031626582145691, 0.7398708462715149, 0.2879844903945923, -0.1528998166322708, -0.07460185885429382]"
"['5/26/15', '5/25/15']","[-0.14101368188858032, 0.5433369278907776, 0.48446595668792725, 0.41381216049194336, -0.037148065865039825]"
"['5/27/15', '5/26/15']","[-0.08602005988359451, 0.45095980167388916, 0.4398496448993683, 0.3903787136077881, -0.059049732983112335]"
"['5/28/15', '5/27/15']","[-0.16249707341194153, 0.4940603971481323, 0.43521609902381897, 0.39390116930007935, -0.022922448813915253]"
"['5/29/15', '5/28/15']","[-0.07099509984254837, 0.39910247921943665, 0.41123831272125244, 0.38251957297325134, -0.06907542794942856]"
"['5/30/15', '5/29/15']","[-0.2950218915939331, 0.6410647034645081, 0.3377230763435364, 0.15001480281352997, -0.11355569213628769]"
"['5/31/15', '5/30/15']","[-0.09856570512056351, 0.5190406441688538, 0.49813589453697205, 0.43125119805336, -0.07090636342763901]"
"['6/1/15', '5/31/15']","[-0.08659137785434723, 0.4675174653530121, 0.45389115810394287, 0.3965511918067932, -0.03801307827234268]"
"['6/2/15', '6/1/15']","[-0.0473281592130661, 0.38701915740966797, 0.403937965631485, 0.40045166015625, -0.09458241611719131]"
"['6/3/15', '6/2/15']","[-0.21380126476287842, 0.52469402551651, 0.25580108165740967, 0.0009719650261104107, -0.04154571518301964]"
"['6/4/15', '6/3/15']","[-0.15506598353385925, 0.51195228099823, 0.4332011640071869, 0.35148608684539795, -0.015231497585773468]"
"['6/5/15', '6/4/15']","[-0.1495390385389328, 0.560839831829071, 0.46396031975746155, 0.36730486154556274, 0.002109251916408539]"
"['6/6/15', '6/5/15']","[-0.15101826190948486, 0.5369672775268555, 0.46100157499313354, 0.3640376031398773, -0.07641155272722244]"
"['6/7/15', '6/6/15']","[-0.15612764656543732, 0.5253723859786987, 0.4068030118942261, 0.2450164556503296, -0.05041400343179703]"
"['6/9/15', '6/7/15']","[0.050706688314676285, 0.1493656039237976, 0.1797599047422409, 0.10576921701431274, 0.11855892091989517]"
"['6/10/15', '6/9/15']","[0.0460229329764843, 0.15180417895317078, 0.21674710512161255, 0.1984502077102661, 0.14325836300849915]"
"['6/11/15', '6/10/15']","[-0.07532528042793274, 0.32760509848594666, 0.20685043931007385, 0.04943501949310303, 0.02725740522146225]"
"['6/12/15', '6/11/15']","[-0.14057785272598267, 0.41975462436676025, 0.2733544409275055, 0.14232860505580902, -0.04610542953014374]"
"['6/13/15', '6/12/15']","[-0.07421078532934189, 0.40512755513191223, 0.35666754841804504, 0.2945915162563324, -0.09476131945848465]"
"['6/14/15', '6/13/15']","[-0.19038796424865723, 0.4927111268043518, 0.29200243949890137, 0.21707728505134583, -0.139420747756958]"
"['6/15/15', '6/14/15']","[-0.07026892900466919, 0.48309528827667236, 0.4653058350086212, 0.3888368606567383, -0.05609608441591263]"
"['6/16/15', '6/15/15']","[-0.14645791053771973, 0.5378845930099487, 0.4487397372722626, 0.4017435908317566, -0.09735003858804703]"
"['6/17/15', '6/16/15']","[-0.09929514676332474, 0.5193257331848145, 0.4974692761898041, 0.43058454990386963, -0.07118064910173416]"
"['6/18/15', '6/17/15']","[-0.06625140458345413, 0.4631598889827728, 0.4478771388530731, 0.3768211007118225, -0.03978196531534195]"
"['6/19/15', '6/18/15']","[0.059044674038887024, 0.34675782918930054, 0.3798685371875763, 0.2946895360946655, -0.01661653071641922]"
"['6/20/15', '6/19/15']","[0.04617840051651001, 0.3158462345600128, 0.3651110529899597, 0.3035939335823059, -0.004959337413311005]"
"['6/21/15', '6/20/15']","[0.017711104825139046, 0.3913513720035553, 0.4103775918483734, 0.3311079442501068, -0.03204468637704849]"
"['6/23/15', '6/21/15']","[0.06362322717905045, 0.2530125081539154, 0.28054335713386536, 0.2464221715927124, -0.03450632840394974]"
"['6/24/15', '6/23/15']","[-0.12985120713710785, 0.4310496151447296, 0.19972775876522064, -0.013009287416934967, -0.045965734869241714]"
"['6/25/15', '6/24/15']","[0.09802829474210739, 0.15949025750160217, 0.23205746710300446, 0.22040675580501556, 0.008975259959697723]"
"['6/26/15', '6/25/15']","[-0.13186407089233398, 0.5294561982154846, 0.4777376353740692, 0.40938305854797363, -0.036161892116069794]"
"['6/28/15', '6/26/15']","[-0.018735861405730247, 0.31384244561195374, 0.344874769449234, 0.3143939971923828, -0.0550825372338295]"
"['6/29/15', '6/28/15']","[-0.09475139528512955, 0.38937005400657654, 0.3358837068080902, 0.27324336767196655, -0.02115625888109207]"
"['6/30/15', '6/29/15']","[-0.16875767707824707, 0.5466883182525635, 0.41259893774986267, 0.25152474641799927, -0.026920638978481293]"
"['7/1/15', '6/30/15']","[-0.33151254057884216, 0.7096848487854004, 0.3855794370174408, 0.07464390248060226, -0.04877423495054245]"
"['7/2/15', '7/1/15']","[-0.22271478176116943, 0.5600728988647461, 0.34539496898651123, 0.10130461305379868, -0.030102968215942383]"
"['7/3/15', '7/2/15']","[-0.18619203567504883, 0.3586929738521576, 0.28186559677124023, 0.23903261125087738, -0.08922991901636124]"
"['7/4/15', '7/3/15']","[-0.18927696347236633, 0.4477585256099701, 0.32100629806518555, 0.18942220509052277, -0.029063329100608826]"
"['7/5/15', '7/4/15']","[-0.07144909352064133, 0.3370615243911743, 0.36277541518211365, 0.3579109311103821, -0.062239907681941986]"
"['7/6/15', '7/5/15']","[0.026120813563466072, 0.2726558744907379, 0.3442905843257904, 0.31701529026031494, 0.011275745928287506]"
"['7/7/15', '7/6/15']","[-0.10891798883676529, 0.5217034220695496, 0.4880695939064026, 0.41935285925865173, -0.054721005260944366]"
"['7/8/15', '7/7/15']","[-0.12924271821975708, 0.5096633434295654, 0.4341808557510376, 0.3249053657054901, -0.02729400247335434]"
"['7/10/15', '7/8/15']","[-0.05692704766988754, 0.39119648933410645, 0.4134632349014282, 0.38831794261932373, -0.05717942863702774]"
"['7/11/15', '7/10/15']","[-0.09480712562799454, 0.4288618862628937, 0.43667852878570557, 0.41315966844558716, -0.07320407778024673]"
"['7/12/15', '7/11/15']","[-0.014707105234265327, 0.35343044996261597, 0.3931494653224945, 0.35905778408050537, -0.026437990367412567]"
"['7/17/15', '7/12/15']","[-0.00018719956278800964, 0.23225535452365875, 0.23518216609954834, 0.18172962963581085, -0.0051020607352256775]"
"['7/18/15', '7/17/15']","[0.06813943386077881, 0.17765522003173828, 0.2504652440547943, 0.3342891335487366, -0.1261369287967682]"
"['7/19/15', '7/18/15']","[0.02594302035868168, 0.2606813907623291, 0.30832019448280334, 0.3570825159549713, -0.10835625976324081]"
"['7/21/15', '7/19/15']","[0.055754996836185455, 0.20881924033164978, 0.25305449962615967, 0.27246880531311035, -0.0975128784775734]"
"['7/22/15', '7/21/15']","[0.001254463568329811, 0.22191312909126282, 0.20838119089603424, 0.26738154888153076, -0.1189301535487175]"
"['7/23/15', '7/22/15']","[0.07542568445205688, 0.13798588514328003, 0.20307300984859467, 0.31521692872047424, -0.12392439693212509]"
"['7/24/15', '7/23/15']","[-0.11575672775506973, 0.5354687571525574, 0.49717405438423157, 0.4254242777824402, -0.05684550851583481]"
"['7/25/15', '7/24/15']","[-0.11518382281064987, 0.5181037187576294, 0.47007668018341064, 0.39869076013565063, -0.062027864158153534]"
"['7/26/15', '7/25/15']","[-0.24697080254554749, 0.6085620522499084, 0.3690992593765259, 0.12559138238430023, -0.08549490571022034]"
"['7/27/15', '7/26/15']","[-0.07477346807718277, 0.3851182162761688, 0.33986198902130127, 0.29689568281173706, -0.10932663828134537]"
"['7/28/15', '7/27/15']","[-0.11968422681093216, 0.5078858733177185, 0.4586155116558075, 0.401935875415802, -0.036535851657390594]"
"['7/29/15', '7/28/15']","[-0.00041076354682445526, 0.33881229162216187, 0.3531987965106964, 0.3478010892868042, -0.08937615901231766]"
"['7/30/15', '7/29/15']","[-0.0501968190073967, 0.3363114297389984, 0.30993402004241943, 0.33028531074523926, -0.03840404003858566]"
"['7/31/15', '7/30/15']","[-0.008684003725647926, 0.24836479127407074, 0.2631411850452423, 0.2735007405281067, 0.03390543907880783]"
"['8/1/15', '7/31/15']","[-0.08725777268409729, 0.44496726989746094, 0.4078463613986969, 0.3866331875324249, -0.061362363398075104]"
"['8/2/15', '8/1/15']","[-0.020609715953469276, 0.28801584243774414, 0.289874404668808, 0.3288484215736389, -0.055938296020030975]"
"['8/3/15', '8/2/15']","[-0.1960587054491043, 0.535059928894043, 0.3944490849971771, 0.2708553075790405, -0.09646933525800705]"
"['8/4/15', '8/3/15']","[-0.20236629247665405, 0.4826509952545166, 0.30224841833114624, 0.24910514056682587, -0.09723395854234695]"
"['8/5/15', '8/4/15']","[-0.11255476623773575, 0.4811651110649109, 0.43732914328575134, 0.3492445945739746, 0.003034822642803192]"
"['8/7/15', '8/5/15']","[-0.2608153820037842, 0.5909358859062195, 0.3206436038017273, 0.053247079253196716, -0.054751716554164886]"
"['8/8/15', '8/7/15']","[-0.04724153131246567, 0.40766486525535583, 0.411749005317688, 0.3835059702396393, -0.061737947165966034]"
"['8/9/15', '8/8/15']","[-0.04480510950088501, 0.33134371042251587, 0.2938901484012604, 0.2458413988351822, -0.09194659441709518]"
"['8/10/15', '8/9/15']","[-0.11728497594594955, 0.504715085029602, 0.4487181007862091, 0.3380206525325775, -0.05224033445119858]"
"['8/11/15', '8/10/15']","[-0.21464216709136963, 0.49487653374671936, 0.3077697157859802, 0.26022544503211975, -0.11393611878156662]"
"['8/12/15', '8/11/15']","[0.04439418017864227, 0.2417382448911667, 0.27003422379493713, 0.2700108289718628, -0.09428577870130539]"
"['8/14/15', '8/12/15']","[-0.05165299028158188, 0.398262083530426, 0.4443780779838562, 0.3675614297389984, 0.027676425874233246]"
"['8/15/15', '8/14/15']","[-0.11945629864931107, 0.4668196439743042, 0.4594171643257141, 0.3883289098739624, 0.0313175693154335]"
"['8/16/15', '8/15/15']","[-0.07258149236440659, 0.45699343085289, 0.4692627787590027, 0.40957099199295044, -0.038328416645526886]"
"['8/17/15', '8/16/15']","[-0.058336272835731506, 0.4368911385536194, 0.43731722235679626, 0.38827499747276306, -0.051628030836582184]"
"['8/18/15', '8/17/15']","[-0.09876485913991928, 0.5193102955818176, 0.49823805689811707, 0.431310772895813, -0.07095924764871597]"
"['8/19/15', '8/18/15']","[-0.12265638262033463, 0.5312709212303162, 0.48904380202293396, 0.4178214371204376, -0.046059973537921906]"
"['8/20/15', '8/19/15']","[-0.23503994941711426, 0.553278923034668, 0.3315831422805786, 0.26571032404899597, -0.12668108940124512]"
"['8/21/15', '8/20/15']","[-0.12249953299760818, 0.5042778253555298, 0.4408363699913025, 0.33895009756088257, -0.054394327104091644]"
"['8/22/15', '8/21/15']","[-0.1029398962855339, 0.5214980244636536, 0.4883534014225006, 0.41566044092178345, -0.0540347620844841]"
"['8/23/15', '8/22/15']","[-0.07224693894386292, 0.4747612476348877, 0.4653252363204956, 0.40407830476760864, -0.06791844218969345]"
"['8/24/15', '8/23/15']","[0.023141125217080116, 0.3667946755886078, 0.38550329208374023, 0.3033711910247803, -0.05276302248239517]"
"['8/25/15', '8/24/15']","[0.0004770401865243912, 0.38393405079841614, 0.396426260471344, 0.3203815519809723, -0.04575248807668686]"
"['8/26/15', '8/25/15']","[-0.18329067528247833, 0.4800657331943512, 0.29034122824668884, 0.2254100888967514, -0.11467114835977554]"
"['8/27/15', '8/26/15']","[0.02312489040195942, 0.3744957149028778, 0.3881664574146271, 0.3007965385913849, -0.05978827923536301]"
"['8/28/15', '8/27/15']","[-0.06872484087944031, 0.46550342440605164, 0.4637119174003601, 0.40302085876464844, -0.055100373923778534]"
"['8/29/15', '8/28/15']","[-0.0695716068148613, 0.4531230628490448, 0.4512433707714081, 0.3968117833137512, -0.06657671183347702]"
"['8/30/15', '8/29/15']","[0.05220528692007065, 0.2093597799539566, 0.29103511571884155, 0.27589482069015503, 0.013374648988246918]"
"['8/31/15', '8/30/15']","[-0.047329455614089966, 0.4179133176803589, 0.43508514761924744, 0.3844517171382904, -0.037136904895305634]"
"['9/1/15', '8/31/15']","[-0.23194769024848938, 0.5288591980934143, 0.32626914978027344, 0.27336227893829346, -0.12498802691698074]"
"['9/2/15', '9/1/15']","[-0.09599516540765762, 0.5164422392845154, 0.49610432982444763, 0.4288582503795624, -0.07053025811910629]"
"['9/4/15', '9/2/15']","[-0.1996382772922516, 0.5253194570541382, 0.33361661434173584, 0.12940697371959686, -0.045107848942279816]"
"['9/5/15', '9/4/15']","[0.044450514018535614, 0.33839237689971924, 0.3321843147277832, 0.23171304166316986, 0.05613856017589569]"
"['9/6/15', '9/5/15']","[0.050404854118824005, 0.34658369421958923, 0.37932178378105164, 0.29992175102233887, -0.020383082330226898]"
"['9/7/15', '9/6/15']","[-0.049265846610069275, 0.2584288418292999, 0.14433056116104126, 0.0765174999833107, -0.1488111913204193]"
"['9/8/15', '9/7/15']","[-0.0004921462386846542, 0.32528606057167053, 0.35219091176986694, 0.3675963580608368, -0.10964948683977127]"
"['9/9/15', '9/8/15']","[-0.13247451186180115, 0.3982803523540497, 0.23716716468334198, 0.2660253047943115, -0.16630271077156067]"
"['9/11/15', '9/9/15']","[-0.025488244369626045, 0.3526209890842438, 0.26660603284835815, 0.14018858969211578, -0.08809401839971542]"
"['9/12/15', '9/11/15']","[0.01289735920727253, 0.34251847863197327, 0.33840280771255493, 0.2563708424568176, -0.06407157331705093]"
"['9/13/15', '9/12/15']","[-0.02022087387740612, 0.42079758644104004, 0.4217534363269806, 0.3487760126590729, -0.06827039271593094]"
"['9/14/15', '9/13/15']","[0.043878622353076935, 0.2757793962955475, 0.3069491386413574, 0.2727414071559906, -0.03363094478845596]"
"['9/15/15', '9/14/15']","[0.06045852601528168, 0.23631970584392548, 0.29682692885398865, 0.27255871891975403, -0.014364548027515411]"
"['9/16/15', '9/15/15']","[-0.10154593735933304, 0.30973103642463684, 0.15328535437583923, 0.1357710212469101, -0.10816317796707153]"
"['9/17/15', '9/16/15']","[-0.04948960244655609, 0.44126030802726746, 0.4093269407749176, 0.3521857261657715, -0.07503318041563034]"
"['9/18/15', '9/17/15']","[-0.20521751046180725, 0.6048651337623596, 0.4422922134399414, 0.25630882382392883, -0.06746093183755875]"
"['9/19/15', '9/18/15']","[-0.17079664766788483, 0.5187796354293823, 0.38946789503097534, 0.23084627091884613, -0.06885083764791489]"
"['9/20/15', '9/19/15']","[-0.06079167127609253, 0.42767974734306335, 0.43693971633911133, 0.40030407905578613, -0.06426031142473221]"
"['9/22/15', '9/20/15']","[0.0030958186835050583, 0.21569588780403137, 0.2790428400039673, 0.297005295753479, -0.056199006736278534]"
"['9/23/15', '9/22/15']","[-0.011473359540104866, 0.3073331415653229, 0.3420884311199188, 0.3056778311729431, 0.03860428184270859]"
"['9/24/15', '9/23/15']","[-0.04011499136686325, 0.38219061493873596, 0.41074082255363464, 0.3734883666038513, -0.036025725305080414]"
"['9/25/15', '9/24/15']","[0.03820879012346268, 0.19203932583332062, 0.19062131643295288, 0.2124074250459671, -0.05088191479444504]"
"['9/26/15', '9/25/15']","[0.1146639958024025, 0.1376170516014099, 0.209291011095047, 0.21962116658687592, -0.028884820640087128]"
"['9/27/15', '9/26/15']","[0.1342756301164627, 0.06883952021598816, 0.20027859508991241, 0.2189604938030243, 0.03839678317308426]"
"['9/28/15', '9/27/15']","[0.09044796973466873, 0.2974846065044403, 0.3481013774871826, 0.26662036776542664, -0.0005058720707893372]"
"['9/30/15', '9/28/15']","[0.11842723935842514, 0.18421299755573273, 0.2491735965013504, 0.19800768792629242, -0.002474747598171234]"
"['10/1/15', '9/30/15']","[0.09343221783638, 0.23775389790534973, 0.3059440851211548, 0.24829457700252533, 0.015853233635425568]"
"['10/3/15', '10/1/15']","[0.005791196599602699, 0.3045906722545624, 0.31097400188446045, 0.2572440207004547, -0.050081513822078705]"
"['10/4/15', '10/3/15']","[0.2202208936214447, 0.1420673429965973, 0.17757540941238403, 0.03421172499656677, 0.033607639372348785]"
"['3/4/16', '3/3/16']","[0.05188451707363129, 0.2518225908279419, 0.12415654957294464, 0.049396540969610214, -0.056132279336452484]"
"['3/5/16', '3/4/16']","[-0.031333811581134796, 0.42388391494750977, 0.359053373336792, 0.24028252065181732, 0.018904082477092743]"
"['3/6/16', '3/5/16']","[0.10257094353437424, 0.22993455827236176, 0.17032405734062195, 0.08137644082307816, -0.012766391038894653]"
"['3/7/16', '3/6/16']","[0.17857834696769714, 0.1537962406873703, 0.118886798620224, -0.006740183103829622, 0.023025348782539368]"
"['3/8/16', '3/7/16']","[0.12860213220119476, 0.15173238515853882, 0.038733724504709244, -0.023060273379087448, -0.0677560567855835]"
"['3/9/16', '3/8/16']","[0.07118236273527145, 0.26418620347976685, 0.18154169619083405, 0.04617917165160179, 0.009676732122898102]"
"['3/11/16', '3/9/16']","[0.15587739646434784, 0.16827158629894257, 0.13006696105003357, 0.015486344695091248, 0.007880285382270813]"
"['3/12/16', '3/11/16']","[0.014702266082167625, 0.366375595331192, 0.30127257108688354, 0.1682697832584381, 0.0396043136715889]"
"['3/13/16', '3/12/16']","[0.1542695015668869, 0.17922914028167725, 0.17227444052696228, 0.08243294060230255, -0.023467130959033966]"
"['3/14/16', '3/13/16']","[0.09064364433288574, 0.2835335433483124, 0.2561841905117035, 0.10892055183649063, 0.015989966690540314]"
"['3/16/16', '3/14/16']","[0.10056724399328232, 0.27580761909484863, 0.24928401410579681, 0.1093423068523407, 0.056433312594890594]"
"['3/17/16', '3/16/16']","[0.05058610439300537, 0.298997700214386, 0.22781148552894592, 0.13028119504451752, 0.0010169968008995056]"
"['3/18/16', '3/17/16']","[-0.029435371980071068, 0.4195571839809418, 0.346537709236145, 0.22160959243774414, 0.03146892040967941]"
"['3/23/16', '3/18/16']","[0.10679030418395996, 0.23752810060977936, 0.19772940874099731, 0.08523236960172653, -0.0018091648817062378]"
"['3/24/16', '3/23/16']","[0.0820809081196785, 0.2941349148750305, 0.26450052857398987, 0.12751144170761108, 0.02887321263551712]"
"['3/25/16', '3/24/16']","[0.020017968490719795, 0.3536819517612457, 0.2734818160533905, 0.11358178406953812, 0.02825649082660675]"
"['3/26/16', '3/25/16']","[0.09768377244472504, 0.2414679229259491, 0.16501274704933167, 0.028425194323062897, 0.01841650903224945]"
"['3/27/16', '3/26/16']","[0.03185127675533295, 0.25478431582450867, 0.07539551705121994, -0.04419255629181862, -0.08760695159435272]"
"['3/28/16', '3/27/16']","[0.1394900232553482, 0.19992464780807495, 0.16921119391918182, 0.06794383376836777, -0.011091820895671844]"
"['3/30/16', '3/28/16']","[0.16641123592853546, 0.15452688932418823, 0.12629570066928864, 0.0194283127784729, 0.017571061849594116]"
"['3/31/16', '3/30/16']","[0.06990500539541245, 0.20526792109012604, 0.059277646243572235, -0.13741645216941833, -0.026697997003793716]"
"['4/1/16', '3/31/16']","[0.09071635454893112, 0.27231135964393616, 0.21935917437076569, 0.076694056391716, 0.048832014203071594]"
"['4/4/16', '4/1/16']","[0.10916128009557724, 0.20757697522640228, 0.15141454339027405, 0.03291476517915726, 0.03378550708293915]"
"['4/6/16', '4/4/16']","[0.09794390946626663, 0.25336411595344543, 0.2694602906703949, 0.1945745348930359, -0.03957819193601608]"
"['4/7/16', '4/6/16']","[0.05137297511100769, 0.30621421337127686, 0.2863253355026245, 0.2356080710887909, -0.08418042212724686]"
"['4/8/16', '4/7/16']","[-0.139296293258667, 0.5500365495681763, 0.47491881251335144, 0.37652191519737244, -0.046367816627025604]"
"['4/10/16', '4/8/16']","[0.03642857074737549, 0.31042999029159546, 0.3275900185108185, 0.2691515386104584, -0.04839343577623367]"
"['4/11/16', '4/10/16']","[-0.08481151610612869, 0.40572893619537354, 0.20387627184391022, 0.02502526342868805, -0.08319953829050064]"
"['4/12/16', '4/11/16']","[0.0838322788476944, 0.22449751198291779, 0.21425533294677734, 0.21600501239299774, -0.11391181498765945]"
"['4/13/16', '4/12/16']","[0.015069860965013504, 0.18959450721740723, 0.0017612352967262268, -0.005957514513283968, -0.18170997500419617]"
"['4/14/16', '4/13/16']","[0.007583657279610634, 0.3667462170124054, 0.3522191047668457, 0.3081969618797302, -0.09684155136346817]"
"['4/15/16', '4/14/16']","[-0.11467880755662918, 0.5327610373497009, 0.4935183823108673, 0.4229860305786133, -0.059221453964710236]"
"['4/16/16', '4/15/16']","[-0.1663489192724228, 0.5623307228088379, 0.4449896514415741, 0.3703787326812744, -0.030215702950954437]"
"['4/19/16', '4/16/16']","[0.03204766660928726, 0.3411523699760437, 0.36396121978759766, 0.3021557927131653, -0.04969809204339981]"
"['4/20/16', '4/19/16']","[-0.00952870212495327, 0.4102630317211151, 0.4229850172996521, 0.34964901208877563, -0.038334377110004425]"
"['4/21/16', '4/20/16']","[0.04605492576956749, 0.19517558813095093, 0.22910787165164948, 0.14634503424167633, 0.06823720782995224]"
"['4/22/16', '4/21/16']","[-0.03874186426401138, 0.3304971754550934, 0.2585165202617645, 0.22672083973884583, -0.06696823239326477]"
"['4/23/16', '4/22/16']","[0.034031547605991364, 0.32618337869644165, 0.2922489643096924, 0.2285471260547638, -0.06249789148569107]"
"['4/24/16', '4/23/16']","[0.10335841774940491, 0.26296645402908325, 0.28437989950180054, 0.20548976957798004, -0.07302168756723404]"
"['4/25/16', '4/24/16']","[-0.14917373657226562, 0.5060655474662781, 0.3627913296222687, 0.3284454643726349, -0.10832282155752182]"
"['4/26/16', '4/25/16']","[-0.09614136070013046, 0.499188631772995, 0.4460839033126831, 0.37740272283554077, -0.05170043557882309]"
"['4/27/16', '4/26/16']","[-0.11201722174882889, 0.5071203112602234, 0.44282805919647217, 0.356792151927948, -0.0011894777417182922]"
"['4/28/16', '4/27/16']","[-0.09532160311937332, 0.46575284004211426, 0.4380017817020416, 0.3902001678943634, -0.06185131520032883]"
"['4/29/16', '4/28/16']","[-0.12699231505393982, 0.3752288818359375, 0.31190061569213867, 0.2432112842798233, -0.0833723321557045]"
"['4/30/16', '4/29/16']","[-0.0642101988196373, 0.382552832365036, 0.3339673578739166, 0.269673228263855, -0.09258867055177689]"
"['5/1/16', '4/30/16']","[-0.18633508682250977, 0.3013657331466675, 0.12877854704856873, 0.14015474915504456, -0.12311459332704544]"
"['5/3/16', '5/1/16']","[-0.07833855599164963, 0.39002886414527893, 0.27273043990135193, 0.09301479905843735, -0.036988019943237305]"
"['5/4/16', '5/3/16']","[-0.05110035091638565, 0.4003959596157074, 0.3710428774356842, 0.32585394382476807, -0.1005881205201149]"
"['5/5/16', '5/4/16']","[-0.1769256293773651, 0.4559473395347595, 0.2407379150390625, 0.23081699013710022, -0.16959717869758606]"
"['5/7/16', '5/5/16']","[-0.05441734939813614, 0.3294675350189209, 0.25954410433769226, 0.21927385032176971, -0.07310511916875839]"
"['5/8/16', '5/7/16']","[-0.2657482326030731, 0.6106663942337036, 0.32489317655563354, 0.011591717600822449, -0.05022455006837845]"
"['5/10/16', '5/8/16']","[-0.08487921208143234, 0.4871188700199127, 0.4362044036388397, 0.3365132212638855, -0.04055323451757431]"
"['5/11/16', '5/10/16']","[-0.21239204704761505, 0.5716099739074707, 0.37789446115493774, 0.31072989106178284, -0.09745090454816818]"
"['5/12/16', '5/11/16']","[-0.041755251586437225, 0.3791082799434662, 0.3562582731246948, 0.32333388924598694, -0.10727036744356155]"
"['5/13/16', '5/12/16']","[-0.004353893920779228, 0.3247590959072113, 0.34685561060905457, 0.3562217354774475, -0.10727738589048386]"
"['5/14/16', '5/13/16']","[-0.06259718537330627, 0.44622325897216797, 0.4448857605457306, 0.41395413875579834, -0.08924571424722672]"
"['5/15/16', '5/14/16']","[-0.004534846171736717, 0.33671221137046814, 0.37125590443611145, 0.37013953924179077, -0.0781092718243599]"
"['5/17/16', '5/15/16']","[0.003687264397740364, 0.3473180830478668, 0.3680596947669983, 0.3336320221424103, -0.0698833242058754]"
"['5/18/16', '5/17/16']","[-0.12863218784332275, 0.5303818583488464, 0.4523600935935974, 0.3590564727783203, -0.03735501319169998]"
"['5/19/16', '5/18/16']","[-0.04851376265287399, 0.37390005588531494, 0.3649313151836395, 0.34145307540893555, -0.05715768784284592]"
"['5/20/16', '5/19/16']","[-0.0070382412523031235, 0.3104780316352844, 0.30138546228408813, 0.2819960415363312, -0.1065036877989769]"
"['5/21/16', '5/20/16']","[-0.08521310240030289, 0.4102044403553009, 0.3585895597934723, 0.2832133173942566, -0.03173729032278061]"
"['5/22/16', '5/21/16']","[-0.09136384725570679, 0.4285068213939667, 0.3656020760536194, 0.3500778377056122, -0.04509631544351578]"
"['5/24/16', '5/22/16']","[0.0061580222100019455, 0.3271789848804474, 0.2640076279640198, 0.09714920818805695, 0.006807446479797363]"
"['5/25/16', '5/24/16']","[-0.04086611419916153, 0.4091684818267822, 0.33805540204048157, 0.27977868914604187, -0.05249965935945511]"
"['5/26/16', '5/25/16']","[-0.12200979143381119, 0.4685629606246948, 0.27677005529403687, 0.07978798449039459, -0.09934861212968826]"
"['5/27/16', '5/26/16']","[-0.21071811020374298, 0.6081939935684204, 0.44449582695961, 0.265548437833786, -0.06207091361284256]"
"['5/28/16', '5/27/16']","[-0.06492843478918076, 0.41265228390693665, 0.406666100025177, 0.3660506010055542, -0.07279587537050247]"
"['5/29/16', '5/28/16']","[0.022455433383584023, 0.34541863203048706, 0.3318963050842285, 0.2910774350166321, -0.10040196031332016]"
"['5/30/16', '5/29/16']","[0.018108494579792023, 0.1972019076347351, 0.018403291702270508, 0.06402193754911423, -0.18216410279273987]"
"['5/31/16', '5/30/16']","[0.10877527296543121, 0.2053404450416565, 0.21633869409561157, 0.19667598605155945, -0.09423454850912094]"
"['6/1/16', '5/31/16']","[0.039827197790145874, 0.27640780806541443, 0.17659857869148254, 0.09964857250452042, -0.09138622134923935]"
"['6/2/16', '6/1/16']","[-0.07986614853143692, 0.3266555070877075, 0.12819094955921173, 0.09991587698459625, -0.16128715872764587]"
"['6/3/16', '6/2/16']","[-0.02205304615199566, 0.3965436518192291, 0.3910672664642334, 0.35783514380455017, -0.09534309059381485]"
"['6/4/16', '6/3/16']","[-0.15728244185447693, 0.5027134418487549, 0.3104662597179413, 0.12993097305297852, -0.08106859028339386]"
"['6/5/16', '6/4/16']","[-0.1433919370174408, 0.4006316065788269, 0.2306603640317917, 0.2983322739601135, -0.18742549419403076]"
"['6/6/16', '6/5/16']","[-0.06304468214511871, 0.47507283091545105, 0.46265020966529846, 0.3927033841609955, -0.07018717378377914]"
"['6/7/16', '6/6/16']","[-0.011604970321059227, 0.34106284379959106, 0.27692821621894836, 0.2312649041414261, -0.08737701922655106]"
"['6/8/16', '6/7/16']","[-0.12944406270980835, 0.42272526025772095, 0.2444537729024887, 0.16636276245117188, -0.11447856575250626]"
"['6/9/16', '6/8/16']","[0.058608926832675934, 0.2774714529514313, 0.32389163970947266, 0.2606332302093506, 0.0266164168715477]"
"['6/10/16', '6/9/16']","[0.056303441524505615, 0.21656247973442078, 0.2661276161670685, 0.21919368207454681, 0.09612163156270981]"
"['6/11/16', '6/10/16']","[0.1422518938779831, 0.08443015813827515, 0.2024134248495102, 0.17808260023593903, 0.10642144829034805]"
"['6/12/16', '6/11/16']","[0.051161028444767, 0.33386632800102234, 0.3371349573135376, 0.2398887425661087, 0.04461312294006348]"
"['6/14/16', '6/12/16']","[-0.0013619530946016312, 0.3372384011745453, 0.319919228553772, 0.25415143370628357, 0.01777166873216629]"
"['6/15/16', '6/14/16']","[0.12532088160514832, 0.1973484307527542, 0.18941207230091095, 0.17084874212741852, -0.12583351135253906]"
"['6/16/16', '6/15/16']","[0.04765190929174423, 0.28754013776779175, 0.30269742012023926, 0.2714110016822815, -0.07047393172979355]"
"['6/17/16', '6/16/16']","[-0.08030463010072708, 0.36288347840309143, 0.20300471782684326, 0.13664646446704865, -0.08491639792919159]"
"['6/18/16', '6/17/16']","[-0.05521867424249649, 0.4480392038822174, 0.394788920879364, 0.2991484999656677, -0.02055085450410843]"
"['6/19/16', '6/18/16']","[-0.01618178002536297, 0.4287954270839691, 0.43563756346702576, 0.3587830066680908, -0.043840520083904266]"
"['6/20/16', '6/19/16']","[-0.06765464693307877, 0.46577274799346924, 0.4642617702484131, 0.4033650755882263, -0.05336422473192215]"
"['6/21/16', '6/20/16']","[-0.07277674973011017, 0.4783422350883484, 0.45155659317970276, 0.3896642327308655, -0.07256758958101273]"
"['6/22/16', '6/21/16']","[-0.12908607721328735, 0.5295647382736206, 0.43973445892333984, 0.32429182529449463, -0.0677943304181099]"
"['6/24/16', '6/22/16']","[-0.0650511309504509, 0.44352707266807556, 0.4168030321598053, 0.3426268696784973, -0.02574964612722397]"
"['6/25/16', '6/24/16']","[-0.23204079270362854, 0.5449065566062927, 0.33724677562713623, 0.2762129008769989, -0.12412596493959427]"
"['6/26/16', '6/25/16']","[-0.09288614243268967, 0.5104002952575684, 0.48924270272254944, 0.4236825704574585, -0.07259158045053482]"
"['6/28/16', '6/26/16']","[-0.1800445318222046, 0.486015260219574, 0.3022107481956482, 0.2137080281972885, -0.1150384396314621]"
"['6/29/16', '6/28/16']","[-0.058563582599163055, 0.4548918604850769, 0.42787042260169983, 0.368476927280426, -0.07177857309579849]"
"['6/30/16', '6/29/16']","[-0.0470639243721962, 0.44480255246162415, 0.4266470968723297, 0.36180153489112854, -0.06537341326475143]"
"['7/1/16', '6/30/16']","[-0.10011834651231766, 0.4766371548175812, 0.38033413887023926, 0.28080564737319946, -0.05526239424943924]"
"['7/2/16', '7/1/16']","[-0.04395650327205658, 0.43249040842056274, 0.4193074703216553, 0.36565783619880676, -0.0769977942109108]"
"['7/3/16', '7/2/16']","[0.021568888798356056, 0.32188984751701355, 0.34434136748313904, 0.336072713136673, -0.09719163924455643]"
"['7/4/16', '7/3/16']","[0.08965077996253967, 0.21978656947612762, 0.2518053650856018, 0.2586791515350342, -0.11110185831785202]"
"['7/5/16', '7/4/16']","[-0.029065528884530067, 0.3255755603313446, 0.2822914123535156, 0.1772671937942505, 0.005939766764640808]"
"['7/6/16', '7/5/16']","[-0.17419707775115967, 0.4296574592590332, 0.25961971282958984, 0.23563002049922943, -0.11819811165332794]"
"['7/8/16', '7/6/16']","[-0.10631387680768967, 0.39830949902534485, 0.34119710326194763, 0.25682494044303894, -0.024294935166835785]"
"['7/9/16', '7/8/16']","[-0.07306904345750809, 0.4482634961605072, 0.3939424753189087, 0.30269095301628113, -0.06650900095701218]"
"['7/10/16', '7/9/16']","[-0.10073030740022659, 0.5074489116668701, 0.45679202675819397, 0.3675903081893921, -0.07635358721017838]"
"['7/15/16', '7/10/16']","[-0.04103638976812363, 0.3631403148174286, 0.3330758512020111, 0.29523301124572754, -0.027762778103351593]"
"['7/16/16', '7/15/16']","[-0.14297232031822205, 0.5319411158561707, 0.4247162640094757, 0.33824145793914795, -0.023553036153316498]"
"['7/17/16', '7/16/16']","[-0.03377780318260193, 0.42733216285705566, 0.41155117750167847, 0.3567645847797394, -0.08502880483865738]"
"['7/18/16', '7/17/16']","[-0.13669757544994354, 0.34196707606315613, 0.15150605142116547, 0.15997709333896637, -0.1871095597743988]"
"['7/19/16', '7/18/16']","[0.11454179137945175, 0.1230301707983017, 0.18793758749961853, 0.28644391894340515, -0.16189157962799072]"
"['7/20/16', '7/19/16']","[0.010525530204176903, 0.2108822762966156, 0.1317416876554489, 0.2255762368440628, -0.18996936082839966]"
"['7/21/16', '7/20/16']","[-0.10264962166547775, 0.3708702325820923, 0.25459086894989014, 0.29489096999168396, -0.14761757850646973]"
"['7/22/16', '7/21/16']","[-0.22725504636764526, 0.5354629755020142, 0.33157604932785034, 0.27087992429733276, -0.1204347088932991]"
"['7/23/16', '7/22/16']","[-0.17407765984535217, 0.5093411803245544, 0.351955384016037, 0.3312198519706726, -0.10993590205907822]"
"['7/24/16', '7/23/16']","[-0.13075760006904602, 0.485201358795166, 0.44127941131591797, 0.38848528265953064, -0.018496893346309662]"
"['7/25/16', '7/24/16']","[-0.19238436222076416, 0.4998829662799835, 0.25281277298927307, 0.1842082440853119, -0.14759740233421326]"
"['7/26/16', '7/25/16']","[-0.10899507254362106, 0.46665170788764954, 0.3090568482875824, 0.13697129487991333, -0.053451769053936005]"
"['7/27/16', '7/26/16']","[-0.10307005792856216, 0.5006649494171143, 0.4288545250892639, 0.34207049012184143, -0.05433904379606247]"
"['7/28/16', '7/27/16']","[-0.16509559750556946, 0.428642600774765, 0.24889634549617767, 0.21728302538394928, -0.12916244566440582]"
"['7/29/16', '7/28/16']","[0.03795626759529114, 0.3609764575958252, 0.3504333794116974, 0.24885819852352142, 0.03040313720703125]"
"['7/30/16', '7/29/16']","[0.04589913785457611, 0.29587751626968384, 0.29001832008361816, 0.2013106346130371, 0.07773397862911224]"
"['7/31/16', '7/30/16']","[0.10941702127456665, 0.22781170904636383, 0.3052176833152771, 0.24828065931797028, 0.015982232987880707]"
"['8/2/16', '7/31/16']","[-0.01406065933406353, 0.3269194960594177, 0.353336364030838, 0.3410062789916992, -0.06962613016366959]"
"['8/3/16', '8/2/16']","[-0.2302146852016449, 0.6240426898002625, 0.4260309636592865, 0.20613810420036316, -0.0729667916893959]"
"['8/4/16', '8/3/16']","[-0.046371378004550934, 0.45276719331741333, 0.44093286991119385, 0.3757510781288147, -0.06613852828741074]"
"['8/5/16', '8/4/16']","[-0.006244352087378502, 0.3003379702568054, 0.3052467703819275, 0.2926267981529236, -0.07270170003175735]"
"['8/6/16', '8/5/16']","[-0.06680528074502945, 0.2954358160495758, 0.23967774212360382, 0.17881223559379578, -0.08732426911592484]"
"['8/7/16', '8/6/16']","[-0.02609836496412754, 0.30840757489204407, 0.32078492641448975, 0.2497839480638504, 0.0018294677138328552]"
"['8/8/16', '8/7/16']","[-0.09810362011194229, 0.26870977878570557, 0.16223949193954468, 0.15016674995422363, -0.04351426288485527]"
"['8/9/16', '8/8/16']","[-0.1781357079744339, 0.4882250428199768, 0.29198727011680603, 0.041492119431495667, -0.01231076568365097]"
"['8/10/16', '8/9/16']","[-0.03227907419204712, 0.36073577404022217, 0.3859907388687134, 0.34702908992767334, -0.00981447845697403]"
"['8/11/16', '8/10/16']","[-0.08582963049411774, 0.4113377034664154, 0.29750776290893555, 0.1342180371284485, -0.02700246125459671]"
"['8/12/16', '8/11/16']","[-0.19874532520771027, 0.5051486492156982, 0.30705657601356506, 0.2405773103237152, -0.12104491144418716]"
"['8/13/16', '8/12/16']","[-0.21053071320056915, 0.519804835319519, 0.3186318874359131, 0.2543431520462036, -0.12072103470563889]"
"['8/14/16', '8/13/16']","[-0.0029790159314870834, 0.4010549485683441, 0.40212491154670715, 0.3316701054573059, -0.06429637223482132]"
"['8/16/16', '8/14/16']","[0.02961377240717411, 0.3100883662700653, 0.26862895488739014, 0.2004217952489853, -0.1006789430975914]"
"['8/17/16', '8/16/16']","[0.11144183576107025, 0.19250871241092682, 0.18297317624092102, 0.1610364019870758, -0.07966509461402893]"
"['8/18/16', '8/17/16']","[-0.032007135450839996, 0.4277409613132477, 0.4142599403858185, 0.3577100932598114, -0.08011036366224289]"
"['8/19/16', '8/18/16']","[-0.08600034564733505, 0.4805072546005249, 0.42682936787605286, 0.34693410992622375, -0.05972244590520859]"
"['8/20/16', '8/19/16']","[-0.2700657844543457, 0.6447776556015015, 0.3684489130973816, 0.07916523516178131, -0.07603944092988968]"
"['8/21/16', '8/20/16']","[-0.010485073551535606, 0.410578191280365, 0.40985214710235596, 0.3409298062324524, -0.06284775584936142]"
"['8/22/16', '8/21/16']","[-0.07183941453695297, 0.406695693731308, 0.4200272560119629, 0.3933037221431732, -0.06418775767087936]"
"['8/23/16', '8/22/16']","[-0.1097816750407219, 0.473201185464859, 0.437986820936203, 0.3657853901386261, -0.06801348179578781]"
"['8/24/16', '8/23/16']","[-0.07555577903985977, 0.41356217861175537, 0.385807067155838, 0.3230243921279907, 0.04397306591272354]"
"['8/25/16', '8/24/16']","[-0.05292671173810959, 0.3608669638633728, 0.351406991481781, 0.31066572666168213, 0.007562406361103058]"
"['8/26/16', '8/25/16']","[0.023429589346051216, 0.2626553475856781, 0.2617695927619934, 0.2990143299102783, -0.09727641195058823]"
"['8/27/16', '8/26/16']","[-0.0078023988753557205, 0.24732984602451324, 0.18184196949005127, 0.2644604742527008, -0.1717706322669983]"
"['8/28/16', '8/27/16']","[-0.06527654081583023, 0.4090260863304138, 0.35069540143013, 0.2690318524837494, -0.09091643244028091]"
"['8/29/16', '8/28/16']","[-0.04479760676622391, 0.3462800979614258, 0.22459720075130463, 0.20336195826530457, -0.08161318302154541]"
"['8/30/16', '8/29/16']","[-0.04964744299650192, 0.3821619153022766, 0.3390732407569885, 0.30564403533935547, -0.06418205052614212]"
"['8/31/16', '8/30/16']","[0.030504906550049782, 0.3721504509449005, 0.39495229721069336, 0.31778058409690857, -0.030903227627277374]"
"['9/2/16', '8/31/16']","[-0.04327484220266342, 0.38958069682121277, 0.3398773968219757, 0.25723692774772644, -0.08424518257379532]"
"['9/3/16', '9/2/16']","[-0.09562451392412186, 0.49761053919792175, 0.47152993083000183, 0.4178725779056549, -0.06794477254152298]"
"['9/4/16', '9/3/16']","[0.05122961848974228, 0.2682488262653351, 0.3090275228023529, 0.327443927526474, -0.10627513378858566]"
"['9/5/16', '9/4/16']","[-0.11118046194314957, 0.4437263011932373, 0.295705646276474, 0.28070199489593506, -0.13492287695407867]"
"['9/6/16', '9/5/16']","[-0.2721292972564697, 0.6095434427261353, 0.32966336607933044, 0.20197656750679016, -0.13005119562149048]"
"['9/7/16', '9/6/16']","[-0.15612491965293884, 0.42122527956962585, 0.24624527990818024, 0.22483347356319427, -0.13730642199516296]"
"['9/9/16', '9/7/16']","[0.10378602147102356, 0.10615512728691101, 0.08910873532295227, 0.10388640314340591, -0.1336154341697693]"
"['9/10/16', '9/9/16']","[0.09668981283903122, 0.15010130405426025, 0.21848101913928986, 0.3116363286972046, -0.15409699082374573]"
"['9/11/16', '9/10/16']","[0.15066249668598175, 0.06110210344195366, 0.1547355353832245, 0.27904012799263, -0.16438040137290955]"
"['9/12/16', '9/11/16']","[0.18445518612861633, 0.05625474080443382, 0.15573865175247192, 0.1573023498058319, -0.006447345018386841]"
"['9/13/16', '9/12/16']","[-0.1264551728963852, 0.321313738822937, 0.13779807090759277, -0.01997189223766327, -0.059665970504283905]"
"['9/14/16', '9/13/16']","[0.14684435725212097, 0.149383082985878, 0.1663883924484253, 0.15646816790103912, -0.10749603062868118]"
"['9/15/16', '9/14/16']","[0.012925947085022926, 0.3525114953517914, 0.3601146638393402, 0.3294147849082947, -0.08714460581541061]"
"['9/16/16', '9/15/16']","[-0.013747958466410637, 0.4080822467803955, 0.4007943868637085, 0.34139522910118103, -0.07275337725877762]"
"['9/17/16', '9/16/16']","[-0.18851087987422943, 0.4960795044898987, 0.2658403813838959, 0.21800464391708374, -0.14871498942375183]"
"['9/18/16', '9/17/16']","[0.044677115976810455, 0.2938154935836792, 0.34378379583358765, 0.31010907888412476, -0.030376844108104706]"
"['9/19/16', '9/18/16']","[0.1647033542394638, 0.06036539748311043, 0.09946446865797043, 0.11750123649835587, -0.09793926030397415]"
"['9/20/16', '9/19/16']","[0.17889715731143951, 0.12727247178554535, 0.12806972861289978, 0.11485917121171951, -0.1280471384525299]"
"['9/21/16', '9/20/16']","[0.17111510038375854, 0.10842253267765045, 0.08650700747966766, 0.0847688615322113, -0.11378663778305054]"
"['9/22/16', '9/21/16']","[0.0731879323720932, 0.07006493210792542, -0.08560800552368164, -0.03779008984565735, -0.203238844871521]"
"['9/23/16', '9/22/16']","[-0.03339242935180664, 0.24156910181045532, 0.0613621324300766, 0.06777822971343994, -0.1809079349040985]"
"['9/24/16', '9/23/16']","[-0.07516589015722275, 0.3234749734401703, 0.1706448644399643, 0.14947518706321716, -0.12407904118299484]"
"['9/25/16', '9/24/16']","[-0.017660820856690407, 0.1898052841424942, 0.04150974005460739, 0.0917215421795845, -0.19276005029678345]"
"['9/27/16', '9/25/16']","[0.07494616508483887, 0.2117650806903839, 0.17339254915714264, 0.08548603951931, -0.035944804549217224]"
"['9/28/16', '9/27/16']","[0.12588496506214142, 0.21317662298679352, 0.20630526542663574, 0.14378686249256134, 0.000710800290107727]"
"['9/29/16', '9/28/16']","[0.13926957547664642, 0.20335377752780914, 0.22605040669441223, 0.13798388838768005, -0.021450504660606384]"
"['9/30/16', '9/29/16']","[0.18343719840049744, 0.0861535370349884, 0.1708095371723175, 0.21717189252376556, -0.10306466370820999]"
"['10/1/16', '9/30/16']","[0.18614459037780762, 0.07086343318223953, 0.17783966660499573, 0.24305330216884613, -0.0996023640036583]"
