2014/03/31,"[1.6638396978378296, -6.329287528991699, 16.070785522460938, 3.459177017211914, -0.8780185580253601, -31.82666015625, 34.016319274902344, 10.47258186340332, -27.04364776611328, 6.058349132537842]"
2014/04/02,"[-3.224675416946411, -4.833470821380615, 7.650125026702881, 12.52099609375, -6.440084457397461, -28.339826583862305, 25.833768844604492, 13.527015686035156, -20.996564865112305, -0.27150800824165344]"
2014/04/03,"[0.19207006692886353, -1.1484391689300537, 4.49147891998291, 5.106161594390869, -2.3257029056549072, -9.939496040344238, 9.897370338439941, 5.047206878662109, -8.772065162658691, 0.4687499701976776]"
2014/04/04,"[1.2863423824310303, -5.134737491607666, 19.2018985748291, 15.439979553222656, -7.578221797943115, -39.06098556518555, 37.13962936401367, 18.21006965637207, -30.4903621673584, 4.587487697601318]"
2014/04/05,"[0.817241370677948, -6.76059103012085, 17.101091384887695, 11.18412971496582, -5.609999179840088, -37.50741195678711, 36.341636657714844, 16.521320343017578, -28.16879653930664, 6.27669095993042]"
2014/04/06,"[-2.383446216583252, 2.1701886653900146, 2.0346598625183105, 11.65202522277832, -6.896446228027344, -9.129765510559082, 6.0399370193481445, 7.061600208282471, -7.567187309265137, -5.2655110359191895]"
2014/04/07,"[-0.8459674715995789, 3.038604736328125, -0.2639128267765045, 9.303380966186523, -3.8501901626586914, -1.664828896522522, 0.6051607728004456, 4.152502059936523, -3.466578722000122, -4.125184535980225]"
2014/04/08,"[-3.6215991973876953, 3.28714919090271, -0.5688921809196472, 7.470870494842529, -4.13449764251709, -4.141024589538574, 2.5491602420806885, 2.5293095111846924, -3.9532880783081055, -8.287057876586914]"
2014/04/09,"[-0.9741712808609009, -0.9669880867004395, 3.428934335708618, 6.480781078338623, -4.261950969696045, -11.078492164611816, 9.901023864746094, 4.965520858764648, -10.174152374267578, -3.265515089035034]"
2014/04/11,"[-1.1944581270217896, -5.028295516967773, 8.69602108001709, 6.787973880767822, -3.980311393737793, -25.417709350585938, 24.38204002380371, 10.145118713378906, -20.009984970092773, 1.5181772708892822]"
2014/04/12,"[1.5790642499923706, -2.352938652038574, 7.98573637008667, 4.4192118644714355, -3.405141830444336, -13.060640335083008, 12.042339324951172, 5.853080749511719, -10.60656452178955, 1.5951931476593018]"
2014/04/13,"[-2.23215913772583, 1.5876489877700806, -1.636997103691101, 9.886045455932617, -7.202152729034424, -2.976468801498413, -1.1940758228302002, 4.2573561668396, -3.005579710006714, -7.676660060882568]"
2014/04/14,"[-0.7871116399765015, 2.061311721801758, -0.1907341480255127, 3.9519944190979004, -2.561612129211426, 0.023114940151572227, -0.8894681930541992, 1.5418874025344849, 0.020595822483301163, -2.6023502349853516]"
2014/04/16,"[2.063239097595215, -4.649694442749023, 14.507733345031738, 14.375531196594238, -9.328948974609375, -28.426822662353516, 23.9309139251709, 16.03055763244629, -19.70224380493164, 5.16504430770874]"
2014/04/18,"[-0.8957357406616211, 3.012571334838867, -0.3040808141231537, 6.744523048400879, -4.8160810470581055, 0.41654813289642334, -2.458193778991699, 2.402959108352661, -0.3117419183254242, -4.490124225616455]"
2014/04/19,"[-0.5900143384933472, -2.422306537628174, 10.42360782623291, 12.694868087768555, -6.04550838470459, -23.95282745361328, 21.739665985107422, 13.08068561553955, -17.040014266967773, 1.9786241054534912]"
2014/04/20,"[-1.353582501411438, 2.3778038024902344, 0.286262184381485, 7.010768890380859, -3.8983235359191895, -3.204594373703003, 1.8803545236587524, 3.1822311878204346, -3.839355230331421, -4.693477153778076]"
2014/04/21,"[-0.5310413837432861, -1.093726634979248, 6.152817249298096, 9.33727741241455, -6.287125587463379, -14.611770629882812, 11.898792266845703, 8.903108596801758, -9.434605598449707, 1.3074049949645996]"
2014/04/22,"[-2.8977088928222656, -2.297626495361328, 10.243623733520508, 13.539725303649902, -5.434044361114502, -28.4427547454834, 27.046297073364258, 14.5321626663208, -19.223846435546875, 2.1938369274139404]"
2014/04/23,"[-2.052391767501831, 0.25601449608802795, -2.2656145095825195, 5.564657688140869, -3.436473846435547, -2.028055191040039, 0.033220116049051285, 3.059241533279419, -1.407133936882019, -3.418684482574463]"
2014/04/24,"[-4.062755584716797, 1.2322412729263306, 1.1632180213928223, 9.123804092407227, -3.2500274181365967, -10.979443550109863, 9.800337791442871, 6.091556072235107, -8.827329635620117, -5.226746082305908]"
2014/04/25,"[2.624319553375244, -4.693353176116943, 12.95396614074707, -0.6174221634864807, 1.7365121841430664, -22.745222091674805, 27.03074836730957, 5.784829616546631, -21.56983757019043, 7.234065532684326]"
2014/04/26,"[1.3539211750030518, -5.431301593780518, 10.10276985168457, 4.608061790466309, -2.8000452518463135, -22.166166305541992, 21.96463394165039, 8.645214080810547, -18.099374771118164, 4.156240940093994]"
2014/04/27,"[-1.0467098951339722, 0.20774991810321808, 3.1488826274871826, 2.3544459342956543, -1.804345965385437, -7.750546455383301, 7.683704376220703, 2.7501916885375977, -5.898017406463623, -1.2036902904510498]"
2014/05/01,"[0.7204026579856873, -5.655602931976318, 12.516256332397461, 7.08132266998291, -4.56550407409668, -27.855878829956055, 26.925811767578125, 10.924943923950195, -22.379823684692383, 2.995969533920288]"
2014/05/02,"[-1.1460787057876587, -4.830934047698975, 7.245429039001465, 11.171512603759766, -7.567112445831299, -21.240234375, 15.572031021118164, 12.132041931152344, -12.659929275512695, -0.9090538620948792]"
2014/05/03,"[-1.5800576210021973, -1.2428542375564575, 3.465167284011841, 10.59139347076416, -6.554281711578369, -12.494524002075195, 8.455737113952637, 8.461073875427246, -7.507787227630615, -2.7131550312042236]"
2014/05/04,"[-4.26522159576416, 5.907477378845215, 2.7711379528045654, 11.667064666748047, -4.855185508728027, -9.20888614654541, 8.142778396606445, 5.58532190322876, -7.877537250518799, -7.794957160949707]"
2014/05/06,"[-2.965620517730713, -1.4289048910140991, 1.1455985307693481, 10.639016151428223, -7.058631896972656, -13.077956199645996, 9.365772247314453, 9.366240501403809, -7.348498821258545, -0.9681273102760315]"
2014/05/07,"[-1.0187430381774902, -1.2924920320510864, 4.310020446777344, 12.591784477233887, -6.400629043579102, -16.926504135131836, 15.039655685424805, 10.26732063293457, -15.49171257019043, -2.327460289001465]"
2014/05/08,"[-1.039292812347412, -0.6226455569267273, 1.1696969270706177, 2.9419755935668945, -2.5099737644195557, -4.987438201904297, 3.2309043407440186, 2.5043046474456787, -3.0576629638671875, -2.857492685317993]"
2014/05/09,"[-2.0549428462982178, 2.583451509475708, -1.9396710395812988, 5.957104206085205, -4.076891899108887, -1.17823326587677, 0.21306151151657104, 2.5260555744171143, -2.9475719928741455, -4.22738790512085]"
2014/05/10,"[-1.5071851015090942, -4.851619243621826, 7.744445323944092, 10.418041229248047, -6.033512592315674, -25.014944076538086, 21.968149185180664, 12.401222229003906, -18.481298446655273, 0.4889547526836395]"
2014/05/11,"[-3.1048498153686523, -0.26297542452812195, -0.9323258399963379, 6.341009140014648, -4.5643134117126465, -7.347511291503906, 4.680245876312256, 3.7012534141540527, -6.373086452484131, -6.904078960418701]"
2014/05/12,"[-1.9134043455123901, -4.470592975616455, 7.45974063873291, 10.990107536315918, -5.8204803466796875, -23.13389015197754, 19.478086471557617, 12.241786003112793, -13.512782096862793, 1.2909345626831055]"
2014/05/13,"[-4.179470062255859, 1.7403725385665894, 1.580848217010498, 8.570479393005371, -4.549830913543701, -10.824810981750488, 9.215802192687988, 5.198067665100098, -6.899786472320557, -5.324387073516846]"
2014/05/14,"[-2.413815975189209, 0.08939884603023529, 7.390686988830566, 12.233455657958984, -5.153141975402832, -19.991722106933594, 18.371326446533203, 10.491153717041016, -14.291015625, -1.2072255611419678]"
2014/05/15,"[-4.31541633605957, 4.144303321838379, 0.6232332587242126, 7.7226080894470215, -2.844278335571289, -6.806098461151123, 6.767796039581299, 3.2227861881256104, -5.85140323638916, -6.812142848968506]"
2014/05/16,"[-1.7500932216644287, -1.0997952222824097, 7.5719804763793945, 13.926944732666016, -8.006131172180176, -20.17774200439453, 16.438926696777344, 12.360647201538086, -12.841322898864746, -0.3880613148212433]"
2014/05/17,"[-0.31497594714164734, -1.4133683443069458, 2.41280198097229, 6.30711555480957, -4.2190752029418945, -8.858736991882324, 7.066765308380127, 4.837517261505127, -8.612415313720703, -2.9551031589508057]"
2014/05/18,"[-1.5830141305923462, 5.731655120849609, 0.21058505773544312, 9.32929515838623, -4.452174186706543, -0.20588499307632446, -1.165796160697937, 2.7814505100250244, -2.5697827339172363, -7.748989105224609]"
2014/05/20,"[-1.2735528945922852, -3.634456157684326, 9.767358779907227, 12.707999229431152, -7.096429347991943, -26.373262405395508, 24.073284149169922, 12.996834754943848, -19.278608322143555, 1.3166043758392334]"
2014/05/21,"[0.0699157565832138, -1.4582587480545044, 6.313000202178955, 7.279128551483154, -3.078366279602051, -14.95028018951416, 14.536596298217773, 6.924500465393066, -13.134542465209961, -0.47044637799263]"
2014/05/22,"[-0.9655686616897583, -6.374698162078857, 14.907742500305176, 13.743707656860352, -6.1195149421691895, -37.53659439086914, 36.23503875732422, 17.284231185913086, -27.540983200073242, 5.497276782989502]"
2014/05/23,"[-0.5377420783042908, 1.7816524505615234, 2.036205530166626, 5.980477809906006, -4.652438640594482, -4.889039039611816, 3.843679904937744, 2.968308925628662, -6.177675724029541, -3.8820602893829346]"
2014/05/24,"[-2.77571177482605, -5.414309501647949, 8.820470809936523, 18.367198944091797, -10.164443969726562, -31.092559814453125, 25.151954650878906, 18.15982437133789, -19.62148094177246, 0.6179530024528503]"
2014/05/25,"[-1.5380051136016846, 2.7651607990264893, -1.485355019569397, 7.802908420562744, -6.304008960723877, -0.5346806645393372, -2.222475290298462, 2.728628396987915, -2.0247628688812256, -6.690303325653076]"
2014/05/26,"[0.5198421478271484, -6.344282627105713, 11.678644180297852, 8.556234359741211, -5.1607441902160645, -30.1966552734375, 29.477970123291016, 12.704907417297363, -25.0358829498291, 3.8426597118377686]"
2014/05/27,"[-1.8533334732055664, 3.6888628005981445, 0.1839972287416458, 12.718674659729004, -7.323789596557617, -2.923382520675659, -1.5210552215576172, 5.137019157409668, -3.4656670093536377, -8.955986022949219]"
2014/05/28,"[-3.398898124694824, 1.6267627477645874, -0.01644326187670231, 5.9219818115234375, -3.425474166870117, -6.923243522644043, 5.693024158477783, 3.999124765396118, -4.597883701324463, -3.9020309448242188]"
2014/05/29,"[0.13159522414207458, -3.633760452270508, 9.268257141113281, 9.70407772064209, -4.89296293258667, -21.321178436279297, 19.167959213256836, 11.37700080871582, -14.3966064453125, 3.7558844089508057]"
2014/05/30,"[-2.4605443477630615, 1.0890427827835083, 3.4165914058685303, 9.417014122009277, -5.665449619293213, -12.083087921142578, 10.541705131530762, 6.381871223449707, -10.013904571533203, -4.420339584350586]"
2014/05/31,"[-1.286537528038025, 0.6421219110488892, 0.19425518810749054, 3.499663829803467, -2.6342341899871826, -3.9947497844696045, 3.698568105697632, 1.2617703676223755, -5.321022987365723, -4.6050262451171875]"
2014/06/01,"[-2.318051338195801, -3.0719172954559326, 10.949289321899414, 15.118797302246094, -7.298064231872559, -31.5161190032959, 29.735673904418945, 15.648743629455566, -23.895292282104492, 1.403735876083374]"
2014/06/03,"[0.3086990714073181, 0.29194632172584534, 8.048027038574219, 15.12082290649414, -9.599360466003418, -14.49055290222168, 8.684316635131836, 10.87225341796875, -9.871030807495117, -3.5781404972076416]"
2014/06/04,"[-0.8821922540664673, -2.749366044998169, 13.303670883178711, 20.409290313720703, -12.242507934570312, -29.888050079345703, 22.554771423339844, 17.97979736328125, -18.9505672454834, -0.9777658581733704]"
2014/06/05,"[-1.1441932916641235, -1.0797481536865234, 1.541100263595581, 6.466894149780273, -4.520845890045166, -6.6112895011901855, 3.667137861251831, 5.004763126373291, -3.134162425994873, -1.7744816541671753]"
2014/06/06,"[-0.05117303878068924, -4.864786148071289, 12.804287910461426, 13.135528564453125, -7.020956516265869, -29.859872817993164, 27.17320442199707, 15.395524024963379, -21.110443115234375, 4.008999347686768]"
2014/06/07,"[0.9486792087554932, -6.703235626220703, 16.601573944091797, 11.802396774291992, -5.205160617828369, -34.7332763671875, 33.19950485229492, 16.699018478393555, -23.345861434936523, 8.601533889770508]"
2014/06/08,"[2.066145420074463, -4.262034893035889, 18.27097511291504, 12.11953067779541, -4.2066731452941895, -34.73223114013672, 36.06513214111328, 14.481101989746094, -30.255979537963867, 4.788656711578369]"
2014/06/09,"[0.7485881447792053, -3.3208885192871094, 14.432379722595215, 17.239274978637695, -10.935367584228516, -28.117143630981445, 21.72260856628418, 17.173450469970703, -16.789613723754883, 3.4631550312042236]"
2014/06/10,"[-1.8017970323562622, 2.3826379776000977, -1.2624907493591309, 5.279280662536621, -3.8476641178131104, -1.1324365139007568, 0.1991436630487442, 2.2009313106536865, -2.1130151748657227, -3.5850131511688232]"
2014/06/11,"[2.807223081588745, -6.554099082946777, 20.799144744873047, 13.735944747924805, -7.83221435546875, -38.4073600769043, 35.45431900024414, 16.97723388671875, -29.664892196655273, 4.366740703582764]"
2014/06/12,"[2.4768223762512207, -8.399304389953613, 17.675111770629883, 13.074816703796387, -6.788620471954346, -37.43464279174805, 35.09136962890625, 17.524585723876953, -28.278974533081055, 6.894117832183838]"
2014/06/13,"[-0.2255583554506302, -4.983375549316406, 16.953500747680664, 11.753946304321289, -6.327071189880371, -35.485774993896484, 34.038089752197266, 15.942586898803711, -23.84455680847168, 6.564338207244873]"
2014/06/14,"[-1.124420166015625, -1.6113274097442627, 6.721850872039795, 8.74727725982666, -3.676301956176758, -16.13648223876953, 14.095863342285156, 7.632383346557617, -11.424206733703613, -2.5082437992095947]"
2014/06/15,"[-0.2768152356147766, -3.564246654510498, 10.353984832763672, 14.84510612487793, -7.808059215545654, -26.274980545043945, 22.643474578857422, 15.232336044311523, -17.954862594604492, 3.1922643184661865]"
2014/06/16,"[-0.7075238227844238, 1.0629475116729736, 0.03251726180315018, 5.671496391296387, -4.56141471862793, -3.2547028064727783, 1.7284784317016602, 2.5314745903015137, -4.581174850463867, -4.587164878845215]"
2014/06/17,"[-0.8490038514137268, 1.1588988304138184, 4.299307823181152, 9.817740440368652, -6.663010597229004, -10.702513694763184, 8.247132301330566, 7.242184162139893, -8.145346641540527, -2.0782597064971924]"
2014/06/18,"[-0.3577640652656555, -6.887081623077393, 11.836627006530762, 20.79591941833496, -12.126704216003418, -33.90869903564453, 26.68280601501465, 20.485448837280273, -23.059022903442383, 1.3842031955718994]"
2014/06/20,"[-0.3584010899066925, 1.6155617237091064, 1.0244615077972412, 4.980422496795654, -2.7533674240112305, -4.955966949462891, 5.884397506713867, 3.571927785873413, -6.689913272857666, -0.6550420522689819]"
2014/06/21,"[-2.598999261856079, -2.9060897827148438, 9.88298511505127, 11.889932632446289, -5.098599910736084, -27.358291625976562, 26.21372413635254, 12.891793251037598, -19.612247467041016, 1.6644370555877686]"
2014/06/22,"[-0.6604127883911133, -4.137665271759033, 8.062264442443848, 6.163559436798096, -3.8038477897644043, -21.847774505615234, 21.495800018310547, 8.678061485290527, -17.53407096862793, 1.8886287212371826]"
2014/06/23,"[1.9408711194992065, -6.637974739074707, 17.139719009399414, 11.580862998962402, -6.258769512176514, -35.7731819152832, 34.5205078125, 14.846982955932617, -29.646541595458984, 3.1893889904022217]"
2014/06/24,"[-4.342560768127441, -1.2917640209197998, 9.401698112487793, 20.054906845092773, -9.424044609069824, -30.880348205566406, 26.91595458984375, 16.494693756103516, -23.042360305786133, -4.573997497558594]"
2014/06/25,"[-0.268061101436615, 3.2314953804016113, 2.144442558288574, 6.159037113189697, -4.934615612030029, -1.853239893913269, 0.3467184603214264, 3.0355162620544434, -2.0214600563049316, -2.3367741107940674]"
2014/06/27,"[-2.986637830734253, -0.9158275723457336, 7.728450775146484, 14.930092811584473, -8.09761905670166, -22.560468673706055, 18.727556228637695, 12.825845718383789, -14.353789329528809, -1.373567819595337]"
2014/06/28,"[0.6856322288513184, -2.7574570178985596, 4.0523905754089355, 6.0606279373168945, -4.554294586181641, -11.116662979125977, 9.386902809143066, 5.308163642883301, -10.958730697631836, -1.8770349025726318]"
2014/06/29,"[-5.076041221618652, -4.775804042816162, 9.385133743286133, 25.53508758544922, -13.046048164367676, -38.351776123046875, 31.68086051940918, 24.287778854370117, -22.96611213684082, 1.7964351177215576]"
2014/06/30,"[-2.2152624130249023, 1.0813212394714355, 0.07250996679067612, 12.17484188079834, -8.130467414855957, -5.318047523498535, -0.384544312953949, 5.63424825668335, -3.309281587600708, -9.028009414672852]"
2014/07/01,"[0.3480856120586395, -5.010905742645264, 12.542344093322754, 21.46975326538086, -12.558135986328125, -31.755823135375977, 24.54935646057129, 20.66758918762207, -20.94326400756836, 2.3401801586151123]"
2014/07/02,"[-1.3030630350112915, 2.803765058517456, 1.5568840503692627, 10.488727569580078, -6.739004611968994, -4.408116817474365, 1.2771278619766235, 5.223626136779785, -2.635770320892334, -5.046882152557373]"
2014/07/03,"[4.884224891662598, -9.139116287231445, 18.805387496948242, 5.958654403686523, -2.9519667625427246, -35.004234313964844, 35.73776626586914, 13.760944366455078, -29.598867416381836, 9.748576164245605]"
2014/07/05,"[-1.3065093755722046, 0.8941777348518372, 0.36019977927207947, 3.5328023433685303, -2.771209239959717, -3.5067477226257324, 2.6287124156951904, 2.427481174468994, -2.3514366149902344, -1.9622454643249512]"
2014/07/06,"[-0.5195998549461365, -2.4184560775756836, 7.8654961585998535, 10.214730262756348, -5.6549272537231445, -19.74026870727539, 17.259531021118164, 10.254632949829102, -14.807504653930664, -0.636857807636261]"
2014/07/07,"[0.2468729019165039, -3.6038739681243896, 8.605395317077637, 7.939516067504883, -4.986379623413086, -19.763057708740234, 18.1367130279541, 9.041609764099121, -15.483259201049805, 0.7877556681632996]"
2014/07/09,"[-0.16663137078285217, -1.7309091091156006, 9.818952560424805, 15.229646682739258, -8.117294311523438, -22.295726776123047, 19.440336227416992, 13.033796310424805, -17.293787002563477, -0.7195890545845032]"
2014/07/10,"[-1.666500210762024, -0.056520380079746246, 5.4010233879089355, 12.78231143951416, -7.752509117126465, -15.687525749206543, 12.507081985473633, 9.964437484741211, -12.285186767578125, -2.8737881183624268]"
2014/07/11,"[0.7165342569351196, -4.194989204406738, 13.566197395324707, 1.989013910293579, -0.3713688254356384, -27.961383819580078, 31.579099655151367, 7.733595848083496, -25.33068084716797, 4.21548318862915]"
2014/07/12,"[2.953843116760254, -5.842536926269531, 16.988489151000977, 5.744103908538818, -0.9570227265357971, -30.748729705810547, 32.83415222167969, 10.815017700195312, -26.349924087524414, 6.247148036956787]"
2014/07/13,"[-2.003803253173828, -2.4242947101593018, 8.560415267944336, 13.21539306640625, -7.3682637214660645, -25.442672729492188, 23.672395706176758, 13.302947998046875, -19.300134658813477, 1.379425287246704]"
2014/07/18,"[-3.9784228801727295, 1.6148486137390137, 1.2057642936706543, 10.262142181396484, -5.85302209854126, -10.617131233215332, 8.245267868041992, 5.293980598449707, -9.553546905517578, -8.761041641235352]"
2014/07/19,"[0.4678073525428772, 0.14416103065013885, 5.16330623626709, 9.219985008239746, -4.73284387588501, -10.271623611450195, 9.377642631530762, 6.696113109588623, -9.527430534362793, -0.9076815247535706]"
2014/07/20,"[-2.395754098892212, 1.722591757774353, -1.250833511352539, 5.40337610244751, -3.2916221618652344, -4.440792083740234, 3.833141326904297, 2.582949638366699, -5.981740951538086, -5.637279987335205]"
2014/07/21,"[0.8241206407546997, -6.098011493682861, 14.453756332397461, 13.133207321166992, -6.407787322998047, -34.686058044433594, 33.17193603515625, 16.317859649658203, -28.235828399658203, 4.065021991729736]"
2014/07/22,"[-2.0115880966186523, -1.800527572631836, 7.617949962615967, 15.72807502746582, -10.103804588317871, -20.37267303466797, 14.329538345336914, 13.856142044067383, -10.342966079711914, 0.0011349553242325783]"
2014/07/23,"[-2.261885404586792, 1.510859727859497, 1.318999171257019, 9.11067008972168, -5.159908771514893, -8.15406608581543, 6.301602363586426, 5.395315170288086, -7.808168411254883, -5.389620304107666]"
2014/07/24,"[-1.5260565280914307, -4.181977272033691, 8.108829498291016, 3.724123239517212, -1.399793267250061, -22.759132385253906, 24.214458465576172, 6.820906639099121, -19.299047470092773, 1.4985129833221436]"
2014/07/25,"[1.8101439476013184, -5.693093776702881, 13.67699146270752, 2.801184892654419, -0.8635613918304443, -27.523765563964844, 30.272714614868164, 9.276298522949219, -23.762723922729492, 7.517882823944092]"
2014/07/26,"[-4.1359100341796875, 0.8276834487915039, 7.048233509063721, 18.098657608032227, -9.891252517700195, -21.495281219482422, 16.105321884155273, 13.355956077575684, -12.467029571533203, -4.705254554748535]"
2014/07/27,"[-1.6503010988235474, 1.6855605840682983, -1.6277345418930054, 8.723712921142578, -5.713790416717529, -1.541843056678772, -1.2118498086929321, 3.693535566329956, -2.608053207397461, -5.650355815887451]"
2014/07/29,"[-2.02362322807312, 2.705472230911255, 0.4622080326080322, 8.197725296020508, -5.02848482131958, -5.761894226074219, 4.774914264678955, 4.220174312591553, -7.4901299476623535, -5.842019081115723]"
2014/07/30,"[-1.9516953229904175, 3.0938727855682373, 2.772500991821289, 5.9571661949157715, -1.7237136363983154, -5.623588562011719, 5.730556011199951, 2.278620719909668, -5.577630043029785, -5.734560966491699]"
2014/07/31,"[-0.19203992187976837, -3.1796085834503174, 7.365577220916748, 11.80180549621582, -6.491195201873779, -19.63665771484375, 16.180809020996094, 12.25002670288086, -12.869772911071777, 2.0889456272125244]"
2014/08/01,"[-0.9778935313224792, -4.414215564727783, 9.354241371154785, 15.375341415405273, -7.399110317230225, -27.79901123046875, 25.198575973510742, 15.227096557617188, -21.48662757873535, 1.3888771533966064]"
2014/08/02,"[1.4752322435379028, -6.035649299621582, 13.60815715789795, 4.272486209869385, -1.5179945230484009, -28.644269943237305, 30.509273529052734, 9.821588516235352, -24.499635696411133, 5.599740505218506]"
2014/08/03,"[0.43847668170928955, 0.5046027898788452, 7.814518928527832, 6.110519886016846, -3.250227928161621, -14.162561416625977, 14.973901748657227, 6.6047868728637695, -13.057544708251953, 1.0346624851226807]"
2014/08/04,"[0.135322704911232, -3.4067294597625732, 9.320502281188965, 12.431560516357422, -6.085301876068115, -24.12866973876953, 21.903064727783203, 12.98703670501709, -20.161100387573242, 1.2914927005767822]"
2014/08/05,"[-2.8826332092285156, -1.6494276523590088, 6.314235687255859, 10.907758712768555, -6.576185703277588, -20.65856170654297, 17.695722579956055, 10.059447288513184, -14.78918170928955, -3.077155828475952]"
2014/08/06,"[-2.329864501953125, -0.7700268030166626, -0.22132475674152374, 7.836513996124268, -5.325082302093506, -7.470510005950928, 4.085100173950195, 4.52972936630249, -6.118185520172119, -6.1205291748046875]"
2014/08/07,"[-5.603371620178223, -0.3055262863636017, 9.877424240112305, 24.260969161987305, -13.637639045715332, -33.96487808227539, 28.27493667602539, 19.747507095336914, -23.611772537231445, -4.481118202209473]"
2014/08/08,"[-0.7193627953529358, -7.116001129150391, 11.905747413635254, 19.62356948852539, -11.548821449279785, -33.685401916503906, 26.668336868286133, 20.15812873840332, -22.18062973022461, 2.310603380203247]"
2014/08/09,"[-2.490466594696045, 2.6076784133911133, -0.3567492663860321, 11.258010864257812, -6.862565994262695, -5.212589263916016, 2.1012425422668457, 5.750967025756836, -5.7760491371154785, -6.955490589141846]"
2014/08/10,"[-0.6029910445213318, 2.732701301574707, 2.6114072799682617, 5.07476282119751, -2.8155362606048584, -3.416926383972168, 3.1676230430603027, 2.756507635116577, -2.718757390975952, -1.9185059070587158]"
2014/08/11,"[1.5477021932601929, -5.717497825622559, 19.072019577026367, 12.54678726196289, -5.843166351318359, -39.76631546020508, 39.250484466552734, 16.10749053955078, -33.80337142944336, 3.3491408824920654]"
2014/08/13,"[-1.6457942724227905, -0.9725264310836792, 8.742646217346191, 10.93112850189209, -5.684507369995117, -21.871112823486328, 20.819713592529297, 9.497724533081055, -17.790971755981445, -2.530656099319458]"
2014/08/15,"[-2.4710371494293213, 0.6247647404670715, 0.4323218762874603, 10.501337051391602, -6.9270710945129395, -8.834431648254395, 5.670124530792236, 7.496018409729004, -6.505856990814209, -2.961458921432495]"
2014/08/16,"[-1.761269450187683, 1.4781333208084106, 3.0024683475494385, 5.6557936668396, -2.7963356971740723, -11.03654670715332, 12.742754936218262, 4.298676013946533, -12.917037010192871, -2.4975223541259766]"
2014/08/17,"[-2.224376678466797, 2.09259295463562, 0.8567805886268616, 6.1419830322265625, -4.1397294998168945, -5.704107761383057, 5.107390880584717, 3.4900424480438232, -5.678431034088135, -3.9194986820220947]"
2014/08/18,"[-2.348907709121704, -0.9724839925765991, 4.772265434265137, 14.726828575134277, -7.656161785125732, -18.002792358398438, 14.145281791687012, 10.711129188537598, -14.450634956359863, -5.9559245109558105]"
2014/08/19,"[-0.8279236555099487, -8.62039852142334, 15.671404838562012, 8.352492332458496, -3.6620025634765625, -38.49610900878906, 37.961978912353516, 15.732339859008789, -26.936208724975586, 7.940290927886963]"
2014/08/20,"[-3.9043567180633545, -6.602124214172363, 11.78445816040039, 21.639503479003906, -11.268298149108887, -38.688377380371094, 32.77362823486328, 22.984458923339844, -22.744686126708984, 5.030577182769775]"
2014/08/22,"[-4.481245994567871, -5.980474472045898, 10.94145393371582, 24.14535903930664, -13.001646041870117, -36.89906692504883, 28.468339920043945, 23.398767471313477, -19.53428840637207, 1.8025622367858887]"
2014/08/23,"[-3.1271467208862305, 0.3226635754108429, 1.0049939155578613, 10.503765106201172, -6.2534260749816895, -10.39781665802002, 7.494165420532227, 6.79446268081665, -7.711441516876221, -5.1669158935546875]"
2014/08/24,"[-1.9704128503799438, 0.5909421443939209, 2.1128828525543213, 7.814110279083252, -5.025038242340088, -9.36245059967041, 7.699521064758301, 5.452519416809082, -8.29522705078125, -3.4439427852630615]"
2014/08/25,"[-1.1808900833129883, 0.14238759875297546, 7.543428897857666, 13.055858612060547, -7.924452781677246, -17.884489059448242, 14.304546356201172, 9.516563415527344, -14.124527931213379, -4.528423309326172]"
2014/08/26,"[-1.1630973815917969, -0.5550470948219299, 5.9908671379089355, 7.519992351531982, -3.9997398853302, -15.014800071716309, 14.341630935668945, 7.205752849578857, -11.301057815551758, -0.2512219250202179]"
2014/08/27,"[-2.3095431327819824, -2.788897752761841, 6.902039527893066, 10.371459007263184, -5.404661178588867, -22.225805282592773, 19.80976104736328, 10.835309028625488, -15.340144157409668, -0.5242989659309387]"
2014/08/28,"[-0.42320770025253296, 2.222809314727783, 0.21909819543361664, 8.25212574005127, -5.960259437561035, -1.4889750480651855, -1.6870771646499634, 3.5819854736328125, -2.4759418964385986, -5.323569297790527]"
2014/08/29,"[-0.3263733983039856, 0.6854645609855652, 4.414785385131836, 7.527954578399658, -4.184065818786621, -9.497961044311523, 8.141717910766602, 4.663496494293213, -9.362316131591797, -4.546707630157471]"
2014/08/30,"[-2.269937038421631, -0.905633807182312, 6.8563313484191895, 15.031381607055664, -9.080411911010742, -19.775449752807617, 15.418931007385254, 13.322342872619629, -11.435503005981445, 0.5434407591819763]"
2014/08/31,"[-1.4406484365463257, -5.6564040184021, 12.816605567932129, 13.849237442016602, -7.416985988616943, -33.24611282348633, 30.116790771484375, 15.957612037658691, -22.200546264648438, 3.2063405513763428]"
2014/09/01,"[0.04705226421356201, -2.286663293838501, 9.45704460144043, 7.6809468269348145, -3.7919394969940186, -19.149185180664062, 18.674711227416992, 8.074064254760742, -15.3184232711792, 0.5419713854789734]"
2014/09/02,"[-2.337277889251709, 0.9593807458877563, -1.0193790197372437, 8.623248100280762, -5.601038932800293, -6.433233261108398, 3.906655788421631, 4.747105598449707, -5.727343559265137, -5.437772274017334]"
2014/09/03,"[0.1715402752161026, -2.7941763401031494, 3.5348081588745117, 9.685733795166016, -6.458204746246338, -13.833440780639648, 10.935293197631836, 8.790702819824219, -11.55593490600586, -0.5445159077644348]"
2014/09/04,"[-2.294717788696289, -1.5449635982513428, 5.2718586921691895, 13.66180419921875, -8.190695762634277, -18.948278427124023, 15.29451847076416, 11.546896934509277, -13.135599136352539, -1.5347070693969727]"
2014/09/05,"[3.844782590866089, -7.8517279624938965, 18.686697006225586, 5.523590564727783, -2.2251014709472656, -35.83628463745117, 38.4892463684082, 12.232195854187012, -32.35866928100586, 7.883317470550537]"
2014/09/06,"[-1.0483368635177612, 0.1837729960680008, 5.634912967681885, 9.283586502075195, -5.004026412963867, -14.901266098022461, 14.093132019042969, 7.689959526062012, -13.354214668273926, -2.016556978225708]"
2014/09/07,"[-2.2147271633148193, 2.8177530765533447, 0.7781360149383545, 7.851755142211914, -5.020236492156982, -4.909440994262695, 2.979651927947998, 3.6951215267181396, -4.4496846199035645, -5.565260410308838]"
2014/09/08,"[-1.9281071424484253, 2.22788405418396, -0.5367381572723389, 8.264665603637695, -5.533986568450928, -2.948237895965576, 0.25357139110565186, 3.635711431503296, -3.1971521377563477, -6.163407325744629]"
2014/09/09,"[-0.5956211686134338, -7.618756294250488, 16.435041427612305, 7.12874174118042, -1.631746768951416, -38.16435623168945, 39.0814323425293, 15.035900115966797, -26.59136962890625, 8.971620559692383]"
2014/09/10,"[-1.9475637674331665, 1.2274653911590576, 5.534595012664795, 11.911699295043945, -5.636267185211182, -15.97826862335205, 15.23442268371582, 9.065408706665039, -13.466022491455078, -1.9677417278289795]"
2014/09/12,"[-0.8694677948951721, -0.482368528842926, 6.143762588500977, 11.896502494812012, -7.691660404205322, -15.175134658813477, 11.677497863769531, 10.015280723571777, -10.780975341796875, -0.7304615378379822]"
2014/09/13,"[-2.4215030670166016, -2.6190202236175537, 10.183623313903809, 7.854225158691406, -2.511068105697632, -25.204730987548828, 24.978483200073242, 10.127381324768066, -17.353431701660156, 1.6101195812225342]"
2014/09/14,"[0.6068609356880188, -6.166772365570068, 10.294878005981445, 10.657652854919434, -6.053696155548096, -27.762784957885742, 25.81452751159668, 13.241303443908691, -22.76778221130371, 2.8758270740509033]"
2014/09/15,"[-2.2281696796417236, 2.7549967765808105, -1.2214977741241455, 9.327620506286621, -5.677395343780518, -3.7407004833221436, 2.208117961883545, 4.581191539764404, -5.370659351348877, -5.532186031341553]"
2014/09/16,"[-0.48319366574287415, -8.655023574829102, 16.386669158935547, 10.447473526000977, -5.1594557762146, -39.764793395996094, 38.687339782714844, 17.021690368652344, -28.07622718811035, 8.136059761047363]"
2014/09/17,"[-2.841590642929077, 3.0851969718933105, -1.1401602029800415, 8.718242645263672, -4.067039489746094, -3.0530824661254883, 1.5166198015213013, 3.5459790229797363, -3.7363123893737793, -6.577747344970703]"
2014/09/19,"[-2.293698787689209, 3.2692387104034424, 9.471693992614746, 19.753461837768555, -11.35737419128418, -17.910991668701172, 11.215192794799805, 13.738626480102539, -8.432571411132812, -2.8771042823791504]"
2014/09/20,"[0.8844802379608154, -4.891375541687012, 13.542116165161133, 13.184412002563477, -5.271780967712402, -31.812349319458008, 31.580411911010742, 14.389670372009277, -28.244997024536133, 2.4989116191864014]"
2014/09/21,"[0.6004319190979004, -6.058263301849365, 13.762530326843262, 13.231651306152344, -6.604381561279297, -32.11842346191406, 29.245506286621094, 15.045671463012695, -25.132783889770508, 1.8418214321136475]"
2014/09/22,"[-4.812223434448242, 3.1078999042510986, 4.380375862121582, 17.86345100402832, -9.111753463745117, -17.684289932250977, 14.093062400817871, 12.616121292114258, -11.15031909942627, -4.426344394683838]"
2014/09/23,"[-1.6145892143249512, -6.308549880981445, 10.779644966125488, 14.579890251159668, -8.366344451904297, -31.28651237487793, 26.682157516479492, 17.2468204498291, -18.966028213500977, 4.472297191619873]"
2014/09/24,"[2.958523988723755, -7.662561893463135, 16.17911720275879, 1.5881361961364746, -0.548800528049469, -30.781667709350586, 33.1949462890625, 9.555898666381836, -26.007139205932617, 8.102288246154785]"
2014/09/25,"[2.343714714050293, -3.9621033668518066, 11.04265022277832, 9.140003204345703, -4.957973480224609, -21.262691497802734, 19.39012336730957, 10.965096473693848, -17.542409896850586, 2.9623711109161377]"
2014/09/26,"[-4.600398063659668, -1.4970557689666748, 10.054362297058105, 15.817419052124023, -6.252981662750244, -30.728689193725586, 29.352632522583008, 15.192044258117676, -21.707670211791992, -1.2312676906585693]"
2014/09/27,"[-3.0165510177612305, 2.7346041202545166, 2.6353952884674072, 13.090296745300293, -7.305442810058594, -9.748846054077148, 6.161471366882324, 7.728737831115723, -7.004400730133057, -6.230588436126709]"
2014/09/28,"[-2.23791241645813, -0.5413466691970825, 3.9570999145507812, 12.505040168762207, -7.162275314331055, -17.156801223754883, 14.498276710510254, 10.505833625793457, -14.02696704864502, -3.005922317504883]"
2015/04/06,"[-2.977691411972046, 0.2917236387729645, 2.489260673522949, 15.494881629943848, -8.801290512084961, -16.174461364746094, 12.399291038513184, 11.374075889587402, -14.098976135253906, -4.780700206756592]"
2015/04/07,"[-0.7221867442131042, -1.7733527421951294, 5.814786434173584, 2.7048532962799072, -2.0290634632110596, -12.180434226989746, 11.965072631835938, 4.26267147064209, -8.309113502502441, 0.5557219386100769]"
2015/04/08,"[-0.9203583002090454, -3.6382107734680176, 11.646766662597656, 17.146282196044922, -8.91543197631836, -29.37689781188965, 25.11078453063965, 17.407724380493164, -19.565006256103516, 2.766409158706665]"
2015/04/10,"[-2.775726079940796, -3.7734203338623047, 13.995987892150879, 16.194387435913086, -7.399960517883301, -37.05728530883789, 35.11838150024414, 17.192996978759766, -27.318483352661133, 1.5339581966400146]"
2015/04/11,"[-3.6527042388916016, -6.538837432861328, 11.77247142791748, 21.334299087524414, -11.51749038696289, -38.424293518066406, 32.21302032470703, 22.025928497314453, -23.178319931030273, 3.402430295944214]"
2015/04/12,"[-1.9029868841171265, 1.2718974351882935, 5.444068908691406, 15.300908088684082, -9.577776908874512, -16.10890007019043, 11.642549514770508, 10.81778335571289, -12.700831413269043, -4.711356163024902]"
2015/04/13,"[-1.8990721702575684, -6.699170112609863, 11.51733684539795, 11.971654891967773, -6.243979454040527, -32.91008377075195, 29.799968719482422, 15.445588111877441, -21.63747215270996, 3.1243622303009033]"
2015/04/14,"[-2.8278398513793945, -1.9119364023208618, 8.697358131408691, 17.79655647277832, -9.812808990478516, -28.091320037841797, 24.362661361694336, 15.846896171569824, -21.396926879882812, -2.428201198577881]"
2015/04/15,"[-3.0309107303619385, 1.195881724357605, 0.23797748982906342, 11.022903442382812, -6.2787346839904785, -8.487640380859375, 5.300361633300781, 7.001898765563965, -6.11113977432251, -4.675172328948975]"
2015/04/17,"[-0.608665943145752, -2.2707767486572266, 8.114840507507324, 10.86814022064209, -6.608911037445068, -21.862945556640625, 20.233333587646484, 10.812418937683105, -18.330158233642578, -0.31542328000068665]"
2015/04/18,"[-0.2777370810508728, -0.34403732419013977, 8.214295387268066, 14.93425178527832, -8.936934471130371, -17.76565933227539, 12.987549781799316, 10.253059387207031, -14.882552146911621, -6.260848522186279]"
2015/04/19,"[-1.4965579509735107, 3.9807815551757812, -0.24586418271064758, 12.899845123291016, -6.90815544128418, -2.1415393352508545, -0.8315152525901794, 4.9434685707092285, -3.846505880355835, -8.509702682495117]"
2015/04/20,"[-1.3859643936157227, 1.0610315799713135, 1.8328871726989746, 8.075470924377441, -4.560975074768066, -7.410231113433838, 5.750051975250244, 5.587301731109619, -6.181408882141113, -2.893225908279419]"
2015/04/21,"[0.17452983558177948, 3.043212890625, 3.421370029449463, 11.45246696472168, -8.072665214538574, -6.129591941833496, 2.5437564849853516, 5.443197250366211, -7.1133551597595215, -7.001359462738037]"
2015/04/22,"[1.604504108428955, -3.224551200866699, 13.314459800720215, 16.964521408081055, -10.98473834991455, -25.723379135131836, 19.114648818969727, 15.578937530517578, -17.052066802978516, 0.48090860247612]"
2015/04/23,"[-2.715035915374756, 3.265453577041626, 0.8365880250930786, 15.456790924072266, -7.6614179611206055, -9.207925796508789, 6.495917797088623, 7.644731044769287, -9.387343406677246, -8.29751205444336]"
2015/04/24,"[-2.3356964588165283, 3.7697947025299072, -1.086432933807373, 8.717374801635742, -5.338315486907959, -0.9708720445632935, -1.480471134185791, 2.686267375946045, -2.0485873222351074, -8.421515464782715]"
2015/04/25,"[-0.059785448014736176, -2.548602342605591, 5.857454299926758, 15.138760566711426, -10.591320037841797, -19.133638381958008, 14.610687255859375, 12.427322387695312, -16.605205535888672, -2.9135801792144775]"
2015/04/26,"[-0.43246281147003174, 0.042841315269470215, 4.599490642547607, 9.8916015625, -7.040068626403809, -11.623581886291504, 8.401155471801758, 8.109060287475586, -8.680206298828125, -0.6987136006355286]"
2015/04/29,"[-5.422122955322266, -0.45689088106155396, -1.290703296661377, 12.673551559448242, -7.9341721534729, -13.927206993103027, 9.268352508544922, 8.38898754119873, -9.493383407592773, -7.648334980010986]"
2015/05/01,"[0.8784738183021545, -0.48628923296928406, 10.436202049255371, 10.439244270324707, -3.9989233016967773, -19.546161651611328, 19.71858787536621, 8.981742858886719, -19.108198165893555, -1.1352674961090088]"
2015/05/02,"[-0.5832365155220032, -3.9059293270111084, 9.373286247253418, 11.037389755249023, -5.693389415740967, -24.26909828186035, 21.557540893554688, 12.451780319213867, -17.782014846801758, 1.475416898727417]"
2015/05/03,"[-3.352555274963379, -1.1730732917785645, 14.098581314086914, 24.791606903076172, -11.826678276062012, -33.81861877441406, 26.803939819335938, 20.963947296142578, -18.8072452545166, -1.624851942062378]"
2015/05/05,"[-1.786637783050537, 0.3460353910923004, 2.818356513977051, 8.821460723876953, -3.592641592025757, -12.092723846435547, 11.470551490783691, 6.847955703735352, -11.251277923583984, -2.6541128158569336]"
2015/05/06,"[2.172227621078491, -6.654343128204346, 13.971435546875, 6.718328952789307, -2.5863873958587646, -30.498394012451172, 31.735523223876953, 12.029919624328613, -26.492822647094727, 6.415229320526123]"
2015/05/07,"[-3.2266335487365723, 6.16471529006958, -1.2951596975326538, 19.583223342895508, -9.056896209716797, -4.391303539276123, 1.2700045108795166, 9.031103134155273, -5.1083478927612305, -8.557048797607422]"
2015/05/08,"[-2.5746514797210693, 6.61228084564209, 5.5387187004089355, 15.280085563659668, -8.054580688476562, -10.02940845489502, 6.902711868286133, 6.8077311515808105, -8.752167701721191, -10.571511268615723]"
2015/05/09,"[-1.6886768341064453, -5.774110794067383, 9.628893852233887, 15.958757400512695, -8.693194389343262, -28.516538619995117, 22.47709846496582, 16.814533233642578, -16.410730361938477, 1.2881410121917725]"
2015/05/10,"[3.3955349922180176, -7.4551920890808105, 20.152021408081055, 12.119206428527832, -7.203680038452148, -39.17129898071289, 37.132911682128906, 16.112646102905273, -32.52644729614258, 4.593876361846924]"
2015/05/11,"[-0.9561727046966553, 0.9733592867851257, 3.9803690910339355, 9.192298889160156, -5.320489883422852, -11.652764320373535, 10.455034255981445, 6.675863265991211, -10.325925827026367, -2.4938390254974365]"
2015/05/12,"[-2.125316619873047, -1.8141340017318726, 4.136361122131348, 6.054250240325928, -3.0207102298736572, -16.609577178955078, 16.603775024414062, 6.657797813415527, -13.949905395507812, -0.784147322177887]"
2015/05/13,"[-1.3031995296478271, 2.4177889823913574, 0.33703476190567017, 9.694071769714355, -4.839110851287842, -3.947138547897339, 1.866650104522705, 3.9099955558776855, -5.28397798538208, -6.695558071136475]"
2015/05/15,"[-1.1157197952270508, 2.5567643642425537, 0.13340023159980774, 8.171072006225586, -6.485335826873779, -1.8746278285980225, -1.5349698066711426, 3.544827699661255, -1.5434669256210327, -5.193325519561768]"
2015/05/16,"[-1.385916829109192, 0.017869889736175537, 6.232381820678711, 14.414738655090332, -8.471953392028809, -17.837438583374023, 14.400781631469727, 12.105880737304688, -12.488971710205078, -0.22754433751106262]"
2015/05/17,"[0.0565452016890049, -6.125172138214111, 15.595656394958496, 14.538618087768555, -6.263235092163086, -40.9005126953125, 40.88439178466797, 17.445287704467773, -36.017059326171875, 2.3440816402435303]"
2015/05/19,"[-0.6728761196136475, -1.0566083192825317, 7.00732946395874, 10.086067199707031, -5.21913480758667, -18.49161148071289, 17.205184936523438, 8.949625015258789, -16.542388916015625, -1.9570300579071045]"
2015/05/20,"[-3.830667495727539, 2.011207103729248, -1.0798285007476807, 10.050028800964355, -6.101279258728027, -7.303095817565918, 4.794437408447266, 5.2596564292907715, -6.587259292602539, -7.241270542144775]"
2015/05/21,"[-5.219003677368164, 3.411794900894165, -1.2827404737472534, 0.7548690438270569, 1.0193414688110352, -4.331417083740234, 5.342784404754639, 0.2580643892288208, -1.9575293064117432, -4.65041446685791]"
2015/05/22,"[-4.136272430419922, 3.7828855514526367, 4.0345139503479, 14.730184555053711, -7.299510478973389, -15.242840766906738, 13.271880149841309, 9.787667274475098, -11.68224811553955, -5.015578746795654]"
2015/05/23,"[-3.1110892295837402, 2.914416790008545, -0.23649956285953522, 15.464898109436035, -7.561970233917236, -8.10666561126709, 5.156865119934082, 8.636675834655762, -7.104740619659424, -5.56362771987915]"
2015/05/24,"[-2.676635265350342, -0.8361763954162598, 4.283268451690674, 11.725419998168945, -6.138059139251709, -17.926437377929688, 16.24574851989746, 10.526354789733887, -13.450311660766602, -0.9460638165473938]"
2015/05/25,"[0.6045859456062317, -3.043389320373535, 13.145865440368652, 9.461518287658691, -2.9600837230682373, -27.629499435424805, 28.51498794555664, 11.304895401000977, -23.87986183166504, 1.5368878841400146]"
2015/05/26,"[-0.08148527145385742, -5.035649299621582, 11.888410568237305, 11.5337495803833, -4.770964622497559, -31.78742218017578, 31.852439880371094, 13.885007858276367, -27.55670166015625, 2.308119535446167]"
2015/05/27,"[-4.190323829650879, -4.971208095550537, 11.940306663513184, 21.967805862426758, -10.936918258666992, -37.6990852355957, 31.87662124633789, 21.948604583740234, -22.269495010375977, 2.574251890182495]"
2015/05/28,"[-2.932415723800659, 1.7979108095169067, -0.6677936315536499, 9.058632850646973, -4.319131374359131, -5.869357109069824, 3.8981823921203613, 5.107624530792236, -4.392374038696289, -4.897404193878174]"
2015/05/29,"[-1.556626558303833, -2.2020061016082764, 8.97146987915039, 14.332724571228027, -8.56877326965332, -22.057661056518555, 17.134366989135742, 12.769686698913574, -14.123668670654297, -1.0409538745880127]"
2015/05/30,"[-1.4796628952026367, 0.4925175607204437, 6.154556751251221, 12.889020919799805, -7.0612969398498535, -14.158516883850098, 10.113205909729004, 8.879858016967773, -9.967781066894531, -4.611875057220459]"
2015/05/31,"[-3.432163715362549, -3.940887451171875, 12.943903923034668, 20.431869506835938, -10.05772876739502, -38.74927520751953, 35.43635559082031, 20.179834365844727, -28.43878746032715, 1.0208346843719482]"
2015/06/01,"[-1.4982119798660278, -2.0076143741607666, 7.81915283203125, 7.706886291503906, -3.263134479522705, -21.54720687866211, 21.26422119140625, 8.91716480255127, -17.21038246154785, -0.4186609089374542]"
2015/06/02,"[0.2147863209247589, -2.544468641281128, 12.258950233459473, 10.121977806091309, -4.302720546722412, -26.48199462890625, 27.25188446044922, 11.696636199951172, -21.838014602661133, 3.2682950496673584]"
2015/06/03,"[0.3738674819469452, -4.096758842468262, 14.902239799499512, 10.793181419372559, -4.534904956817627, -30.905607223510742, 30.578012466430664, 12.456483840942383, -25.389808654785156, 1.5627696514129639]"
2015/06/04,"[0.33410972356796265, -5.775913238525391, 11.746936798095703, 7.59484338760376, -2.9592275619506836, -28.034276962280273, 28.625585556030273, 11.893959045410156, -21.7458438873291, 5.943008899688721]"
2015/06/05,"[-4.569876670837402, 1.483424186706543, -0.07463885098695755, 13.66811752319336, -7.526467323303223, -11.499030113220215, 8.211429595947266, 8.953150749206543, -7.239494323730469, -5.192317008972168]"
2015/06/06,"[0.5223300457000732, -2.8199563026428223, 7.849908351898193, 9.462218284606934, -5.601690769195557, -17.353403091430664, 14.664185523986816, 9.834895133972168, -11.87657356262207, 1.791689395904541]"
2015/06/07,"[-2.189300537109375, 0.4771655797958374, 6.571204662322998, 11.826725006103516, -6.364770412445068, -16.626081466674805, 13.930166244506836, 9.383624076843262, -11.071855545043945, -2.272088050842285]"
2015/06/09,"[-0.1618976593017578, -1.2609882354736328, 6.187349796295166, 9.90993881225586, -6.896135330200195, -15.518421173095703, 13.185962677001953, 8.011910438537598, -15.128803253173828, -3.9147191047668457]"
2015/06/10,"[0.7188196182250977, -2.95139217376709, 9.452701568603516, 13.363993644714355, -8.480287551879883, -22.154747009277344, 18.29550552368164, 12.486865043640137, -18.747453689575195, -1.4088971614837646]"
2015/06/11,"[-1.1959974765777588, -1.3940582275390625, 5.946239471435547, 13.150762557983398, -7.927837371826172, -17.676130294799805, 13.726651191711426, 10.74032974243164, -14.197284698486328, -3.3253726959228516]"
2015/06/12,"[-0.9063986539840698, -0.7080637216567993, 3.5396692752838135, 7.98012113571167, -4.9649786949157715, -11.806144714355469, 10.361076354980469, 6.99411678314209, -9.859360694885254, -0.6086499094963074]"
2015/06/13,"[0.01522081345319748, -4.176982879638672, 9.392873764038086, 10.965208053588867, -6.37496280670166, -24.955219268798828, 22.54680061340332, 13.126785278320312, -18.876678466796875, 2.784499406814575]"
2015/06/14,"[1.4336557388305664, -3.6214632987976074, 11.933638572692871, 14.245668411254883, -7.670058250427246, -25.7273006439209, 23.273563385009766, 13.820175170898438, -21.234739303588867, 1.3674514293670654]"
2015/06/15,"[-0.07050023972988129, -2.034543991088867, 9.111011505126953, 4.718503475189209, -1.5596425533294678, -18.383773803710938, 19.833459854125977, 6.464056491851807, -16.147815704345703, 1.546644926071167]"
2015/06/16,"[-2.5137996673583984, 1.7149335145950317, 7.119528770446777, 16.48441505432129, -8.058463096618652, -18.713655471801758, 15.540459632873535, 11.600470542907715, -13.933172225952148, -4.648971080780029]"
2015/06/17,"[-2.4163851737976074, 1.5026870965957642, 0.29519835114479065, 5.479574680328369, -2.499559164047241, -5.930408000946045, 6.100721836090088, 2.882187604904175, -6.729413986206055, -4.129030227661133]"
2015/06/18,"[-0.916422426700592, 3.6708860397338867, -0.8949044346809387, 3.661518096923828, -1.7378090620040894, 1.4497334957122803, -0.9876976013183594, 0.8834711313247681, -0.23772308230400085, -2.3236379623413086]"
2015/06/19,"[0.9674004316329956, -2.0756468772888184, 9.03630542755127, 11.72420883178711, -7.151861190795898, -19.50031280517578, 16.505029678344727, 11.474609375, -15.622961044311523, 0.7780210375785828]"
2015/06/20,"[-1.1712745428085327, -1.6136966943740845, 10.75931167602539, 13.733914375305176, -6.998322010040283, -24.523099899291992, 21.9401912689209, 13.354962348937988, -16.75691032409668, 1.7250869274139404]"
2015/06/21,"[-2.1943559646606445, 3.574827194213867, 6.5682373046875, 13.551888465881348, -7.395320415496826, -14.946358680725098, 11.980321884155273, 8.853557586669922, -11.919086456298828, -5.431615352630615]"
2015/06/23,"[-1.4413843154907227, 1.512544870376587, 1.3596762418746948, 2.7980093955993652, -2.183323621749878, -5.367524147033691, 5.859839916229248, 2.1435413360595703, -5.36972188949585, -1.7140263319015503]"
2015/06/24,"[-3.1042165756225586, 0.7555291652679443, 0.23357060551643372, 3.2621331214904785, -3.4825997352600098, -4.240237712860107, 1.3661569356918335, 1.2369047403335571, -0.5361033082008362, -6.098822116851807]"
2015/06/25,"[-1.6208181381225586, 1.475500226020813, 2.2874553203582764, 7.224695682525635, -5.027299404144287, -6.867246627807617, 4.54689884185791, 3.697025775909424, -5.650967597961426, -5.243124485015869]"
2015/06/26,"[-3.164961338043213, 3.686485528945923, -1.2539615631103516, 11.076309204101562, -6.1770219802856445, -3.440222978591919, 0.44249993562698364, 4.254943370819092, -3.56374454498291, -8.498546600341797]"
2015/06/28,"[-0.8492911458015442, -4.082516193389893, 8.370259284973145, 11.234530448913574, -6.662111282348633, -22.537158966064453, 19.263933181762695, 11.911157608032227, -15.209582328796387, 1.0377027988433838]"
2015/06/29,"[-1.1517293453216553, -2.0001614093780518, 7.746600151062012, 13.292366981506348, -7.011115550994873, -22.193979263305664, 19.631717681884766, 12.263315200805664, -18.126502990722656, -0.9027536511421204]"
2015/06/30,"[2.3413846492767334, -7.381691932678223, 14.236466407775879, 2.8371164798736572, -0.8802558183670044, -28.40895652770996, 29.838756561279297, 9.2011079788208, -23.06072235107422, 6.8299994468688965]"
2015/07/01,"[-1.2348016500473022, -3.4466044902801514, 11.8837308883667, 13.776503562927246, -6.98765754699707, -29.554088592529297, 27.0953369140625, 14.824304580688477, -21.08019256591797, 2.6115643978118896]"
2015/07/02,"[-4.817621231079102, -5.528627395629883, 12.381547927856445, 23.603853225708008, -13.187051773071289, -40.97417068481445, 34.20799255371094, 23.165525436401367, -24.575075149536133, 1.7391674518585205]"
2015/07/03,"[-4.173595428466797, -0.26980918645858765, 2.6159496307373047, 7.592982292175293, -4.456507205963135, -13.664984703063965, 11.638510704040527, 5.856681823730469, -8.802319526672363, -4.211123943328857]"
2015/07/04,"[0.25933587551116943, -6.755552291870117, 10.961740493774414, 11.353689193725586, -7.001578330993652, -29.031768798828125, 25.272159576416016, 14.400886535644531, -20.482275009155273, 3.0465385913848877]"
2015/07/05,"[-1.7636003494262695, 1.6791892051696777, 0.625504732131958, 6.905952453613281, -4.419690132141113, -6.301248073577881, 5.49576997756958, 3.724510669708252, -6.79336404800415, -4.178926944732666]"
2015/07/06,"[-2.7533299922943115, 6.2725372314453125, 0.24233174324035645, 16.359312057495117, -8.858441352844238, -3.974876642227173, 0.7776243090629578, 6.531695365905762, -4.691349506378174, -9.723823547363281]"
2015/07/07,"[3.6996009349823, -9.406241416931152, 19.054000854492188, 7.225403308868408, -2.345092296600342, -37.20927429199219, 37.139583587646484, 14.278693199157715, -30.182252883911133, 7.17556619644165]"
2015/07/08,"[-0.792140781879425, -0.5518313050270081, 2.724709987640381, 2.535722017288208, -2.1165173053741455, -7.296680927276611, 6.804821491241455, 2.0622735023498535, -6.51718282699585, -3.0120983123779297]"
2015/07/10,"[-0.6154788732528687, -2.731843948364258, 6.304759502410889, 12.244300842285156, -6.806015968322754, -18.25931167602539, 15.24714469909668, 10.717525482177734, -13.469378471374512, -0.07308892160654068]"
2015/07/11,"[2.6235673427581787, -4.810161113739014, 12.670791625976562, 2.456719398498535, -0.9319285750389099, -22.70374298095703, 24.885122299194336, 6.6736741065979, -20.82102394104004, 4.03153657913208]"
2015/07/12,"[-2.0068883895874023, 3.048550844192505, -0.1466079205274582, 6.896100997924805, -3.9906203746795654, -2.4629712104797363, 1.0398131608963013, 2.2418532371520996, -3.732978343963623, -7.143492221832275]"
2015/07/17,"[-1.716129183769226, -3.5007338523864746, 13.075922966003418, 11.63233757019043, -5.961034297943115, -32.14781951904297, 30.376663208007812, 14.181473731994629, -22.986417770385742, 1.5082156658172607]"
2015/07/18,"[-1.8798069953918457, -2.9715633392333984, 10.27580738067627, 22.649892807006836, -12.614336013793945, -29.78635025024414, 22.95366859436035, 20.882970809936523, -17.64129066467285, 2.8073384761810303]"
2015/07/19,"[-3.231494903564453, 1.048592209815979, 4.177974700927734, 8.989633560180664, -3.672650098800659, -14.50255298614502, 12.748159408569336, 6.419400691986084, -11.701530456542969, -7.119222164154053]"
2015/07/21,"[-0.45715460181236267, -2.1109533309936523, 6.071567535400391, 7.0752434730529785, -3.438020706176758, -15.575407981872559, 15.204044342041016, 7.022619724273682, -12.934562683105469, 0.19143792986869812]"
2015/07/22,"[-4.410791397094727, 0.971785843372345, 1.0238858461380005, 9.05028247833252, -4.8411736488342285, -10.03774642944336, 7.171765327453613, 5.212725639343262, -5.80359411239624, -6.973758220672607]"
2015/07/23,"[-2.6799731254577637, -2.9553706645965576, 6.047994613647461, 13.892929077148438, -6.944836139678955, -24.692893981933594, 23.088823318481445, 13.477282524108887, -20.44005012512207, 0.24593517184257507]"
2015/07/24,"[-0.0630614161491394, -0.49345454573631287, 6.393163681030273, 8.77824878692627, -5.054993152618408, -11.236680030822754, 8.412385940551758, 6.6800947189331055, -7.705438137054443, -2.197413682937622]"
2015/07/25,"[0.37767598032951355, -3.1577534675598145, 12.314607620239258, 18.02398681640625, -10.718282699584961, -26.950122833251953, 20.881969451904297, 16.179553985595703, -18.750473022460938, -0.7648418545722961]"
2015/07/26,"[-0.9200077652931213, -0.7255487442016602, 14.817330360412598, 25.024324417114258, -15.745253562927246, -30.503660202026367, 21.743558883666992, 19.716768264770508, -18.5607967376709, -2.791957139968872]"
2015/07/27,"[-1.8963655233383179, -0.421670138835907, 4.403717994689941, 10.591029167175293, -5.318256378173828, -15.495723724365234, 14.231049537658691, 8.554972648620605, -11.977067947387695, -1.4505491256713867]"
2015/07/28,"[1.5424948930740356, -6.804942607879639, 16.077926635742188, 16.2811279296875, -6.804611682891846, -37.417320251464844, 35.74258041381836, 18.600522994995117, -29.857465744018555, 5.400488376617432]"
2015/07/29,"[3.946016311645508, -5.475627899169922, 19.780113220214844, 9.107280731201172, -5.266618728637695, -33.7534294128418, 33.042972564697266, 13.078412055969238, -28.418149948120117, 4.721704959869385]"
2015/07/30,"[-0.7705636620521545, -1.2651267051696777, 8.145398139953613, 13.792681694030762, -6.7151198387146, -21.255151748657227, 19.74411392211914, 11.523000717163086, -18.537832260131836, -1.0482375621795654]"
2015/07/31,"[-0.8048380613327026, 0.6301304697990417, 0.40389421582221985, 3.241433620452881, -3.041682243347168, -2.073820114135742, 0.9420475363731384, 1.6288492679595947, -2.6766505241394043, -2.8221304416656494]"
2015/08/01,"[-1.135130763053894, 5.188368797302246, 0.5233122706413269, 11.463249206542969, -6.025928497314453, -2.1150588989257812, 1.0711328983306885, 4.134451389312744, -5.167138576507568, -6.553933143615723]"
2015/08/02,"[-1.5233491659164429, -1.4943559169769287, 7.559326171875, 12.222708702087402, -7.179596900939941, -19.0733585357666, 15.752469062805176, 11.775412559509277, -10.773344039916992, 2.2880699634552]"
2015/08/03,"[-0.23064319789409637, 0.4233931601047516, 6.3277435302734375, 10.12548542022705, -4.808999061584473, -14.110791206359863, 13.928110122680664, 7.74818754196167, -12.761159896850586, -0.8987439274787903]"
2015/08/04,"[-3.843308210372925, 1.1943097114562988, 0.6515263319015503, 2.704129219055176, -1.0440716743469238, -5.323459148406982, 3.5085959434509277, 1.2615574598312378, -1.1415287256240845, -6.280029773712158]"
2015/08/05,"[-1.6729490756988525, -0.012712821364402771, 2.468086004257202, 6.439808368682861, -3.556324005126953, -9.961888313293457, 9.184566497802734, 5.1163740158081055, -8.788785934448242, -2.533980369567871]"
2015/08/07,"[-3.1286303997039795, 1.5462934970855713, 1.7068482637405396, 11.627208709716797, -7.073364734649658, -9.597094535827637, 6.122554779052734, 7.916045188903809, -4.967590808868408, -3.2301149368286133]"
2015/08/08,"[-0.4365746080875397, -0.15799228847026825, 4.159910678863525, 2.5922200679779053, -2.340949535369873, -6.578523635864258, 5.933175086975098, 2.429682493209839, -4.945464611053467, -1.5501549243927002]"
2015/08/09,"[3.0994365215301514, -9.233638763427734, 17.083608627319336, 6.526753902435303, -3.6852052211761475, -35.840904235839844, 35.14030456542969, 13.595151901245117, -28.96007537841797, 6.2389044761657715]"
2015/08/10,"[-0.20259149372577667, 0.8459633588790894, 5.332536697387695, 5.360091209411621, -2.4936065673828125, -11.398648262023926, 12.155240058898926, 4.115127086639404, -12.394567489624023, -2.8717660903930664]"
2015/08/11,"[-0.5744357109069824, 2.2247211933135986, -0.41085973381996155, 8.107048034667969, -6.2807841300964355, -0.9158344268798828, -2.002897262573242, 3.8852615356445312, -1.473629355430603, -4.248417377471924]"
2015/08/12,"[-2.2009942531585693, -0.46443068981170654, 1.8415091037750244, 8.737173080444336, -4.053505897521973, -10.415810585021973, 9.085672378540039, 5.81306791305542, -8.368375778198242, -3.7713913917541504]"
2015/08/14,"[-1.18172025680542, 1.37498939037323, 4.22407865524292, 11.715712547302246, -6.420698642730713, -10.120091438293457, 6.802900314331055, 7.330679893493652, -7.682836055755615, -4.979556560516357]"
2015/08/15,"[-1.6978825330734253, 2.1315484046936035, 0.889630913734436, 4.807820796966553, -2.6523730754852295, -3.472621440887451, 3.017028570175171, 2.01894211769104, -3.4267771244049072, -4.036063194274902]"
2015/08/16,"[-0.7039868235588074, -0.5242143869400024, 8.584579467773438, 11.618574142456055, -7.347967624664307, -17.5610408782959, 14.176018714904785, 10.402619361877441, -10.37660026550293, 0.4331183135509491]"
2015/08/17,"[-3.012576103210449, 0.7679088711738586, 3.9065005779266357, 12.91254711151123, -5.386499404907227, -15.578359603881836, 13.596450805664062, 9.65841007232666, -11.931694030761719, -3.652322769165039]"
2015/08/18,"[-1.0578241348266602, -0.19105994701385498, 2.208608388900757, 4.920823097229004, -4.211662769317627, -6.928558826446533, 5.0857014656066895, 2.8047189712524414, -5.841874122619629, -4.649441242218018]"
2015/08/19,"[-3.4845266342163086, 2.3666558265686035, 1.5325901508331299, 9.631085395812988, -5.02644157409668, -10.024140357971191, 8.330854415893555, 4.743148326873779, -9.806565284729004, -8.279375076293945]"
2015/08/20,"[0.6323808431625366, -7.331625461578369, 13.2255859375, 13.33276653289795, -6.273656845092773, -33.98320770263672, 32.028602600097656, 16.6771183013916, -26.658849716186523, 5.0071187019348145]"
2015/08/21,"[2.1980745792388916, -6.678515434265137, 18.559694290161133, 8.285614967346191, -2.484872579574585, -37.825897216796875, 39.62080764770508, 14.263689994812012, -32.566715240478516, 6.669161319732666]"
2015/08/22,"[0.2787724733352661, -0.03818461298942566, 5.83125114440918, 8.956759452819824, -5.3696980476379395, -13.740909576416016, 12.397852897644043, 7.56612491607666, -13.337417602539062, -1.2475221157073975]"
2015/08/23,"[-2.8408396244049072, -0.16920973360538483, 8.509846687316895, 16.07118797302246, -8.136927604675293, -23.45794105529785, 19.753923416137695, 13.289753913879395, -15.782682418823242, -2.0529139041900635]"
2015/08/24,"[-4.269681930541992, 4.7186808586120605, -0.6597074270248413, 6.866445541381836, -2.176302194595337, -3.649562358856201, 3.5177035331726074, 1.9564478397369385, -3.4097464084625244, -7.34147310256958]"
2015/08/25,"[-1.0110548734664917, -2.1239373683929443, 9.093823432922363, 10.646025657653809, -5.16982364654541, -22.186115264892578, 20.741592407226562, 10.475394248962402, -17.56884765625, -0.5990665555000305]"
2015/08/26,"[-5.084036827087402, -4.009786605834961, 9.180519104003906, 23.954652786254883, -13.320696830749512, -35.4649658203125, 28.27607536315918, 21.871047973632812, -22.090879440307617, -0.7751460671424866]"
2015/08/27,"[3.0693728923797607, -3.5512590408325195, 15.013683319091797, 12.933653831481934, -7.814802169799805, -27.169023513793945, 24.275659561157227, 13.738302230834961, -22.732755661010742, 2.03678297996521]"
2015/08/28,"[-4.524118423461914, 2.9394822120666504, 0.8228859901428223, 15.66409969329834, -9.77758502960205, -11.448222160339355, 6.622216701507568, 8.599968910217285, -8.462718963623047, -9.076313018798828]"
2015/08/29,"[-2.4072813987731934, -0.6208281517028809, 2.076611042022705, 9.295267105102539, -5.869358539581299, -11.999707221984863, 9.137192726135254, 8.04249382019043, -7.102625370025635, -1.3465720415115356]"
2015/08/30,"[-0.8048629760742188, -7.643599987030029, 13.684263229370117, 18.591228485107422, -9.163581848144531, -39.75796127319336, 35.95072555541992, 20.212940216064453, -30.982812881469727, 2.360849142074585]"
2015/08/31,"[-1.8065847158432007, -0.5825681686401367, 3.268810749053955, 7.190051078796387, -3.436640977859497, -13.175337791442871, 13.0839204788208, 6.504015922546387, -11.288126945495605, -0.4867730438709259]"
2015/09/01,"[-0.2878357470035553, -4.688464641571045, 9.227660179138184, 13.628241539001465, -8.448626518249512, -26.14548110961914, 22.3573055267334, 14.295337677001953, -18.843778610229492, 1.9171135425567627]"
2015/09/02,"[-4.811081886291504, 1.5861765146255493, 1.0608829259872437, 9.787347793579102, -4.205528259277344, -12.61781120300293, 11.439831733703613, 6.035236358642578, -10.023975372314453, -6.618114948272705]"
2015/09/04,"[2.3256423473358154, -7.515682697296143, 12.540056228637695, 6.235019683837891, -4.505317211151123, -25.289505004882812, 22.714841842651367, 10.808667182922363, -17.97861671447754, 4.506947994232178]"
2015/09/05,"[0.7210139632225037, -5.73618221282959, 9.192825317382812, 9.686564445495605, -5.761800765991211, -24.468168258666992, 22.571292877197266, 11.8804292678833, -19.961179733276367, 2.66333270072937]"
2015/09/06,"[3.356459856033325, -3.4717562198638916, 20.886672973632812, 10.976262092590332, -3.115854501724243, -33.5279655456543, 33.39742660522461, 13.077219009399414, -28.107656478881836, 2.5387284755706787]"
2015/09/07,"[-1.7371402978897095, 1.9294345378875732, -0.15622030198574066, 5.322620391845703, -3.056303024291992, -2.7824654579162598, 1.6899818181991577, 1.8688132762908936, -2.9482505321502686, -4.9623613357543945]"
2015/09/08,"[-1.3010684251785278, -3.399409770965576, 9.071345329284668, 14.155070304870605, -8.765708923339844, -26.24155616760254, 22.766273498535156, 14.283040046691895, -18.52732276916504, 0.8527266383171082]"
2015/09/09,"[1.0708057880401611, -7.024507522583008, 12.408676147460938, 4.926539421081543, -2.6984810829162598, -26.83013916015625, 26.637849807739258, 10.822392463684082, -19.11581039428711, 7.227123737335205]"
2015/09/11,"[-1.1957169771194458, 4.225191116333008, 2.1389245986938477, 11.326205253601074, -5.750590801239014, -4.453545570373535, 3.1538662910461426, 5.678167819976807, -4.806529998779297, -4.284243583679199]"
2015/09/12,"[-2.1715588569641113, 4.4134039878845215, -0.32208451628685, 7.3982625007629395, -3.0328924655914307, -1.0746158361434937, 0.34670788049697876, 2.5241053104400635, -1.7532216310501099, -5.5730509757995605]"
2015/09/13,"[-1.14873468875885, -5.756290435791016, 11.588587760925293, 15.560342788696289, -9.644669532775879, -31.37289047241211, 26.624021530151367, 16.09937286376953, -22.9908390045166, -0.1547582447528839]"
2015/09/14,"[-4.131402015686035, 0.2711542546749115, 5.377377033233643, 14.586443901062012, -7.0936479568481445, -20.87462615966797, 18.4735107421875, 12.451754570007324, -13.511011123657227, -0.7705147862434387]"
2015/09/15,"[-1.6604816913604736, 1.8544257879257202, 0.38616690039634705, 8.712328910827637, -5.165678024291992, -5.05944299697876, 3.1822924613952637, 4.789140701293945, -4.308642864227295, -3.6422197818756104]"
2015/09/16,"[-2.537992238998413, 1.9605761766433716, 1.7106338739395142, 11.830911636352539, -7.300288677215576, -10.872984886169434, 8.266302108764648, 7.290834426879883, -10.18757152557373, -5.542393207550049]"
2015/09/17,"[-1.7093921899795532, 2.952138900756836, -0.2917315661907196, 10.97462272644043, -7.979771614074707, -2.843163013458252, -1.2251832485198975, 4.641690254211426, -2.5067496299743652, -7.4729905128479]"
2015/09/18,"[-1.5461642742156982, 0.11453640460968018, 2.3401758670806885, 11.801796913146973, -7.145451545715332, -11.061308860778809, 7.170649528503418, 7.810799598693848, -9.10096549987793, -5.198440074920654]"
2015/09/19,"[-2.2411086559295654, 0.432085245847702, -1.3461722135543823, 6.005197048187256, -3.9142277240753174, -4.76708459854126, 3.034210443496704, 3.2867369651794434, -3.7289791107177734, -4.1574835777282715]"
2015/09/20,"[-2.8809523582458496, -1.5914095640182495, 7.920341968536377, 14.024541854858398, -6.534947395324707, -27.220600128173828, 26.669485092163086, 12.398214340209961, -23.8499813079834, -2.8183538913726807]"
2015/09/22,"[-3.6019763946533203, 0.8259432315826416, -0.999772310256958, 8.05220890045166, -5.300641059875488, -5.09677791595459, 1.2567734718322754, 4.509429931640625, -0.9839507937431335, -5.655876636505127]"
2015/09/23,"[-4.186675071716309, 4.9717254638671875, 0.8392176032066345, 9.237617492675781, -4.885005474090576, -4.92018461227417, 2.860325336456299, 2.7774932384490967, -4.05534029006958, -10.297508239746094]"
2015/09/24,"[-2.0559849739074707, 3.1211040019989014, 1.9402968883514404, 8.423663139343262, -3.8882851600646973, -6.885221481323242, 6.216094970703125, 3.7189271450042725, -8.372241973876953, -6.627509117126465]"
2015/09/25,"[-5.284284591674805, 5.463155269622803, -1.2318469285964966, 11.75833511352539, -4.0956621170043945, -6.413868427276611, 5.662646293640137, 4.35434103012085, -8.04733943939209, -11.37923526763916]"
2015/09/26,"[0.3579016327857971, -4.110023498535156, 7.481664657592773, 5.841412544250488, -4.378998756408691, -19.065216064453125, 17.73689079284668, 8.252864837646484, -15.384220123291016, 1.3641111850738525]"
2015/09/27,"[-1.109537959098816, 1.4554721117019653, 0.1436242312192917, 6.158356666564941, -4.412814617156982, -3.411639928817749, 2.0498838424682617, 3.0491974353790283, -4.608780384063721, -4.085644245147705]"
2015/09/28,"[-0.9677435755729675, -4.443660736083984, 7.667360305786133, 11.113520622253418, -5.837033748626709, -22.61274528503418, 19.553253173828125, 12.345993041992188, -14.339607238769531, 2.5427486896514893]"
2015/09/30,"[2.5366175174713135, -8.9569673538208, 15.889259338378906, 4.429943561553955, -2.2842483520507812, -33.04680633544922, 33.58427047729492, 11.220359802246094, -27.090559005737305, 6.307403087615967]"
2015/10/01,"[-4.202794075012207, 4.098305702209473, -0.28052476048469543, 10.9814453125, -5.8853254318237305, -6.225533485412598, 3.7662153244018555, 5.294486999511719, -4.19094705581665, -7.1519246101379395]"
2015/10/03,"[2.835120677947998, -4.281422138214111, 18.165023803710938, 13.073052406311035, -6.144533157348633, -36.10637283325195, 36.337886810302734, 15.861565589904785, -31.533838272094727, 4.47546911239624]"
2015/10/04,"[-0.43869084119796753, 1.2583295106887817, 1.395845651626587, 7.041138648986816, -5.089937210083008, -4.830344200134277, 3.0356252193450928, 3.614426612854004, -6.294310569763184, -5.16984224319458]"
2016/04/04,"[-0.5624001026153564, 1.7977393865585327, 4.018706798553467, 6.0712480545043945, -3.7894105911254883, -8.36480712890625, 8.903985977172852, 5.228574752807617, -7.8833842277526855, 0.9264584183692932]"
2016/04/06,"[-3.579324722290039, 2.6144134998321533, -1.1738603115081787, 10.473923683166504, -5.108800411224365, -5.74247407913208, 3.395113468170166, 5.072943210601807, -4.821903705596924, -6.762878894805908]"
2016/04/07,"[-2.195970296859741, 1.7737253904342651, -1.063368558883667, 5.562825679779053, -3.894339084625244, -3.0990326404571533, 1.9003978967666626, 2.663726568222046, -2.768930435180664, -4.3161211013793945]"
2016/04/08,"[-0.21379601955413818, -1.6624356508255005, 2.6360230445861816, 6.3922529220581055, -3.695300340652466, -8.873602867126465, 6.984415054321289, 4.677885055541992, -8.428389549255371, -3.6992053985595703]"
2016/04/10,"[-0.7536423206329346, -3.1229302883148193, 11.718639373779297, 15.699081420898438, -7.623362064361572, -29.022518157958984, 25.72936248779297, 14.858254432678223, -22.00680160522461, -1.1972630023956299]"
2016/04/11,"[-2.8750877380371094, 1.3597211837768555, 2.9653091430664062, 9.326327323913574, -4.920278549194336, -11.586114883422852, 10.384822845458984, 6.645711421966553, -8.904730796813965, -3.421849012374878]"
2016/04/12,"[-2.4314353466033936, -1.9940458536148071, 3.2208986282348633, 9.612893104553223, -6.002964019775391, -15.694099426269531, 13.396031379699707, 8.596550941467285, -11.809894561767578, -1.5314486026763916]"
2016/04/13,"[-4.213133811950684, -3.44648814201355, 10.946921348571777, 21.26372528076172, -10.671262741088867, -33.12819290161133, 26.849252700805664, 20.100778579711914, -18.6364803314209, 1.4506473541259766]"
2016/04/14,"[0.49633002281188965, -6.5824971199035645, 14.635910034179688, 13.502459526062012, -7.954205513000488, -33.12898254394531, 30.182584762573242, 16.935300827026367, -23.683807373046875, 6.188936233520508]"
2016/04/15,"[-0.7851539850234985, 1.0960503816604614, 0.25745663046836853, 5.399299144744873, -4.260716438293457, -3.4588489532470703, 2.3944051265716553, 3.440884590148926, -5.0485711097717285, -2.3306634426116943]"
2016/04/16,"[-1.5016543865203857, -0.9113762378692627, 9.968877792358398, 6.403622150421143, -3.133265495300293, -21.530431747436523, 21.0179443359375, 8.002671241760254, -15.605961799621582, -0.33713844418525696]"
2016/04/19,"[-2.9909956455230713, -1.5506662130355835, 7.178296089172363, 16.097558975219727, -7.948795795440674, -23.910003662109375, 20.18079376220703, 14.414132118225098, -15.658117294311523, -0.5353370308876038]"
2016/04/20,"[-0.29992440342903137, -2.149144411087036, 10.292610168457031, 14.380045890808105, -8.323601722717285, -24.9959716796875, 21.473960876464844, 13.002842903137207, -20.761945724487305, -2.2297632694244385]"
2016/04/21,"[-1.0066052675247192, -1.4794059991836548, 7.088677406311035, 14.293563842773438, -6.951634407043457, -19.674392700195312, 16.970664978027344, 11.391098976135254, -15.793709754943848, -1.7142939567565918]"
2016/04/22,"[-1.0794817209243774, 0.2582935392856598, 3.2394509315490723, 8.78617000579834, -5.798647880554199, -10.513890266418457, 8.50554370880127, 6.28717565536499, -10.14293098449707, -3.27364182472229]"
2016/04/23,"[-2.749774932861328, -4.362878799438477, 8.514338493347168, 23.441068649291992, -11.967015266418457, -30.89175796508789, 23.91999053955078, 20.470609664916992, -20.025636672973633, -0.8161452412605286]"
2016/04/24,"[-3.7294108867645264, 2.5098416805267334, 1.9383920431137085, 13.070058822631836, -6.9723711013793945, -12.743997573852539, 10.489043235778809, 8.425833702087402, -11.51832103729248, -5.8695549964904785]"
2016/04/25,"[-0.8280291557312012, -6.55576229095459, 13.528633117675781, 17.297807693481445, -8.179579734802246, -36.0531005859375, 32.67584228515625, 19.401185989379883, -26.115039825439453, 4.637173652648926]"
2016/04/26,"[-2.523021936416626, -2.6143712997436523, 6.573121070861816, 9.763476371765137, -4.512291431427002, -23.075117111206055, 22.292299270629883, 11.034830093383789, -17.491727828979492, 1.1795145273208618]"
