-5.874173641,-1.340722322,4.268352985,-20.85509109,-1.939648867,7.077151775,-5.441777229,9.885131836,-1.084417582,1.18731463
-5.229095936,-1.682222128,4.306417465,-18.60786819,-2.2142272,4.719334126,-5.088249683,10.36816406,-1.040911674,1.311176419
-4.659115314,-1.70496726,4.294107914,-17.13054657,-4.304724693,4.724318027,-4.53550148,10.63278198,-1.106436133,1.898922563
-1.838184357,-1.038241744,1.583416939,-14.18819237,-4.643649578,4.902819633,-3.869097471,10.68135357,1.182896614,2.562986135
-3.747607946,-1.875410199,5.611162186,-20.08219528,-5.345172882,7.513568401,-4.814489365,11.28787422,1.427050829,2.141981125
-0.496979833,1.123154879,3.837888241,-16.76470184,-3.468126297,7.453773975,-4.050997257,10.39803696,3.861618996,2.392580032
-4.441547871,-2.984010458,5.717000008,-18.18423843,-6.139962196,8.824322701,-5.876951218,9.746509552,1.268732786,-0.299951941
-0.456077099,-0.490442395,1.357779384,-18.48865509,-6.978131294,7.216845512,-3.55719924,14.93032169,4.02803421,5.029551983
-0.722741008,-2.295679092,1.691871166,-17.459095,-7.408792496,4.694095135,-3.893687963,14.63162899,3.098407984,4.471383095
-0.630798757,-0.909124017,1.263105154,-14.50569344,-7.894484043,5.72738266,-3.69865799,13.22731113,3.424330235,3.673457861
0.268013835,-0.552614689,1.426359057,-13.66186333,-7.97010994,5.319702148,-3.489325285,13.63245869,4.183791161,4.128823757
-0.653302789,-2.072269678,-1.306381941,-14.96458912,-9.663655281,2.676383257,-3.459754467,18.84435654,3.043241978,6.63985157
3.294555187,-0.848987937,-1.771552324,-9.753726959,-10.30371571,3.861935139,-2.229467154,15.52064705,5.837332249,5.789716721
1.18008554,-2.417148352,-2.26272583,-14.90106583,-10.91894627,3.436860561,-2.180985689,18.0835228,4.423565865,7.7894454
0.441491008,-3.164592028,-0.94755286,-16.25183487,-11.81562424,3.848958731,-2.805976868,18.12792778,4.806776047,6.863358498
1.258989692,-2.560323238,-2.131010532,-13.37578583,-12.08195972,4.732448578,-2.504303217,17.19382477,5.578688622,6.910758972
4.940924644,0.007081836,-2.906704426,-10.16351223,-11.6162653,4.914985657,-2.147992611,17.19920731,8.664752007,7.015945435
3.72300005,-2.669270515,-5.035321712,-9.247477531,-12.40542984,-0.088242665,-1.447665095,19.31225395,5.878652573,8.435853958
3.971466541,-2.952746391,-3.663059235,-12.0334301,-13.46702576,1.723006129,-1.448693156,19.75580978,6.874919891,8.673020363
3.318081379,-2.760119915,-4.652933121,-13.14733696,-13.80932045,2.861807346,-2.108406782,20.64405632,6.732714653,8.83864975
-2.570739746,-2.064264297,3.206387997,-12.38289356,-2.127527714,4.434336662,-3.662437677,5.838228703,-0.041532144,0.189038843
-4.184211254,-0.69894743,3.081452847,-14.81865215,-2.487169027,6.605011463,-4.651765347,7.877576828,-0.912368119,0.358102649
-5.716488838,-1.929495215,4.380809307,-16.65730667,-3.476728201,5.902459621,-5.839487076,9.887787819,-1.763867021,0.228571028
-5.881118774,-2.697986603,4.0782938,-19.47165298,-4.582832336,7.70678854,-5.494306087,11.11495495,-1.376748919,1.541971803
-4.992625713,-1.819615602,3.543443203,-19.55844116,-2.502524853,4.845795155,-4.562386513,11.87639332,-0.76472193,2.773077965
-4.437054157,-2.421244144,3.815340757,-18.44877625,-3.469822884,6.562095165,-4.932855606,10.35271645,0.202717379,1.593713403
-1.807807088,-2.377122879,2.079423904,-13.07822704,-5.385528564,6.793964863,-3.996219873,9.268304825,1.697620392,1.300074458
-2.84528327,-2.169862986,0.781514108,-15.17093945,-5.947371483,5.424469948,-3.884454489,12.74284077,1.281234503,2.970226765
-3.288016558,-1.418753386,7.059784889,-24.34551239,-6.163417816,10.22671509,-4.078559875,11.85992622,2.81682086,3.36217308
-2.005972624,-1.669615388,3.13239646,-18.26015472,-7.40098238,6.276644707,-3.316491365,14.16228676,2.540128469,4.573407173
-1.027684808,-3.447202682,-1.356696606,-10.77042294,-8.611613274,4.169738293,-3.896827936,14.17534733,1.962517381,3.483108521
-0.734217167,-2.328452587,-1.312214017,-14.62313175,-8.944231033,5.530622005,-2.82139802,15.66803455,3.041162729,5.241841316
-2.373537064,-3.700086117,1.313160419,-17.17812729,-9.245865822,4.546233654,-3.13119936,15.06666946,2.232620001,4.691958427
2.829879284,-1.95230937,-2.862497807,-10.0453968,-7.855728626,4.661225319,-1.564926028,11.5823679,5.302501678,5.129917622
1.316410661,-2.123498917,-1.507481098,-11.04439068,-10.23911095,4.217126369,-3.213766813,15.90190029,4.875366688,4.98486042
0.832831621,-1.540866137,0.762614191,-17.01899719,-9.669112206,4.950027943,-2.919067621,16.24217224,4.877170563,6.225878239
-0.101258561,-3.736008644,-1.93908,-13.69843864,-12.06267738,3.644038916,-3.909655094,19.86441231,4.481052876,6.117770195
-0.898418546,-3.824493885,0.024647042,-17.75020218,-12.21397591,5.042040825,-4.698423386,20.62081528,4.659509659,6.384994507
1.266843796,-3.654413462,-1.855638027,-16.55948257,-10.90643787,4.762928009,-3.068598986,18.6905632,5.465656281,7.243557453
0.207096174,-3.246300936,-2.354544163,-16.90198898,-11.95898628,3.250567198,-3.261758089,22.2306633,5.255403519,7.995146751
0.576980233,-2.796927452,0.361952603,-22.83778763,-12.42107201,6.821185112,-3.643121719,22.82869148,6.188704491,8.863537788
2.749906063,-2.955613613,0.779393971,-16.98284149,-14.04249287,6.264322758,-2.28051877,19.12891197,8.075545311,7.841663361
1.410131931,-3.558159351,-3.969901562,-14.15330029,-14.81762314,4.075276852,-2.756608725,22.1683445,5.508171558,9.086339951
3.588934898,-2.460247517,-4.393437386,-13.79363155,-15.09490395,4.948760509,-1.477114677,21.82774353,7.88541317,9.603808403
1.498600245,-3.941422701,-3.050402641,-15.07382107,-15.04462147,3.56319356,-3.29334569,22.70986176,6.200351715,8.515896797
3.873416424,-1.906070948,-1.972070694,-16.81761932,-16.91234779,5.717452526,-2.843482733,25.94575882,9.458249092,10.63218212
4.186209679,-4.629480839,-5.52573061,-11.62821865,-17.59174538,3.226726055,-2.101318836,23.8999176,8.583522797,9.454044342
4.256903172,-3.691051006,-8.042443275,-12.65080166,-16.6211834,0.825552821,-0.526300967,25.73398972,8.486333847,12.03852272
4.546515942,-4.123723984,-6.514173985,-11.85937023,-17.59360123,1.780631423,-2.201488495,25.77656937,8.502642632,10.95443153
6.632214546,-4.876230717,-5.378230095,-11.3200016,-20.18567657,3.228885174,-1.625668168,25.64295578,11.1144762,11.0429697
6.915471077,-5.128827095,-7.00540638,-10.66926479,-20.65473747,2.408444881,-1.542216659,27.09964561,11.00706005,11.73176861
8.53807354,-4.386314392,-7.658977032,-9.508397102,-20.9865799,0.862117648,-0.217200592,27.1241703,11.86703205,12.98581314
8.063328743,-2.172478199,-6.927711964,-9.630455017,-20.58102036,4.776319981,-1.676364064,27.45040703,12.75838757,12.02011108
7.570000172,-0.797360182,-6.716164112,-13.78913307,-21.30584526,5.670574665,-0.10821493,29.15159225,13.61178589,13.94181442
8.373185158,-1.224933028,-6.677471161,-9.911297798,-22.09993744,3.019078493,-0.187439516,29.28701019,13.16287041,14.00195026
9.102350235,-5.03216362,-10.44495583,-8.40174675,-22.28936386,0.252347827,0.917886198,28.42853355,12.79074574,13.88309097
8.83149147,-4.816381931,-9.909387589,-9.921560287,-22.70604706,0.639311671,0.078092739,29.94685555,12.27862358,14.44527817
7.544019699,-5.698327541,-9.408596992,-12.73104477,-22.28939247,1.885399699,-0.778289616,29.87371826,11.85955334,14.20822906
10.52200699,-4.504393101,-9.367177963,-10.55663109,-25.27427292,2.329844713,0.404735744,32.15681458,14.60822868,15.82456112
12.89304829,-4.552586079,-12.01878929,-5.102178097,-24.01680756,0.975304008,2.087270737,27.73894882,15.72464657,14.83705235
12.76847172,-5.447655201,-12.8544178,-3.161725521,-25.40699005,-1.027657151,1.166550517,30.73697853,15.48462105,15.31309128
10.0752964,-4.408835888,-10.7306757,-12.8928051,-23.77650261,0.541905761,0.968371332,32.65568924,14.90821934,17.01502609
11.46194363,-4.190324306,-9.123855591,-11.43880367,-25.78794289,2.031373978,0.701808393,32.3992157,15.80755329,16.06747437
9.057675362,-5.634833336,-9.118240356,-14.81949425,-25.71643448,0.883894324,-0.65331322,36.05934906,14.40498447,17.0403614
13.49236679,-3.716378689,-12.39897537,-8.86075592,-25.30590057,0.605401397,2.005770683,31.82542419,17.20614624,17.84569359
14.60925961,-3.211347103,-12.78951073,-9.378974915,-26.71677017,1.800933242,2.385219336,34.45733643,18.81616592,18.88406181
11.12734032,-4.829322338,-12.8129549,-10.86135769,-29.01649857,-0.411185861,1.044683099,38.60243988,16.19602585,19.07030678
13.64523792,-3.651191711,-13.84939957,-8.758424759,-28.55306053,1.225150943,1.24114573,37.78826141,17.98435593,19.26457977
13.49792385,-4.208437443,-12.48489189,-14.23826504,-28.86787033,3.073233843,1.321998715,37.82346344,18.84917068,20.10375404
13.9709425,-3.585655689,-12.75907707,-12.58590698,-29.34457397,1.217611194,1.163826108,39.97165298,19.14885902,20.63891983
15.28956795,-3.85693574,-13.84231663,-8.147951126,-29.70628929,-1.701142907,2.354449034,38.66411209,19.81616974,20.95219612
13.65637207,-5.114933491,-14.17762566,-5.835217476,-31.88759995,-3.212082148,1.572523713,41.17144012,17.89644432,20.64695168
16.52124214,-5.56991291,-17.59554291,-1.20853579,-31.62397385,-3.757182837,3.238035917,37.83543015,19.60359955,20.26505852
16.18553734,-6.048574448,-15.56488991,-4.93936491,-33.25163651,-1.072570443,2.352646112,39.66407394,20.25512314,20.35262489
14.27854538,-5.592933178,-13.93456745,-11.29590988,-32.81621552,0.703026175,1.721202016,41.52490616,19.74049568,20.96004677
17.75446701,-3.457813501,-14.20778656,-8.06427002,-31.33060646,0.517830729,3.078153372,37.33365631,21.60120392,21.02367783
15.88068199,-4.887979984,-15.55649281,-10.83673477,-32.42607117,0.427524924,2.320425272,41.3581543,20.55396271,22.64802361
17.23740387,-4.576620579,-16.15523529,-8.19052887,-32.51517868,-2.893162012,2.585757494,42.40748215,21.36884308,22.95922661
16.48873138,-5.867990971,-17.78380013,-10.90451622,-35.60852814,-0.655995965,2.744440794,45.3792305,20.95339203,24.69932938
17.94652939,-6.050905704,-18.20764732,-7.815945625,-34.9302597,-1.23194468,2.686050177,43.83572006,22.24376297,23.36624527
17.77550697,-7.463158131,-18.68884087,-5.102880478,-35.47055054,-5.51612854,3.808743715,43.54213715,21.1966095,24.10349464
21.31606483,-2.003881693,-19.22848892,-1.461241484,-33.88422012,-1.906642556,3.8156569,41.92564774,24.23459816,23.52148819
19.85706329,-4.008953094,-19.92448616,-0.359203339,-36.12180328,-2.128871679,3.257645369,42.5668602,23.46848488,22.80997276
20.25965881,-2.946465492,-18.64239502,-4.777729988,-35.50213623,-0.387238145,2.79014039,44.91170883,24.41857719,24.19515038
21.41581345,-6.32546854,-21.57082176,-4.745373726,-37.85780334,-1.573858857,4.243507862,45.74711609,24.78981018,25.97863579
21.66069221,-7.058871746,-23.6135788,-2.223513842,-38.91868591,-4.119199276,5.073066711,46.76759338,24.58503723,26.54406929
22.32497597,-6.28954649,-22.18126297,-3.692343235,-39.40229416,-2.165314436,5.126566887,46.52288818,25.91658783,26.66691208
21.08806801,-6.783735752,-23.34207153,-4.839241028,-39.27455902,-3.154353857,5.189543724,47.11183167,24.92605591,27.14123344
20.34284592,-7.356598377,-20.05683327,-4.487628937,-40.57416916,-4.280390263,3.908783674,49.69353485,24.61082458,26.39007378
20.71802902,-6.777526379,-19.51709938,-6.347506523,-40.44765091,-4.282736301,4.040967464,50.3506279,24.98584747,27.36955261
21.43226051,-7.74195528,-22.40013504,-1.648888826,-42.18646622,-4.120396137,4.124147415,49.88969803,24.9463501,26.85497475
21.73222923,-6.192877293,-20.87433815,-6.438035011,-41.27845383,-2.040312529,3.579267263,50.93915939,26.68546867,27.86023712
24.31537819,-5.689837456,-21.28367805,-4.438902855,-42.46713257,-0.420510888,5.134942532,49.00186157,28.96187401,27.49335098
25.34567833,-5.978849411,-20.77726173,-2.270883799,-42.60754776,-0.925320268,5.522115707,46.45962524,29.89725113,26.9541378
24.67315102,-4.146944523,-23.10253716,-5.840664387,-41.7441864,-1.042811036,5.62048912,51.21848679,29.61207199,29.77340889
23.86385536,-4.76726675,-24.14376831,-3.544067383,-43.50813293,-2.120350599,5.833840847,51.52935028,29.13913727,29.32043266
23.9117794,-4.637747765,-21.60641861,-7.285730362,-44.90065002,-0.08489956,4.386297226,54.66847992,29.78634453,30.22536659
28.08115196,-2.383804798,-25.03067398,1.87673521,-43.72452545,-3.040399313,6.940661907,51.39588547,31.98722458,30.62663078
24.7642746,-4.507109642,-22.05165482,-4.221019745,-46.69065475,-1.017211556,4.198577881,56.11751556,31.05990982,29.85571861
23.10070419,-5.011524677,-20.88814735,-10.64091778,-46.00294495,-0.748258233,4.198733807,57.43053055,30.27838898,31.09424019
27.97812462,-3.581653118,-24.70644569,-1.842461824,-44.97771454,-1.896168351,6.116009712,54.13999939,32.59907913,31.18115234
28.38287735,-2.970082283,-24.32454681,-1.757742643,-44.55805206,-2.467026472,6.600099564,52.74717712,32.91396713,31.38878059
27.93807793,-4.254660606,-24.80319214,-2.212375164,-46.08402252,-2.352688551,6.150316715,54.83588028,32.90764236,31.76282692
27.74603271,-4.618076801,-25.64706802,-3.520353794,-47.23486328,-2.100807905,5.639949322,57.5205574,33.15352249,32.43078232
25.33637428,-8.606508255,-23.51152229,-6.974591732,-50.41138458,-2.740855932,4.482627392,59.84474945,31.07781601,32.32075119
24.10232735,-7.833632946,-26.26193619,-11.16727924,-49.04301071,-3.871052504,5.82262516,62.04972839,30.18815041,35.06171799
28.87831879,-7.220707893,-24.85493851,-6.805078506,-51.59772491,-0.779802918,6.327671051,59.20135117,34.8733139,33.65436172
31.20563316,-6.439596176,-29.53627396,1.534288883,-50.25356293,-6.450893879,7.789018631,57.66493607,34.26517487,34.314991
30.05077553,-6.416630268,-28.75274467,-2.995104074,-51.38251495,-3.688850164,7.267691612,60.59294891,34.98255539,35.13685226
31.88696098,-5.664293289,-30.21420288,0.98585844,-51.841362,-4.047898769,7.907874107,59.8528595,36.26052856,35.26577377
30.7630291,-5.809694767,-30.56050873,0.535254002,-52.21816254,-5.132212162,6.91277504,61.64622879,34.92035294,35.53922653
34.57128906,-5.608189583,-32.71466064,5.358569622,-52.00798798,-5.695166111,9.287529945,58.47822571,37.9239006,35.73973465
34.14350128,-6.304922104,-31.89790154,0.420374393,-52.72990799,-4.977005482,8.46763134,60.79814911,39.05857468,36.33442688
33.45592117,-6.644857407,-29.55694389,-4.022080421,-54.24969101,-1.808135629,7.992720604,61.55332947,39.63673782,36.54711533
31.06983948,-7.029378891,-32.0343895,-5.831902504,-54.14072418,-5.612745762,6.320583344,68.61256409,37.24941254,39.12288666
33.91180038,-6.357168198,-31.02079582,-3.127287388,-56.34698486,-3.921959639,8.201605797,66.73902893,39.63657761,38.61195374
36.15703201,-6.454523563,-32.28786469,2.719777107,-55.38394547,-5.729752064,8.985773087,62.72746277,40.19392014,37.39506149
36.19731903,-6.068975449,-33.65373993,2.969267845,-55.55542374,-6.844878674,9.016461372,64.07800293,39.99856186,38.64352417
36.60478973,-7.704692841,-33.44118881,4.173637867,-57.33631134,-7.57371664,9.761628151,64.3343277,40.15849304,38.45605087
35.61455536,-7.511098862,-33.81306458,1.583851337,-58.10939026,-8.269553185,8.979911804,68.42711639,39.26552963,40.08627701
35.89682388,-8.295052528,-35.10665894,3.723544598,-57.72077179,-9.576948166,9.177096367,67.80304718,39.76189804,39.55883408
35.30345535,-8.181612968,-34.01026154,-1.064154148,-59.35504913,-7.140929699,9.052567482,70.15294647,39.78901672,41.61938095
34.26107025,-8.566818237,-32.87318039,-5.417395115,-59.04554749,-4.738779545,8.089776993,70.41751862,39.72750854,41.49144745
37.98601532,-8.897107124,-37.38980484,3.195549965,-59.06494904,-7.522810459,10.08890343,67.74501801,41.51282883,41.0423851
35.26116943,-8.136473656,-36.14201736,-2.01326561,-61.62865829,-6.192718983,9.152031898,72.63299561,40.35554504,42.57677078
38.4081192,-6.533566475,-37.13930511,3.310813427,-60.91067505,-6.322407246,10.2254324,70.37689972,43.25078201,42.08751678
37.1387291,-7.701391697,-36.04740524,1.029045105,-60.84074402,-6.090058804,8.877183914,70.55675507,42.11071396,41.73976517
39.97667313,-6.490394592,-37.84752274,5.980182171,-62.13224411,-7.100080967,10.56413269,70.42595673,44.13467789,42.62338638
38.97803879,-8.748707771,-35.57167435,0.389100075,-61.69734192,-5.751297474,10.64028835,69.09369659,43.60700989,42.22913361
38.18226242,-8.614330292,-35.66831207,-3.996507645,-63.50138092,-5.341928959,10.7528019,73.54460144,43.95646667,44.29561234
39.76578522,-9.284086227,-40.52372742,2.999612331,-63.67990112,-10.63811207,11.14947033,75.89595795,43.62888718,45.55418015
40.89170074,-8.708699226,-38.37797165,5.378112316,-65.14216614,-9.935172081,10.41962624,74.69257355,44.39033127,44.21277618
42.41160583,-4.381549358,-37.25453949,1.055260658,-61.27445221,-5.611107349,11.23373699,71.96134949,47.01830292,44.75582886
41.41762543,-5.249112129,-37.61692047,-1.556416512,-63.16996765,-4.702339649,11.47855473,73.99408722,47.16547775,45.84402084
37.33680725,-8.0514431,-35.94617462,-5.090453148,-66.13083649,-4.857698917,8.984934807,78.20851898,44.26955795,45.63404083
41.41367722,-5.284003735,-38.33014297,-0.579427242,-63.34644699,-4.602152348,10.57271385,74.80771637,46.97211838,45.93179703
43.19242477,-6.509426594,-39.95142365,4.81514883,-65.02498627,-6.962437153,11.345191,74.34173584,47.7153244,45.65195084
41.36001968,-10.19377613,-40.8921814,4.215427876,-68.26056671,-10.59282207,11.06204033,79.17173767,45.35171127,46.90507126
41.23685837,-9.836091042,-42.73206711,5.288630486,-66.6204071,-13.45728207,10.99637127,79.67048645,44.49806595,47.54658127
42.50865936,-11.03618717,-40.43733215,5.33775425,-69.67733765,-9.874073982,11.80314636,77.36270905,47.22847366,45.98620987
42.44115067,-11.77545357,-39.16120911,3.456530571,-70.69075012,-9.685355186,11.51629066,78.84884644,47.41842651,46.22451401
45.99399185,-11.49901104,-44.03633499,11.83119869,-69.19586945,-13.28372097,14.22962379,74.31651306,48.32703018,46.72095871
42.48592758,-12.15653133,-42.23161697,3.969601154,-71.73488617,-11.38142872,11.61218929,82.40048218,46.508358,48.52738571
42.70754242,-11.17788982,-44.40245056,6.868159294,-70.79011536,-15.24005604,12.92374992,83.31056213,45.35481644,50.5053978
41.40741348,-12.16030025,-44.3389473,3.007819653,-71.56868744,-14.67887974,12.2706461,85.90830231,45.60219193,50.68992996
44.88807297,-12.50759411,-44.72253036,10.14053535,-73.26006317,-14.84794521,12.44849968,83.70368195,47.69134903,49.35474777
47.26742172,-5.811062336,-42.95636368,4.85571003,-70.03276062,-5.989281178,12.13517857,80.64562988,52.77270889,49.610569
48.04484558,-5.882941723,-43.97995758,8.269390106,-71.39689636,-8.527129173,13.02939129,80.48709869,52.96956253,49.64934158
46.47828293,-7.549852848,-43.29405594,8.916283607,-73.88609314,-8.788308144,12.27571774,82.35643005,52.61683273,48.7502327
47.41607285,-7.260553837,-43.48292542,5.164331436,-73.03999329,-7.712959766,12.02504635,83.78261566,53.27575302,50.65707397
47.74514771,-4.389378548,-42.4644165,5.359846115,-72.30593109,-5.74728632,11.97233677,83.86894226,54.76800156,49.83633041
48.47338104,-3.838181973,-42.37259674,6.242269993,-74.16581726,-6.702063084,12.99200821,84.57550049,54.95365524,51.22108841
48.96476746,-4.407191753,-42.29771042,2.237460136,-71.57418823,-5.193804264,13.23719788,81.91855621,55.69943237,51.6710701
48.91108322,-5.960857391,-43.34757233,8.461724281,-74.95996094,-7.811815739,12.51394463,84.60028839,55.36996078,50.53581238
50.50366974,-5.198958874,-45.27783203,7.006045341,-75.35546875,-8.083140373,14.05063152,85.62788391,56.20230484,52.83640671
52.04644012,-5.654371738,-46.54660797,9.677968979,-75.70284271,-7.005617619,13.91754627,84.77548981,57.47537613,52.34994888
49.52042007,-5.952778339,-43.56029892,2.13522625,-75.71681976,-5.816093922,12.58303356,87.6162796,56.55157089,53.19292068
51.36103439,-13.08908939,-52.41960144,14.45149326,-78.19358063,-16.90955353,16.16744423,86.21861267,53.28680801,54.48395157
48.4658699,-13.15471554,-48.27330399,8.092399597,-80.784729,-14.35715961,13.30801105,91.97938538,52.98220825,54.29959869
48.80163956,-12.79529667,-46.5856514,2.230959415,-80.38356018,-12.60613155,13.66767693,93.28404999,53.80303955,56.02741623
48.71878433,-13.68844032,-49.6292038,8.406346321,-80.76741791,-14.63358402,14.05775261,91.57501984,52.20529556,55.07984543
50.29517746,-12.32157803,-49.87679291,8.932312012,-80.38011932,-15.95897198,15.07739449,91.3261261,52.6192131,56.0279808
48.56778336,-14.26963806,-46.33360672,3.988053322,-80.88471222,-14.06161404,13.74743271,92.14812469,52.64816666,55.36487961
54.52095795,-6.947899342,-49.6103363,8.485759735,-80.97258759,-8.265172005,14.41769314,91.53728485,59.98656845,56.42504501
54.47665787,-7.483246326,-52.38669968,9.972043991,-80.6361618,-10.84780979,15.90469837,90.98169708,59.2876091,57.70645523
54.98643494,-7.314698696,-50.25153351,7.917928696,-82.29969788,-8.920111656,14.78277016,93.28469086,60.34466934,57.60013962
55.51426315,-6.907214642,-50.55739594,6.608775139,-82.17734528,-8.690993309,16.35548401,92.40953827,61.48443222,58.6409874
55.23762131,-6.523629665,-50.20128632,6.884102821,-81.57339478,-8.901911736,14.61125469,93.79932404,61.38381577,57.86081696
57.30129623,-6.658330441,-51.46329498,9.485012054,-82.62865448,-9.519171715,16.04048538,93.01958466,62.94741821,58.56038284
55.66271973,-4.657781124,-49.18809891,9.164161682,-83.98363495,-7.976055622,14.35101414,94.88309479,62.62479782,57.74135971
55.91204834,-4.628873348,-49.07426453,6.273489952,-83.77589417,-5.75906229,13.60747242,96.74862671,63.56570816,58.37652969
55.81351471,-5.749392986,-49.72872543,8.773117065,-85.98784637,-6.960184574,14.25579166,96.57465363,63.20951462,58.27587509
55.64497757,-13.53473854,-56.03236389,11.57258129,-86.73707581,-18.00899696,15.83412933,100.2273407,58.71934128,61.15715027
54.76845169,-13.60881996,-52.31338501,5.470010757,-88.32162476,-13.0321188,15.63720226,99.29368591,59.5235939,60.88492584
55.47842407,-13.35513592,-52.90386581,4.793239594,-87.0116806,-13.43705463,16.27769852,98.64519501,60.13657761,61.36004257
56.39473724,-13.75950432,-54.95193863,9.889798164,-88.87592316,-16.58986092,16.31386185,100.8170319,60.65629959,61.67422104
56.58878708,-13.35705471,-56.40638351,8.905199051,-89.46349335,-16.57378578,17.01169968,102.5332336,60.46797562,63.92424011
58.96985245,-13.71380997,-58.15188217,15.38596535,-89.06774139,-18.59249496,18.03556442,99.12902069,61.74961472,62.71825409
59.59939194,-13.74418068,-59.1420517,14.90315914,-89.98108673,-17.32079887,18.06641769,99.86687469,61.96029282,63.02812576
-5.053950787,-0.766612172,6.348384857,-20.52487183,-1.639235854,9.104722023,-5.633186817,8.775374413,-0.188571855,0.257924646
-4.978636265,-1.445385933,5.411934853,-19.01531219,-2.833966494,7.180741787,-4.715254307,9.151927948,-0.448217213,1.302888989
-3.724124908,-3.46667099,2.466813087,-12.81023598,-4.602434635,5.183673382,-4.926803589,9.307467461,-0.648240983,0.476440996
-7.916563511,-1.983307362,6.330662251,-24.06521988,-3.104080439,7.422947407,-5.905352592,12.29840374,-2.615080833,2.104125023
-6.123184681,-2.035676718,4.723185539,-19.56739426,-3.759414673,6.758444309,-4.743245125,10.26157761,-1.705138326,1.88022244
-1.993107319,-1.537933826,1.105788231,-11.33810425,-3.597717285,4.430841923,-3.301897287,8.356923103,0.721149385,1.788530946
-7.698811531,-2.604810238,3.826538086,-17.96149445,0.208790913,2.115607738,-5.768835068,9.884989738,-3.889674425,1.24456799
-5.758653641,-1.884542704,4.335464954,-16.93140411,-3.21536088,6.26239872,-5.474448204,9.177550316,-1.741161585,0.420960516
-3.72347188,-1.422038913,2.928858519,-16.10377502,-3.528939486,7.408982754,-5.298242569,10.67807007,-0.190558419,1.268081307
-3.37787652,-2.195160151,1.983046293,-14.79551792,-3.598596334,4.948588848,-4.901780605,10.35266781,0.027969671,1.384249091
-5.630604744,-2.163522005,4.896076679,-18.55007935,-4.336605549,6.375876904,-6.365082264,11.79800606,-0.895468771,0.748126149
-3.050572395,-2.115648746,2.523304939,-11.8129406,-5.594865799,4.916936398,-4.84171629,10.63481903,0.382546633,0.903049588
-1.285871148,-2.141435146,0.08947973,-10.65560436,-7.01237154,4.499637127,-3.399519682,11.31715679,1.101748109,2.78471756
-1.765132904,-1.835827589,0.547475636,-15.21240997,-6.948171616,5.609118938,-4.047607899,14.19351768,1.349051714,4.056221485
-0.707896411,-1.680399418,-0.272900462,-11.09066963,-6.950757504,3.024436712,-3.22862339,12.39183044,1.825740337,3.553467989
-1.383468509,-1.685713768,0.76944524,-13.51074886,-5.999426365,2.824466467,-3.796139479,14.19449043,2.160173893,3.689137459
-1.189428687,-1.700345635,0.545060575,-13.29528522,-7.702143192,3.923499823,-3.832019329,14.11314869,2.563651323,4.04384613
-1.831751347,-2.672225952,0.395674884,-12.49336815,-9.05807209,4.109890461,-4.30497694,14.66939259,1.970472693,3.39478159
-0.416603506,-0.95647788,0.381195843,-13.5970726,-8.391056061,4.297585011,-3.806594372,16.00671196,3.240527153,4.931183338
-0.710838079,-1.027868509,6.590972424,-20.94060516,-9.48756218,10.66469193,-5.113829613,13.75013542,5.641274452,2.789411545
-3.003497601,-3.425579786,1.901751041,-19.05239105,-8.036309242,4.795845509,-4.667590618,15.40426636,1.522892594,4.264919758
1.755175352,-1.380354404,-0.515663087,-10.7142086,-9.31537056,5.125301838,-2.868240595,13.73916721,5.041164398,4.517745972
-1.074627042,-2.661520004,1.264485359,-16.45331955,-11.04329586,4.833102703,-4.546661377,18.87666512,3.70637536,5.529808521
2.251186609,-1.328745842,1.194316864,-13.9920826,-9.918869019,5.486067295,-2.654516935,14.14412212,6.89616394,5.036015511
1.534264922,-2.2213552,-1.016800165,-13.45745754,-11.64083099,5.301418781,-3.214924097,17.83282852,5.389115334,6.263832092
-1.718688369,-2.824870348,1.23585844,-19.62579727,-12.87856007,5.356870174,-4.655078888,21.71146774,3.802942038,7.036543369
2.915586472,-1.789460421,-0.923340023,-15.30817127,-12.1003933,7.179048538,-2.394882917,16.74044037,7.42584753,6.868161678
3.07920146,-3.511707067,-4.445450783,-10.06927013,-14.21978474,1.27970767,-1.276900411,20.30867577,6.044930458,8.780256271
2.991159439,-2.581258297,-2.971403599,-12.39748287,-14.10636139,1.948916316,-3.085832357,23.44981766,6.706566811,8.811740875
5.353977203,-2.074231863,-0.276512563,-13.24279976,-15.90118217,6.132121563,-2.859391689,20.77807617,10.27272511,7.544452667
5.724402428,-1.79509294,-3.749381304,-12.84942055,-16.69950867,4.764620781,-1.367632985,22.63074875,9.938277245,10.34931087
4.284136772,-2.639843464,-5.686739922,-11.18446445,-15.30434322,1.785909891,-1.412969232,22.17521477,7.468714237,10.04161072
3.763366938,-1.976950645,-4.098454952,-15.56954288,-17.50302505,3.637119055,-2.367456436,26.49620628,8.949391365,11.49854565
5.569788933,-3.447211504,-5.807636738,-10.42111111,-19.12106514,1.985769153,-1.775693297,26.81075859,9.555781364,11.56508732
5.762506485,-2.126914501,-5.957784176,-10.52743912,-18.53178406,2.012699842,-0.986721456,24.99274445,10.30220985,11.60856056
-5.057189465,-2.81978035,6.284843922,-17.64886475,-4.057775021,8.08113575,-6.102764606,9.155893326,-0.635647476,-0.47622624
-5.403278828,-4.1955266,4.777716637,-15.85390759,-2.888679743,5.767897606,-6.592276096,8.896643639,-1.380102634,-1.134448886
-3.577161312,-2.876439333,2.658275366,-12.74738789,-5.020237923,4.254342556,-5.158876419,11.26609135,-0.23606728,0.815103412
-5.23927784,-2.180118084,5.299510479,-20.65555191,-3.402407646,5.514072418,-4.703926086,10.7397747,-1.113073111,2.299542904
-2.762210131,-1.53362751,2.295393944,-16.57498932,-4.411887646,7.250566483,-4.5044837,11.70654964,1.284948826,2.157614231
-5.248765945,-3.482519388,4.02964735,-19.55557251,-4.877953529,6.217618942,-5.728231907,12.60637951,-0.4967857,1.554553628
-4.597105026,-2.149402618,2.186945677,-19.64700317,-6.105583668,6.363796234,-4.687533855,15.17939949,0.372644126,3.413803101
-2.009690046,-0.179301292,1.937889457,-14.74043751,-5.774451256,5.102643013,-4.351583004,13.33225822,1.413071871,3.22734189
-3.734559536,-1.740460038,3.01186657,-22.49449539,-7.136550903,8.482124329,-5.613507271,17.36993599,1.577944756,4.847649574
-0.833020329,-3.415780783,0.279851019,-11.71905899,-8.087505341,5.169463634,-4.61545229,12.99166584,2.907879829,2.471506834
-1.639737964,-3.046125412,1.535373211,-17.29898834,-9.088630676,7.582475185,-4.619055748,14.80509377,3.153020859,3.930644035
-1.061002135,-3.100287437,2.874758244,-17.83194351,-9.244519234,7.897437096,-4.338211536,14.00705528,4.06960392,3.50375843
-0.51335609,-4.06846571,-1.479345202,-11.66297817,-8.898958206,2.571877241,-4.22410202,15.91427898,3.135229111,4.222596645
-2.430856466,-3.347499371,0.64816463,-20.48043823,-7.770121574,3.971320868,-4.033868313,18.17115593,2.500355005,6.444903374
-0.320565104,-3.178350449,-1.794266701,-14.23582458,-10.13401794,4.203646183,-3.623556376,18.05247307,3.826432943,5.791790009
0.054474369,-3.846804619,0.384913504,-15.4336319,-10.77784729,5.166000366,-4.782598972,18.09413528,4.759632111,4.95395422
1.162477493,-4.107903957,-2.566653728,-12.50247192,-10.45528698,3.663306475,-2.623452187,15.22691631,4.571423531,5.863705635
1.395431519,-3.533809185,-1.755738974,-15.00998592,-11.96998501,5.088695049,-3.167294264,18.81830025,5.283034325,7.064416885
1.019669771,-2.408700705,0.013678357,-21.41363907,-9.166905403,7.658729076,-3.925874472,18.25886536,6.287195206,7.143864632
2.282413721,-1.495654702,-1.7179842,-13.90339088,-11.79999447,4.946075916,-2.539760828,18.93327522,6.630569935,8.1287117
2.058097839,-4.495939732,-4.581425667,-10.58782482,-15.55179596,3.029631615,-3.463224173,22.42068481,6.073770523,7.558616638
5.231287479,-3.114382744,-5.729452133,-8.867575645,-14.71179581,3.235046625,-1.024690628,19.9156208,8.721686363,8.371198654
4.128191471,-3.227375984,-4.918272018,-12.71882153,-15.45055962,4.665935993,-2.126739025,22.37062454,8.098492622,9.403466225
5.604806423,-2.983846664,-5.515942574,-11.64537621,-17.0097599,4.190672874,-1.534304261,23.4090004,9.821824074,10.07104683
4.080757141,-2.619428635,-5.198390007,-14.27168751,-17.30047989,4.038275719,-1.760864377,25.6537323,9.370973587,10.82343197
6.22302866,-2.707473516,-6.333200455,-12.39088726,-16.94215012,3.919687748,-1.391210914,24.39624977,10.22815037,11.21901226
5.82174778,-3.259436131,-5.617189884,-12.70848083,-17.08416367,4.276807785,-1.988384008,24.02116585,10.373456,10.60884666
6.472924709,-2.412615299,-4.9334445,-14.54970264,-18.84651566,5.396844864,-1.302533507,25.75808716,11.62383556,11.90349007
5.424361706,-3.54487896,-4.090528488,-15.25679111,-20.05027962,4.049180984,-2.935519934,29.75744629,10.90391254,12.14917946
5.801185131,-3.326097727,-5.40616703,-13.9536562,-19.62266159,4.528614521,-2.106806755,28.39447021,10.39622593,12.29835129
4.882811069,-4.553252697,-4.978999138,-12.53099632,-20.67004967,1.257400393,-1.324334621,27.68771553,9.586182594,12.2072773
9.497694969,-3.280184269,-9.05200386,-7.823334217,-19.75683403,2.222435236,0.403847635,25.86201668,12.8323431,12.71392155
7.77269268,-3.948961258,-8.556028366,-8.032598495,-21.18659019,1.540160537,-0.831321537,27.64096069,10.99009228,12.58218765
6.210095882,-5.147679806,-7.672003269,-11.4593029,-22.38096237,2.047325373,-1.06451416,29.48090363,10.63927746,12.85372162
9.19076252,-3.726257801,-9.444483757,-9.0667696,-22.06248093,2.416226149,-0.415335953,29.32826042,12.4685421,14.03502655
8.863761902,-3.030348301,-7.463430405,-12.58027744,-21.08158875,2.742287636,-1.077381968,30.36655998,13.36740208,14.04744148
9.202084541,-3.064047813,-9.748124123,-9.986497879,-22.73605919,1.245667815,0.649440706,30.13013268,13.15764713,15.08799171
7.723493576,-4.248673916,-7.672558308,-12.76227474,-23.55362701,2.861841917,-1.621470332,32.61788559,13.18012333,14.18668175
9.403653145,-4.399325371,-8.348513603,-12.15175343,-22.81398773,-0.686898828,0.924830139,31.54755592,13.65711784,16.5012188
8.648265839,-5.455147266,-9.843090057,-11.12456989,-26.93626213,0.577293754,-1.043453336,36.44239044,13.44666767,16.54874039
10.7473011,-4.851315022,-13.01466846,-8.025452614,-24.81126404,-1.834627271,1.552557111,33.58546066,14.69536877,17.05262184
12.19634533,-5.202242851,-10.87044334,-8.119270325,-26.83128548,0.230334148,0.906662405,33.00282669,15.4927187,16.61696053
11.77755451,-7.135827541,-13.6338644,-5.308829308,-27.44557571,-1.627857804,0.739824235,33.23495865,14.72285366,16.44380951
12.20316696,-4.663778782,-12.36207581,-9.537298203,-25.94415474,-0.474819303,1.175536275,33.80662918,15.37254429,17.7369175
12.63600636,-3.976007938,-12.43499374,-9.07267952,-26.69614029,1.836629272,0.660307825,34.49504089,16.78507614,17.71041679
13.91574478,-4.134926319,-14.02133369,-5.460575104,-28.63811684,-0.257266641,1.953175664,35.48854446,17.81216621,18.41095352
13.06176853,-5.899801731,-13.94824505,-4.713285446,-30.02545929,0.009968147,0.449091136,35.99336243,16.88951111,17.30939484
10.8153019,-5.481436729,-9.220279694,-14.4499321,-30.20639992,1.428356051,-0.541168034,40.068367,16.60584831,18.98813438
13.72511005,-4.328552723,-13.71234512,-9.47873497,-29.85643959,1.248190284,0.120123073,39.20281601,19.0373764,19.38968086
15.12758636,-2.846214294,-13.56638813,-8.676756859,-29.47507477,0.31370151,1.435099244,38.58872604,20.42450523,19.71571541
16.38700294,-2.634600401,-14.28509521,-4.851106644,-30.62235069,-0.138936177,1.070795655,38.786026,20.89682579,19.36248207
16.10604668,-1.917726755,-13.78476715,-7.779550552,-30.8292141,0.977065921,1.082002282,39.6296196,20.88482285,20.13945961
16.13092232,-4.952535152,-14.01407051,-7.209644318,-31.60231972,0.92914331,1.918442845,38.24607086,20.33588791,20.30875969
15.42945194,-5.098806381,-15.18934441,-6.976487637,-33.09344482,-0.339358926,1.244386792,42.26852417,20.04445648,21.03856468
15.20211601,-3.66771245,-12.9426775,-10.62206554,-32.44733429,1.22344625,1.091025472,41.4503212,20.49392319,20.94631004
18.88706017,-2.968504906,-18.20939445,-0.772293091,-32.51348495,-2.650235891,3.203983545,39.66911316,21.39935493,21.59928894
17.50956917,-3.222597837,-16.49521065,-6.94416666,-33.30741119,-0.549821496,2.504438639,42.83972931,21.8870697,22.70329475
18.26050949,-3.239114046,-16.18499947,-6.483468056,-33.00957108,-0.697285771,3.12384057,41.74172592,22.37706375,22.75069237
17.56443214,-4.425326824,-16.22335052,-12.45899677,-33.95964813,1.897236228,2.601767302,44.14767456,22.57489014,24.40121269
18.53084183,-4.066586494,-16.90204811,-11.17613506,-34.2498703,0.643303275,3.997440577,43.61024475,23.19244957,25.30217552
17.27909279,-6.442970753,-18.29872322,-7.093684196,-36.07805634,-1.261024117,2.133404493,44.83549881,21.5635643,23.57026863
20.36651802,-2.660131931,-16.95604706,-1.591585636,-36.7434845,0.200466499,2.639741659,44.1816864,25.09852791,23.02895927
19.59846497,-0.676859856,-14.44234085,-10.50043964,-32.88479614,4.856126308,1.612208009,43.46128082,25.91247749,23.23880959
17.14610863,-7.977449894,-17.48906898,-7.013149738,-38.42446899,-3.722505331,2.02355504,48.63478088,21.09637833,24.65816689
18.80478477,-8.29582119,-19.64996719,-2.0562644,-39.98271942,-4.757639408,2.715775251,48.51126862,22.00813675,24.75672722
21.80373955,-6.100575447,-20.50601959,-4.292644024,-38.78600311,-2.221949339,3.604780912,47.08609009,26.02789307,25.92129707
21.6693821,-5.983554363,-19.98543549,-7.326758862,-39.52767944,-0.638433099,3.662379503,48.27874756,26.26291656,26.83001137
19.90387535,-6.124729633,-15.9509201,-13.57317829,-38.85774612,0.91098249,2.287113428,48.91859055,26.21554756,26.15911293
20.92415237,-6.243528843,-21.02394104,-6.086803913,-39.57354355,-3.829821348,4.115338326,49.18209076,25.07331657,26.92448616
20.9447422,-7.342508793,-21.73562813,-4.179203987,-41.7164917,-4.794276714,3.411129236,51.87972641,25.08720779,27.66765404
20.59947205,-6.337557316,-19.21660805,-9.803177834,-40.83405304,-2.383326292,3.584489107,51.378479,25.39836884,28.1619339
22.08076859,-4.641448975,-20.61944199,-8.128746033,-41.82944107,0.634374976,3.354988337,52.02505875,27.37894249,28.3414135
24.30478668,-2.295738697,-22.01435471,-4.998458862,-40.47461319,0.211201057,4.252249718,50.08039856,29.32873535,28.17372322
21.49461746,-5.642651081,-21.80469704,-9.207055092,-44.12073135,-1.709632516,3.690830946,55.21601868,27.06533623,29.84981155
24.53701973,-5.515741348,-22.52108955,-4.447395325,-42.76611328,-3.055311918,5.356041908,51.10280609,29.22229767,28.76638603
26.80836678,-5.006863594,-25.68531609,-1.614803314,-43.66797256,-2.871105909,6.223593712,52.20943069,30.59294128,30.30644417
26.0643959,-6.467480183,-24.88080025,1.070355415,-45.95659637,-4.046376705,5.503158092,52.50880814,30.11665344,29.75878334
25.69279289,-6.979354382,-25.49099922,1.30945015,-45.18509293,-6.041721821,5.926515102,52.98833466,28.8756752,29.78848267
24.51533318,-7.887032986,-24.7019825,-2.936456203,-46.00139236,-4.855313778,4.485039234,56.24753571,28.68924141,30.61765099
24.35399246,-7.798997402,-21.55442619,-3.941643,-46.66079712,-1.421864152,3.844046831,53.42156219,29.69638443,28.44001007
26.77145767,-6.622718811,-25.6038723,-1.639272928,-46.99695587,-3.834990263,5.443428516,55.22444153,31.14311981,31.15749931
26.2966423,-6.400976658,-25.62576485,-4.222689629,-46.81298447,-5.334672451,5.122057915,58.41863251,31.11607742,32.55569458
26.95381355,-6.827249527,-26.36722374,-3.879388571,-48.01203918,-3.529590368,5.220630169,58.19890594,31.82580948,32.69350815
27.15841866,-6.934895039,-27.04091644,-4.871299744,-49.15164948,-2.619705915,5.991330624,58.68010712,31.74557304,33.80433273
27.006464,-7.970800877,-26.56056404,-5.073699474,-49.52436066,-3.750255346,5.882554054,58.88513184,31.64071655,33.64770508
28.32853699,-7.777824402,-27.8670826,-0.414832592,-50.122715,-5.31535387,6.36606884,58.53242874,32.2139473,33.35758972
29.74748611,-7.541931629,-29.11994743,2.074649811,-48.58068848,-6.384484768,7.128701687,56.08649445,33.25513077,33.11722946
28.91654778,-7.463917732,-26.20474052,-0.680357456,-52.26471329,-3.410003424,5.397927284,60.31070328,33.87313461,32.9099884
29.06325722,-6.904380798,-25.73950958,-7.122495651,-51.48774719,-1.656759858,6.351064205,61.0865593,34.55064774,35.2409668
32.31428528,-5.004864216,-30.32484055,0.720211983,-51.08003616,-5.428007603,8.078051567,60.26504898,36.08368301,36.0773735
32.6096611,-5.874685764,-29.93021393,2.056200981,-51.74098206,-5.092110157,7.220549583,60.41272736,36.5157547,35.0581131
30.83836746,-6.192751408,-29.68470192,-2.710229635,-52.01318359,-5.391586781,6.329508781,64.27018738,35.77299118,36.6101799
31.75109291,-7.392747879,-29.42404938,1.958655357,-55.47828674,-6.722779751,6.53370285,64.96595764,36.59634781,36.01135635
33.62145996,-7.319787979,-31.10444832,3.948256016,-54.62891388,-5.700298786,8.270715714,61.12929535,38.01536942,35.53113174
32.65720367,-7.528375149,-29.46977997,-1.30755949,-56.18196869,-4.487863064,7.430023193,65.26761627,37.78831863,37.40057755
31.92683983,-5.290476322,-30.76614571,0.408345699,-55.16957092,-4.950664043,7.202815056,65.27073669,36.63747406,37.37040329
33.02917862,-5.806999683,-30.69118309,0.141704559,-54.4552803,-4.230566502,7.279226303,64.12837982,37.97934341,37.1276741
35.65365601,-4.179647923,-33.6286087,6.949245453,-54.23285675,-7.385927677,9.017728806,62.61701202,38.59109116,37.48122025
33.09775543,-5.578401566,-29.42065048,-2.033348799,-54.63954163,-6.304475307,7.977413177,64.98249054,37.83308792,38.1798439
32.99227905,-5.657094479,-28.52896118,-4.878271103,-56.90602112,-4.139891148,7.52532959,68.07542419,38.7260704,39.33855057
35.86328125,-5.050506115,-32.60615921,2.043230534,-56.34256744,-6.162051678,8.711483955,66.58372498,39.81129074,39.40498734
34.57555008,-7.705463409,-33.36858368,4.096141338,-58.76284027,-7.448629856,8.594430923,66.90400696,39.0290184,39.27123642
35.33633423,-7.962170124,-31.10286331,1.315425873,-59.32775116,-7.181697369,9.493579865,67.09771729,39.90041733,39.7494278
34.46281052,-8.573214531,-35.1339798,2.928077221,-59.82745743,-10.55630112,8.375461578,71.92459106,38.23584366,41.17065048
34.30569458,-9.158973694,-32.85618591,-0.93230629,-60.55010986,-7.986170292,8.465295792,71.62506866,39.48274612,40.82411957
35.75971222,-7.268247604,-34.3886528,-1.846042633,-59.46395874,-6.190583706,8.831045151,70.91181183,40.76102448,42.15694809
37.81028748,-7.659553051,-34.1242218,1.805495739,-62.18748474,-4.417396069,9.269585609,69.68534088,42.9026947,40.99678421
35.22397995,-7.820823193,-33.57120132,-4.432099819,-62.07220078,-5.318493366,7.673653603,75.72702789,41.3672905,43.06156158
38.16946411,-8.150586128,-36.57704163,5.277441025,-62.37503433,-10.24684048,10.40669346,72.47913361,41.76832962,43.02093887
36.30097198,-8.923480034,-35.39345169,-1.331516743,-63.27120972,-8.493475914,8.428933144,76.90823364,41.37220383,44.11709213
38.72217178,-9.559563637,-39.37669754,7.336320877,-63.81412125,-11.28591061,9.165211678,75.25068665,42.16158676,43.20486832
36.69326019,-4.34567976,-31.66680717,-6.708132267,-63.77428436,-3.509237051,8.349925041,78.15797424,43.90903854,45.18439484
39.95621109,-6.33649826,-35.78846359,4.512537956,-64.758255,-5.609520435,9.12542057,74.6139679,45.26977921,43.1149292
39.67841721,-3.138655663,-33.80678558,-7.079877853,-62.17765808,-1.062309861,9.076462746,77.11010742,46.86346817,46.17017746
41.55425262,-5.598050594,-38.30013657,6.852152824,-64.99581909,-6.123577595,9.779753685,75.02921295,46.38697433,44.01401901
40.28384018,-8.475419044,-38.78676605,3.944825649,-66.55711365,-8.510264397,10.08827686,76.73225403,44.61268234,45.10645676
40.38053131,-7.974356651,-38.65994263,0.873196602,-66.48486328,-8.247225761,11.04574776,77.77574921,45.52848816,46.87072372
36.99625778,-9.379979134,-35.47660828,-3.539432526,-67.73657227,-8.358215332,8.852716446,80.73464203,43.59854507,46.22203445
40.9352951,-8.195492744,-38.66491699,4.254184723,-67.94719696,-8.151415825,10.02701473,78.041008,46.02072144,45.62108994
42.17723465,-8.782923698,-40.55445862,6.156722069,-68.77111053,-8.993144035,10.70611763,78.61186218,46.63823318,46.47584915
39.54904175,-8.430025101,-38.33493042,-0.99464035,-70.67321014,-7.18805933,9.213962555,84.4929657,45.75037003,48.25777054
44.37066269,-6.856616974,-41.05191803,2.26568079,-67.96408081,-7.591784,11.02107334,80.30692291,49.84810257,48.54010391
46.79174423,-5.291815281,-41.42020035,8.209139824,-68.67682648,-8.24424839,13.18879032,76.95253754,51.61109161,48.15529251
44.88634109,-6.763709545,-38.00006485,-1.488330841,-70.48908234,-3.31048274,10.75133324,80.60990906,51.64536667,48.34778214
46.45684052,-6.590413094,-40.96578217,3.181381702,-70.86843109,-6.601192951,11.74423504,81.69687653,52.22293472,49.5985527
45.05779266,-8.71258831,-42.05561447,7.180077553,-71.02022552,-10.28506565,11.49828911,82.36083221,49.33655548,48.90436554
45.13433838,-8.142764091,-42.14216995,4.865809441,-71.02959442,-8.666735649,12.00396538,81.75940704,49.85725021,49.55128098
44.24229431,-8.93159771,-42.75298309,5.902202606,-71.91635132,-11.0871172,10.8384161,85.23933411,49.22227859,49.79792023
43.73754883,-8.40500164,-42.04493713,5.904788971,-72.91316223,-11.59300137,12.13426781,84.46095276,48.68077469,50.23760605
40.78525162,-11.25189304,-40.18974304,0.820454597,-74.2688446,-10.68352795,9.433311462,87.77484894,47.05690765,49.53419113
44.72763062,-8.540423393,-40.89935684,3.046783924,-73.50354767,-9.435242653,11.96650791,85.07459259,50.15532303,50.68490219
48.88817596,-5.987837315,-41.10931396,4.889108181,-73.19686127,-6.313286304,12.51802444,81.50059509,54.55934525,49.72704315
47.71443939,-7.760399342,-45.06632233,5.787752151,-74.43901825,-9.298888206,11.87026215,87.34967804,53.12894821,52.10240173
46.6925087,-7.187449932,-44.68319321,2.189591885,-73.54067993,-9.223200798,12.21888065,88.06565857,52.98924637,52.92147446
47.11883926,-7.416282654,-42.33901978,1.660188198,-75.07853699,-7.513416767,11.29844761,88.65372467,53.75321579,52.34823227
49.89050293,-6.567611217,-44.73955536,7.294718266,-76.93022156,-8.4827528,13.94379234,86.65737152,55.4663887,53.29710007
49.27445984,-8.118626595,-44.42759705,7.707896233,-76.61201477,-8.574757576,12.31512928,86.72980499,55.16191483,51.41877365
49.40932846,-12.44555569,-47.58462524,5.603746891,-74.96691132,-12.88205814,14.15593147,85.32067108,52.828022,53.43182755
44.91582489,-14.0368309,-45.71184921,-0.634997368,-78.21759033,-13.33836079,12.06725788,92.55562592,49.89758682,54.825737
50.7980957,-11.59187222,-49.75131989,6.549172878,-77.63952637,-12.68427944,14.85551929,89.04178619,53.8217659,55.75317764
49.02954102,-8.715965271,-47.82262802,7.516973495,-79.72775269,-10.61809063,12.43053341,93.38735962,54.13380814,54.98429489
47.74277115,-7.257246494,-43.87047577,2.727975368,-79.47531128,-10.22762012,12.77873039,94.14420319,54.31751633,55.72120285
48.99758148,-10.09418106,-46.30836487,7.893126488,-80.75694275,-12.6908102,13.11824989,92.21802521,54.0547905,54.7087059
50.52244186,-10.39746189,-47.1103363,9.353957176,-81.42079163,-12.76179409,13.39027214,92.989151,55.66530609,54.83869553
50.30200958,-10.5868597,-47.33070374,7.026016235,-81.13381195,-13.16862011,13.18967819,94.66720581,55.65168381,55.81095505
51.56383896,-10.57954979,-49.45361328,10.86402416,-82.33694458,-12.41876888,14.00414562,92.66044617,56.08833313,55.71391296
49.20738602,-10.39964771,-47.94909286,4.277399063,-81.62142944,-11.85372066,12.69828796,96.01799011,55.19904327,56.81666565
53.33297729,-8.971043587,-48.58837891,10.48100471,-83.64438629,-11.61122227,13.85794449,94.31014252,58.67577744,56.2266922
52.67768097,-10.40193081,-48.33315277,7.452857971,-84.83403015,-10.94229984,13.46686459,96.64047241,58.45371246,57.18219376
55.1182518,-9.768437386,-51.62270355,10.64783096,-82.96353912,-12.89112377,15.81020355,93.56793976,59.35847092,58.27795792
51.4380722,-11.38810062,-51.93704987,9.820253372,-84.36690521,-16.02775002,13.26439476,100.1183395,56.1211319,58.60303879
51.74703217,-11.34099483,-53.11009979,10.39576912,-84.15198517,-16.11138916,13.67092514,99.27947235,56.45633316,58.80867767
53.87888336,-10.50304794,-52.59526062,11.84138775,-86.04236603,-13.97112179,14.71975422,98.62944794,58.3397522,59.18433762
55.4017334,-13.79514122,-54.83130646,12.49327469,-86.55508423,-16.03598976,16.17875671,96.39431,58.32038498,59.45423508
56.68870926,-12.63332748,-54.30939484,8.791918755,-87.27757263,-14.1326704,16.26503372,99.77060699,60.17712784,61.60570526
55.70176697,-13.55630875,-53.89004898,8.717904091,-88.20956421,-15.24403667,15.97211361,100.4288483,59.68479538,61.53754425
56.66483307,-11.49949074,-55.13584137,10.72652721,-88.77339935,-14.82724476,15.94301128,101.6907806,60.74738312,61.97886658
-5.412547588,-1.391157985,3.589156151,-18.35245514,-1.728608727,3.637172937,-4.492408752,11.01925659,-1.528705359,2.679255962
-3.652029514,-0.689184666,3.530023575,-14.41712379,-2.414507866,5.183423996,-4.828861713,8.396708488,-0.249101922,0.529693723
-5.890582085,-2.177408218,6.523494244,-18.47113037,-3.994188547,4.764288425,-5.927800179,10.59264469,-1.121197104,0.404396147
-5.586699963,-0.591460109,5.778052807,-21.06516647,-3.893044233,6.268149853,-6.148279667,13.45652485,-0.272077382,2.13476181
-2.625274181,-2.448177338,0.722779274,-11.9891367,-6.215318203,2.973637104,-3.410585403,11.43992043,-0.009852873,2.872092724
-3.47389245,-1.536204338,1.001324892,-16.04338837,-5.858765125,3.820073843,-3.449026585,13.00665855,-0.633616507,4.268857956
-2.429169655,-0.284145951,2.847645998,-17.1157074,-6.016193867,4.985907555,-4.689835072,15.26446915,1.842889309,4.096412659
-2.692761898,-0.502497554,0.992948651,-13.81423855,-5.80234623,2.375285387,-4.790055752,15.72466564,0.814514875,3.892681599
-1.747721434,-1.460225224,0.348851025,-15.10988617,-6.751320362,6.1269207,-4.019565105,13.43119144,1.929627657,3.911219358
-3.821131706,-1.852535963,1.9938519,-19.04631042,-6.405237675,3.244724274,-5.609719276,18.43678284,1.122750282,4.958969593
-1.063472867,-2.909105539,1.342282772,-16.03745651,-8.712915421,3.72361064,-3.869655609,15.82966042,2.345405817,4.721018791
-1.436450839,-0.31188491,0.662703693,-16.8935318,-7.345858574,5.21052599,-4.694623947,17.18754578,2.610539675,5.011198044
0.788420677,-1.077701449,-1.776586294,-12.82622242,-9.342216492,3.693220139,-2.718664885,16.59400368,3.408548117,6.245640278
2.281953096,-1.874330163,2.547574759,-12.83609486,-10.4074564,6.804229736,-3.071650743,12.93779278,6.602405548,3.726336479
2.031731844,-2.035130262,-0.072651103,-12.46451855,-11.94558048,3.16379714,-3.151679277,18.69836426,6.038345337,6.4345541
1.889147758,-1.006413102,-1.048633933,-14.56476879,-11.89676476,4.507564068,-2.378112078,19.20646667,5.623644352,7.804419041
0.388405561,-1.579656601,1.123100281,-18.32606888,-10.96406364,4.150658131,-3.788674593,20.197258,5.303452492,7.165421486
1.360870242,-1.923369884,0.237299249,-21.94577408,-11.97815609,5.798098087,-2.58704114,21.86907768,7.224562645,9.752104759
3.06038928,-2.804659843,-1.889439702,-13.1643219,-15.52526665,3.486961603,-2.76581502,22.2672081,7.249876022,8.448765755
5.098670483,-1.758672714,-3.660980225,-12.3181963,-15.35628223,3.689186811,-1.394211411,21.41612244,8.605389595,9.621527672
4.44252491,-3.662287712,-6.813529491,-8.073776245,-16.22914124,1.107350707,-1.380700231,22.07159233,7.173404694,9.777301788
4.848859787,0.192970127,-4.061591148,-10.47858238,-14.02955532,3.383348227,-2.102280855,22.08123589,8.552117348,9.236818314
6.051026344,-1.495077968,-3.320866585,-11.65501118,-14.70670128,2.84763813,-1.385553002,21.00933075,10.02096462,9.444278717
-5.811026096,-1.856274366,4.20165205,-18.65677643,-3.422071218,7.737995148,-5.946840286,10.92265892,-1.504276514,1.051786542
-4.253043652,-1.488662124,4.494587898,-16.99008942,-4.109550476,7.631714821,-5.562232494,10.81633854,-0.15500091,1.05025208
-4.509759426,-0.686131239,4.907981873,-17.4785347,-4.456226349,8.273273468,-5.44833231,10.7154007,-0.055765554,1.115431905
-2.192917347,-1.510086775,2.754236937,-15.06366158,-4.259417534,7.900366306,-4.698302269,9.632439613,1.553927422,1.4084512
-2.193624973,-0.763269663,3.306185961,-16.49431229,-5.387732506,6.963822842,-4.12319088,11.52936649,2.166762829,2.484056234
-4.78526926,-3.688185215,6.046233177,-22.0600853,-5.866065979,6.544904709,-6.431401253,14.64986801,0.509283483,2.183868885
-1.872967005,-2.591284752,3.858290195,-17.09403992,-5.492947102,5.535977364,-3.290918827,10.62166882,1.952159047,2.935906887
-3.549112082,-4.233854294,1.655321717,-16.83817291,-7.396154404,5.02266407,-5.227755547,14.60425568,0.596993506,3.11474061
-1.682567596,-3.414129019,0.165135369,-16.06335831,-7.263746738,4.494493008,-4.039103031,14.39688396,1.88253057,4.356720924
-1.278398395,-2.191272736,3.572546959,-18.02676773,-6.988740444,6.556832314,-4.478991032,12.55634403,2.965995789,2.77777338
-2.223630428,-3.894246578,1.402839184,-20.30406189,-9.343489647,5.513086319,-4.658673286,18.57935333,2.396760464,5.946978092
0.503287494,-3.024023056,-1.053243399,-12.53896427,-9.303767204,5.540284634,-3.418977261,14.36640167,3.952711821,4.557229519
0.573025048,-2.103845119,-0.686871707,-15.49428272,-10.14960384,6.360291004,-3.389602423,16.93706512,4.612812519,5.905237198
0.690258145,-2.005015612,-1.888539314,-15.06438446,-10.73441505,5.345378876,-3.268565416,18.82465363,4.850311279,7.060157776
2.216460943,-2.809795618,-1.658269644,-12.47079372,-11.07344818,3.603339434,-2.823425531,17.50469017,5.383750916,6.423883438
1.44092381,-3.620981455,0.619511664,-17.23589706,-11.59610844,7.322371006,-3.393049479,16.65087891,6.063090324,5.916315079
2.794756413,-2.742447853,-4.285844326,-12.03503513,-10.80255985,1.704091787,-1.563616514,18.23412132,5.72816515,8.373996735
1.895312309,-3.802244663,-3.204402447,-10.46731472,-13.2168417,2.241532087,-3.345940828,19.83570671,5.304476261,6.658748627
2.837101221,-2.888651371,-4.17111063,-9.619758606,-11.85717678,1.570716023,-2.213878393,17.5669117,5.705735207,6.927076817
3.407942772,-4.537484646,-3.397702694,-10.25844002,-13.94908333,2.909542322,-3.224444151,19.83555031,6.823446751,6.698805809
2.968455553,-2.724253178,-3.394145727,-18.51813889,-13.13852882,7.123034954,-2.360959053,20.83876038,7.829099655,9.37984848
3.926622868,-3.972256184,-3.75206995,-14.00648689,-15.02584553,4.798210144,-2.749591112,21.79806519,8.344819069,8.639508247
2.731939077,-3.392930269,-3.280341148,-17.61512375,-14.9255476,3.916211367,-1.655571222,22.69698715,7.889126301,10.50308514
2.257400513,-4.957005024,-4.547739029,-16.40797806,-17.20158386,3.739676237,-2.419200897,25.01254845,7.018955231,10.36533451
4.847082138,-1.678099513,-3.879934549,-11.72149944,-15.62155914,5.990163326,-2.45715642,22.07668877,9.337439537,8.913854599
3.00889492,-2.270178318,-5.006801605,-13.37627316,-16.14352226,3.300363779,-1.61781776,23.73117828,7.718740463,10.66167068
6.174010754,-1.67408216,-6.726231575,-9.888525009,-17.04002953,4.240315437,-1.206882119,23.67570686,10.10304928,10.84609222
7.090712547,-2.409075737,-6.629421234,-11.52782154,-18.14612961,4.358118057,-0.60369283,24.48094559,11.79424286,11.41139793
6.925492287,-1.238810539,-4.435504436,-14.82497215,-16.63750267,6.028506756,-1.993154526,25.12656021,11.9952383,11.38403511
4.076624393,-4.989193439,-5.266559601,-14.17789745,-19.77122307,1.425935149,-1.504846931,27.59611702,8.309366226,12.15293598
6.243819714,-6.459924221,-4.089307785,-13.8558321,-21.34727097,3.630012989,-1.140965939,26.21518135,10.19386482,11.59206295
7.673284531,-2.616011143,-6.649228573,-14.08703804,-19.17545509,5.48060894,-0.95000869,26.00878906,12.52980137,12.84209251
9.388495445,-2.870557785,-8.732363701,-8.026742935,-21.27699852,4.056678772,-0.82161361,27.12305069,13.35049057,12.62693024
9.80175209,-2.023370266,-6.780448437,-12.17212772,-20.05350304,5.441635132,-1.041979194,27.63254356,14.58434582,13.18898678
6.658530235,-3.367290258,-6.061083794,-15.37255573,-22.24016762,5.410374165,-2.563729763,30.81835938,12.7638216,13.21223831
9.422800064,-5.067177773,-8.802435875,-7.955751419,-22.96583176,-0.205463544,-0.386220992,28.43575287,13.15252018,13.24376297
11.61668301,-3.146636009,-9.765701294,-9.483158112,-22.84834099,2.765313387,0.169916317,29.52320862,15.45127392,14.87856197
9.077020645,-5.387185097,-10.46019745,-10.80605602,-24.056633,1.887821794,-1.059687257,31.58684921,13.60402393,14.58281136
10.53279781,-5.368528366,-8.431743622,-11.99468422,-24.76802063,2.464007139,0.222732231,30.37067032,14.65624714,14.9858923
12.13559628,-4.201927662,-11.42954254,-8.656487465,-25.48950386,-0.999980092,1.136212707,33.6800766,14.68707752,17.30374527
9.806846619,-6.34390831,-12.65414047,-11.24553967,-24.85186386,-2.616832972,0.267911613,35.98746872,13.30808353,17.97223473
9.030971527,-5.365193367,-9.81580162,-12.45380306,-28.4951973,-0.345780969,-1.053132176,39.10382462,13.58793449,17.67933083
8.826612473,-6.099076748,-9.796277046,-13.72045135,-29.39024925,0.628349662,-0.633147776,39.37450409,14.56841564,18.11943054
9.869670868,-5.97722578,-11.33618832,-11.25768757,-28.81131935,-0.609028935,-0.822677672,39.79713058,14.56742382,18.04569817
12.64585114,-5.335339069,-11.68895721,-12.34002972,-26.85734367,2.32760191,0.885966003,34.3789978,16.96439362,18.14514923
10.16575718,-6.436348915,-11.57458401,-14.27026558,-27.11333275,-1.098222852,-0.711975873,39.0629425,15.53540707,18.94818497
13.75680256,-4.88637495,-11.94185257,-10.78609562,-28.60259438,0.461965919,1.621102691,36.50800323,18.40635109,19.41226387
13.57095909,-6.846835613,-13.98590755,-8.119430542,-30.12240219,0.070645198,0.662755191,36.62593079,17.70989418,18.26888275
13.6685524,-5.556928158,-13.95833015,-9.562906265,-30.788311,-0.253351808,0.982641399,38.87094879,17.91013718,19.59177971
14.5005722,-4.077720165,-12.14797783,-13.69944859,-28.28338814,1.397459388,2.221777678,36.52980804,19.55992317,20.48725319
14.99258232,-5.055171967,-12.26795673,-12.7894001,-28.68453979,2.636087656,1.190095544,36.84004593,19.91556549,19.70158577
15.55082893,-2.733407736,-14.35317039,-10.32403278,-30.12754631,2.374379396,1.966414571,38.74211121,20.43301773,20.80386543
14.32599926,-3.277311563,-13.52600765,-11.6903038,-30.38675499,1.626304984,2.128464937,38.68731689,19.91591454,21.38012314
15.45193291,-3.538341045,-15.41059971,-8.966974258,-32.5766449,2.919177771,0.97982806,41.06374741,20.72484207,21.08793068
17.40053368,-3.741297722,-16.9855938,-7.292713165,-32.22305679,1.009438396,2.473163843,40.63413239,21.65977097,22.26911926
18.60220528,-1.707989454,-15.75070477,-8.554010391,-31.18493843,1.935481429,3.889560938,39.09569168,23.04673576,23.07982826
18.52913475,-3.784782648,-16.21807289,-6.749316692,-34.02819824,1.585563064,2.050680399,41.70735931,23.07315063,22.03679848
19.1852951,-5.805608273,-17.92807388,-6.839468002,-33.8314743,-2.342539549,3.450714827,41.43170166,22.36533737,23.30175209
18.98783493,-6.323591232,-18.76732445,-6.771045685,-35.67777634,-2.678113699,2.823332071,45.26847458,22.53837204,24.41683769
17.77724075,-5.642142773,-17.009161,-10.82629299,-34.50971985,-2.433590651,2.722532988,45.13128281,22.12749481,24.76745415
16.57986259,-5.495940685,-14.72187614,-15.84448338,-36.42183304,-0.303615689,1.170891881,49.02095795,22.64472198,25.23801994
19.34544945,-6.701800823,-18.4851017,-7.742586136,-37.54030228,-0.504288316,2.159877539,46.56810379,23.93537521,24.39333534
20.18709564,-6.335654736,-20.159338,-7.046638489,-36.1382637,-1.605874658,3.523672342,44.50188828,24.31239319,25.20469856
21.87098122,-5.175821781,-18.59157944,-4.191875935,-37.33643341,-1.452340722,4.904350281,42.97370911,25.76801109,24.89027786
19.10091972,-6.674575329,-17.83365631,-9.564242363,-39.18548965,-2.275439978,2.41067338,49.19971848,24.03647995,25.82861519
23.05978203,-5.592491627,-21.28808022,-4.591784477,-39.64363861,-0.479607224,4.267158985,47.14160919,27.00466156,26.69431686
21.75738525,-4.719143867,-20.04538536,-12.01756096,-38.33990097,1.182665229,3.498543978,49.70254517,27.01917267,28.2238884
22.20948601,-5.647525311,-21.2017765,-8.4314394,-39.79715347,0.028247222,4.082650661,47.7699585,27.46113968,27.47736549
18.20438004,-3.729126215,-17.11655617,-12.44279385,-39.49823761,1.714410663,1.5783149,51.12917709,25.48724365,26.48662758
24.25849915,-2.177312851,-20.03817177,-3.919494152,-40.09040451,0.46799314,4.123216629,48.77524567,29.17776489,27.24617386
23.93043709,-2.337417841,-20.3876152,-3.129384518,-39.24427032,-0.886056542,5.114837646,46.80158234,28.89139938,27.13930321
23.76622772,-3.119494677,-19.58656693,-8.043341637,-40.47351837,1.822549224,4.356311798,48.60736084,29.73597145,28.06675911
23.52866554,-1.926012993,-19.74400711,-11.28195381,-40.01684189,2.479306459,4.406762123,50.56781006,30.36005592,29.3151226
21.22743034,-9.351815224,-20.00017738,-10.1736002,-43.80078125,-2.892920256,3.490301847,53.28458405,26.2873764,28.73010826
22.91921043,-9.736182213,-20.72888374,-8.324629784,-44.59714508,-3.656333685,3.89135766,53.92917252,27.46928787,29.14357185
24.93984985,-7.624604702,-24.92435265,-4.338083267,-44.86034775,-5.670835018,5.144825459,55.07673645,28.7696209,30.92497444
24.36693382,-8.303545952,-25.4254303,-5.549765587,-45.67491913,-4.861323833,4.384347916,57.24607849,28.60837555,31.47824669
23.84366226,-8.277170181,-24.64032364,-9.342785835,-43.7897377,-4.852025509,4.827028751,56.18042755,28.5426178,32.15920639
24.43209457,-8.332083702,-25.60547829,-6.872875214,-45.36124039,-4.585252285,4.504602909,56.68951416,29.13051033,31.66487694
27.74352455,-7.111537933,-26.40017509,-4.367211342,-46.10650253,-4.858714581,5.807391644,56.37544632,32.06163788,32.36297607
29.51409531,-6.168345451,-26.60253334,-1.710869074,-47.97404861,-4.470157146,7.504470348,55.72511292,33.44094467,33.26620102
24.95971298,-6.409507275,-24.08562851,-15.17273712,-49.76312637,-1.070422769,4.445794582,64.46233368,31.66484642,35.72369385
27.1256485,-4.408041477,-24.62841225,-3.954092741,-47.05985641,-1.734710336,5.095098495,56.85559845,33.00808334,31.942976
29.35926437,-3.585896492,-27.21658707,-2.262592316,-48.27901459,-0.724268556,6.182546616,57.65565109,34.46100998,33.48869705
30.5282383,-2.424022198,-27.10588646,-1.091806412,-48.31910706,-1.503424287,6.801900864,57.73215485,35.47635269,34.04496002
28.81453514,-8.955183029,-29.12585449,1.435563087,-49.71397018,-9.834867477,7.378540993,58.79806519,30.75281143,34.00302505
29.09427071,-11.315732,-30.91607857,4.136397362,-51.26109695,-9.152159691,7.18326664,58.16306305,31.01236153,33.35573959
27.720541,-10.10162067,-28.26765251,-0.868524551,-52.33890533,-9.743679047,7.192750454,62.84733582,31.15077782,35.46711349
30.6734314,-8.876358986,-31.6940937,1.373522758,-52.21757889,-6.555826664,7.355502129,60.77358246,33.75849915,35.44170761
30.525177,-8.926606178,-31.81043625,1.297489643,-51.43130875,-9.522771835,7.753058434,61.86130905,33.76686478,36.36433029
30.99100685,-7.917307377,-31.41532516,0.948851109,-52.84965515,-8.566155434,7.865784645,63.22598267,34.51789474,36.9644928
33.16856003,-7.439781666,-32.03183746,2.99135685,-52.23225403,-7.507398129,9.501079559,59.40893173,36.00985336,36.64012527
34.20252228,-6.37348175,-32.19987869,-1.137278557,-53.11606979,-4.948029995,9.438464165,61.63085175,38.10474777,38.47380447
36.98933029,-6.215333939,-34.70549393,4.649044037,-51.92907333,-6.735209942,10.53117371,57.92417145,39.0790596,37.50312805
33.83371735,-6.774377346,-33.07965088,-0.785890579,-53.83049393,-5.561478138,8.959240913,62.79724121,38.50205994,38.38002396
35.59126282,-4.425904751,-31.73860741,2.238573551,-55.30130005,-4.243873119,8.536126137,63.87302017,40.45238876,37.80894852
34.87036514,-5.545158863,-31.58236694,2.001813889,-54.96537018,-5.194694996,7.984098434,63.60728836,39.58450699,37.35672379
35.76030731,-4.612363815,-32.61838531,3.750926018,-56.31947327,-5.909434795,9.365921021,65.06689453,40.11074829,39.05047989
30.28775406,-10.14621353,-33.02429199,-1.737005949,-56.4628067,-11.0081749,7.79925251,69.78055573,33.21665955,40.0199852
35.7052803,-6.696286678,-32.76972961,1.231010914,-56.01515198,-7.90940237,8.579930305,65.93895721,39.62990189,38.99610519
33.16817093,-9.012106895,-33.87561798,-3.706894636,-58.18334579,-7.424354076,6.848052979,72.56354523,38.38267136,41.0308342
35.92398834,-8.659939766,-33.07228851,-1.433058739,-59.25242233,-4.709162235,7.985873222,68.68595123,40.95851517,39.92031479
37.52716446,-7.672260284,-36.23703003,0.51853323,-58.71300888,-5.817260265,9.574576378,69.12877655,41.71297836,41.51845551
38.27082443,-8.759137154,-36.43365479,3.781328678,-59.98315811,-6.514222622,9.41105938,67.69545746,42.04849625,40.54251862
37.01100159,-8.594052315,-34.77867508,-0.866411209,-60.71884537,-6.208034992,9.169596672,70.39504242,41.66627884,41.94367599
34.81508255,-10.10676289,-34.09820938,-2.748070478,-60.85749054,-7.037740231,8.984839439,70.49274445,39.97689056,41.68101501
36.12474823,-10.34517193,-36.37828827,1.182200432,-62.02373886,-9.364770889,9.064537048,73.14698029,40.28692627,42.6258049
38.05541992,-9.38414669,-34.82263184,2.727214813,-61.44729233,-7.857086658,10.36015511,68.36463928,42.00822449,41.21417618
37.01665497,-10.92212582,-38.07903671,4.067797184,-63.09595871,-11.14781475,10.1874733,73.25399017,40.47423553,42.95978928
38.93088913,-11.02862644,-39.35176086,8.04583168,-63.50157928,-12.12543774,10.30101585,72.47518158,41.27119446,42.83221817
38.38985062,-10.65739536,-40.18411255,7.251232624,-63.81671143,-11.51878071,10.52408791,72.85237122,41.30949402,43.16791153
38.18196869,-9.631546974,-35.06039429,0.838577271,-63.15867615,-10.10543537,10.87217045,73.47953033,42.1137886,44.24794006
41.49255753,-7.775912762,-37.03561401,3.248207569,-64.45976257,-7.627872944,11.57277966,72.65881348,45.83359146,44.63167191
39.16879654,-9.643727303,-38.77213669,0.659842968,-64.71929932,-8.450808525,8.963517189,77.47583008,44.11653519,44.97825241
40.63590622,-9.042016029,-37.05207443,-2.744262218,-64.86456299,-6.265074253,10.65907001,75.13411713,46.0996933,45.9242897
40.48409653,-9.214655876,-39.73477936,3.595781803,-65.77341461,-8.547224998,9.541453362,75.98766327,45.09241104,44.44549942
40.78648376,-10.47411728,-39.53964233,3.83759737,-67.04291534,-8.942570686,10.55770683,75.23294067,45.31648636,45.01706696
42.10233307,-5.716677189,-36.23716736,-2.300806999,-65.30309296,-4.546720982,10.19544697,77.72301483,48.14115524,46.74336243
38.08747864,-8.576001167,-33.73977661,-6.170393944,-68.03167725,-5.881183147,8.857694626,81.02609253,46.04927444,46.07014465
39.88557434,-9.615214348,-38.00478363,0.720445633,-68.70102692,-8.042752266,9.482834816,79.51734161,45.78050995,46.08892441
42.396698,-8.633239746,-40.55101395,5.172723293,-69.08359528,-7.680202961,10.63416481,78.03650665,47.42090988,46.32056427
43.75347137,-10.5544939,-42.48205566,4.242473125,-69.89297485,-8.858899117,11.35064793,79.49351501,47.90419388,47.72570801
45.76597595,-7.157473564,-43.89847946,3.590713501,-67.51700592,-8.827973366,13.41728973,77.11586761,49.22747421,49.44965363
43.58394241,-7.683597088,-39.37217331,-3.039738655,-68.58491516,-6.945063114,11.24555588,80.68888092,49.47980881,49.23604584
46.19287109,-8.273048401,-44.2224884,6.523278236,-70.35368347,-11.01794147,12.47200871,81.50682831,50.05012894,49.89690399
42.05818558,-9.512602806,-42.68999481,-0.82940197,-69.21990967,-12.36516666,11.82713699,85.04486847,46.9679985,51.74790955
40.57295609,-10.01640797,-41.18938446,-5.179516315,-70.3147583,-9.808596611,10.25514412,87.47209167,46.64951324,51.4463768
46.00067139,-9.212244987,-42.74597931,4.343551636,-72.77622986,-9.211356163,13.11680222,82.20964813,50.52582932,50.6334343
46.04706573,-10.93396854,-44.23852921,6.167061806,-74.28276062,-11.1244936,12.33987522,84.35531616,50.26658249,50.58581543
47.50623322,-10.04440212,-45.41289139,6.455217361,-72.80259705,-9.514100075,12.91705132,82.18619537,51.35586166,50.60257721
47.00174332,-10.63291836,-45.18193054,5.250491142,-74.95562744,-10.20424938,12.98089886,84.80245209,51.33391953,51.58815384
48.15897751,-7.235537052,-45.14564133,5.508144855,-72.48758698,-7.977396488,12.366992,84.48734283,52.71783066,51.40433884
48.94919205,-8.066469193,-46.00782394,7.801344872,-75.32370758,-8.920290947,13.15600395,85.68158722,53.32462692,52.3128891
47.39507294,-8.751858711,-45.92379761,7.438374043,-75.16306305,-11.02393818,13.03456402,85.71885681,52.34932327,52.12026978
46.1793251,-12.80728245,-43.5715065,9.440441132,-76.52024078,-14.48960972,12.93288136,85.49440002,50.29134369,50.43428421
46.90793991,-11.49538708,-42.5926857,6.636754036,-76.43144226,-12.59821224,13.77883911,85.10852051,51.02486801,51.63206482
43.93986893,-12.42483425,-45.14293671,1.797358513,-76.4125061,-13.61269665,11.70877934,91.60758209,48.60268402,53.56941605
49.35814285,-10.74221134,-47.72419739,6.97243309,-77.49280548,-11.57462025,12.98692036,89.14479828,53.90993118,53.75395584
50.54108429,-10.93815613,-43.96808243,4.401183128,-78.65976715,-8.364525795,13.07493114,87.18865967,55.99069595,52.71416855
51.49263,-11.01016617,-48.11998367,9.302016258,-79.787323,-11.09513378,13.91846657,88.67301178,55.79118729,53.99087906
49.70885849,-9.534604073,-49.18513107,4.273683548,-77.69059753,-14.27980137,13.92375374,93.41039276,54.72570419,57.70499802
52.09092331,-10.26427555,-47.50667572,5.569126129,-80.46078491,-9.359110832,13.8195219,90.4163208,57.44927597,55.2236824
53.61856079,-10.69425201,-50.98453903,12.12747097,-81.01501465,-11.85056019,14.7542057,89.41191101,57.54285049,55.12059784
49.4787178,-6.934136868,-43.61480713,3.999106884,-81.09385681,-7.375315189,11.48523903,93.82718658,57.41685867,54.42662811
52.12358475,-5.174388409,-46.0759201,7.607070923,-80.6781311,-8.55085659,14.26712799,91.67617035,59.09039688,55.93635178
52.94458771,-7.330875874,-47.58945847,11.82939529,-81.92100525,-10.03605747,13.40224075,91.97969818,58.88816452,54.79359055
53.71552277,-6.19122839,-47.95378113,9.927013397,-82.85363007,-8.318911552,13.68935299,94.00546265,59.9971199,56.34411621
53.46440506,-12.21576405,-52.45159912,10.30298615,-83.45504761,-12.94425297,14.78115654,92.79097748,57.71162033,56.86730957
53.53492355,-11.43982983,-51.86571884,8.174780846,-84.17069244,-13.2907114,14.97106457,95.02863312,57.94275284,58.21337128
54.34301376,-11.34915352,-52.81472778,12.19975281,-84.65795135,-15.70258045,16.18906021,94.69599152,58.34122086,58.58247757
54.39479065,-11.25541782,-52.93720627,9.838629723,-84.48146057,-15.14856625,16.34918594,95.48728943,58.60296249,59.50992203
54.3853035,-4.347670078,-48.12188339,8.521032333,-84.18684387,-9.778698921,15.29359341,97.22368622,61.19303513,59.47787094
55.47714996,-3.928925037,-48.94286346,9.416601181,-83.76792908,-9.499367714,15.45206547,96.6032486,62.21388626,59.41685867
55.25910568,-5.112876415,-50.06409073,11.37119865,-85.37796783,-9.629309654,14.24924374,97.98041534,61.80158997,58.37498474
56.94600677,-9.452364922,-53.5739975,9.809811592,-86.40553284,-14.5326376,16.21235657,99.19930267,61.39575577,61.35913467
56.70089722,-10.87330532,-52.6973381,8.010971069,-88.81243896,-11.53995037,15.62480736,99.92462921,62.21203613,60.97508621
58.19523239,-11.63301659,-54.35222626,12.10354424,-88.44628143,-12.32751179,16.12531662,97.38002777,62.76945496,60.05302811
57.60356522,-12.44221401,-52.37112427,10.61082458,-89.54871368,-12.04053402,15.51645756,98.46354675,62.56939316,59.67347336