3.431670904,6.121073246,10.4611721,7.577756882,1.357662559,-6.700915337,0.618386686,-2.453722954,-10.78578949,-8.012709618
4.661609173,3.660248041,9.191737175,6.862347603,1.982051611,-6.187172413,0.815394342,-2.484708071,-9.792052269,-7.740853786
6.373095512,4.305346489,7.599842548,6.430959225,2.956805468,-5.0055089,-0.73943758,-1.299752831,-13.13426304,-8.529696465
4.481153011,6.100670338,8.205547333,7.267766953,2.436371803,-5.122734547,-1.337811708,-2.640712976,-7.916898727,-8.641584396
5.021365166,8.51472187,11.68496037,8.671175957,1.655348182,-6.782157421,-0.958775997,-3.496633053,-11.33157253,-10.89272594
4.676548481,0.346538365,12.36384773,8.899705887,1.73044157,-8.066146851,6.314436913,-6.024760246,-3.263529778,-6.360197544
5.093675613,10.11173534,10.67434311,11.6652565,3.130728006,-6.960959435,-3.135690928,-4.530639172,-12.33316898,-12.1607132
6.044308186,3.66291976,12.22935009,9.716030121,3.46462822,-7.689395905,2.227636576,-5.274339199,-5.041197777,-9.451093674
9.034129143,7.149883747,9.341266632,8.325891495,5.220980644,-5.342786789,-1.833858848,-3.107702494,-10.58662891,-10.91589165
8.557877541,5.65713501,9.323648453,7.317341805,4.853759766,-5.502379894,-0.917422891,-3.574914932,-9.351784706,-10.92948914
9.002995491,3.429229736,9.687479019,8.741005898,5.599974632,-6.829325199,0.7712394,-4.044866085,-8.942878723,-9.657017708
10.87593555,4.023756504,8.168633461,7.287687302,7.14906311,-5.12417984,-1.503600597,-2.413116693,-9.52973938,-10.48959064
9.799465179,4.49419117,7.800180912,7.830443382,6.634788036,-4.66201067,-1.310380936,-3.926727533,-5.681434155,-10.27138901
12.41018772,3.034901857,8.865907669,11.36818218,8.156370163,-5.531763554,-1.422614098,-5.155126095,-11.08081245,-11.87681293
12.93316746,6.616769314,8.938415527,9.536973953,8.076936722,-4.67458725,-3.200581789,-3.73207593,-12.97527695,-13.27948189
11.5102644,6.546401978,8.546654701,9.797055244,7.576203346,-4.574485779,-3.138694286,-4.829471111,-9.632956505,-12.72366905
10.49587345,3.257356405,10.99145794,10.75934315,6.869066715,-6.580922127,1.32440877,-6.809669971,-3.276824474,-11.08853149
14.63717651,2.397763491,5.655668259,9.667273521,10.53264427,-3.635682344,-1.98653841,-4.09835577,-9.750730515,-10.38611507
15.65863132,6.012802124,7.422161579,11.44962978,10.51466465,-3.717708588,-4.04315567,-5.575433254,-11.18370533,-13.92215919
13.82096386,7.055412769,8.210445404,9.193584442,9.711961746,-4.317684174,-4.150183201,-4.631339073,-9.242114067,-14.40241241
2.38423872,2.518693924,7.562091827,7.169912338,0.914626837,-5.568860054,0.950974822,-1.644951105,-8.051782608,-4.915974617
1.436608911,5.87112093,8.705874443,7.427244663,0.651052713,-5.953048706,-0.339137733,-1.111523986,-8.839989662,-6.136260986
3.912991762,5.824627399,8.374575615,7.164634228,2.682983398,-6.373129368,-1.072238922,-0.320818126,-12.21581078,-6.97912693
3.774767637,5.82160759,11.37436104,11.10468006,2.351961136,-8.577618599,-1.040778875,-1.18127811,-13.94667244,-8.589179993
5.763714314,-1.366361976,10.67113113,8.240464211,3.891580582,-9.089115143,4.582007408,-2.248199463,-10.03299809,-5.266803265
4.616744995,0.894279182,11.42756653,10.04206181,3.290911913,-9.397368431,3.007101536,-2.796645164,-10.43347359,-6.717538834
3.208349705,3.573664904,10.03346443,10.53701973,2.754242182,-7.795478344,0.32884866,-2.065813541,-8.887569427,-6.778430462
5.494890213,3.475924015,9.647337914,9.577647209,4.16340971,-7.353829861,0.36727345,-1.937657952,-10.06115723,-7.209792137
7.031160355,9.469644547,14.25355434,12.40729237,2.511404991,-8.886644363,0.058657277,-4.549218655,-14.97471333,-11.3441143
8.228297234,5.451922894,10.87159443,10.17521763,4.405465126,-7.050387383,-0.213054314,-3.015280247,-12.11475849,-9.623538971
6.988386154,1.663525224,7.662919521,10.77777767,6.624638557,-6.416866302,-1.098845482,-2.522007704,-8.675512314,-7.9765625
7.410690308,4.049492836,9.74564743,11.36118793,5.548207283,-6.352217197,-0.652011633,-3.465374947,-9.693397522,-9.334522247
11.59308147,5.108800888,9.339647293,11.01848698,7.426021576,-6.159443855,-1.983413935,-2.489770889,-16.69103432,-10.90424061
7.313664436,-1.361987233,9.834988594,13.00509167,5.508619308,-7.373684406,3.139318228,-6.043092251,-5.053343296,-7.057965279
8.657857895,4.279452324,8.882558823,10.15231037,6.150605679,-5.476204395,-1.351706862,-3.749467611,-7.730995178,-9.932032585
11.49007416,7.667156696,9.836440086,10.69595814,6.800987244,-6.134570122,-1.777145624,-4.44133234,-12.52792549,-12.3913517
11.4898138,3.073163986,9.449700356,11.05857754,8.880491257,-6.550322056,-1.590084672,-3.268000126,-10.31242085,-11.21681023
12.81194973,4.722854614,11.04073811,12.59499645,9.022341728,-7.601227283,-2.014949322,-3.52803874,-13.6826582,-12.74436188
11.73451233,2.662975788,11.06765747,13.94659615,8.905965805,-7.827560425,-0.584251642,-5.686201572,-10.51071739,-12.18198013
13.63675594,3.414461851,10.1154108,10.06076813,9.774241447,-6.353735447,-1.063866377,-3.452160597,-10.95535088,-12.06650352
13.69627857,6.274338722,13.5571909,13.44074059,9.097545624,-8.306322098,-0.796554327,-6.009257793,-12.79234219,-14.74643612
13.96140957,7.671373367,12.14083958,12.58242321,8.065184593,-6.536439419,-2.269790649,-6.156540394,-11.83895111,-15.20060444
14.45573521,5.50515461,8.747441292,12.11174679,11.135252,-5.890122414,-4.025186539,-4.379384518,-13.14993763,-13.6857748
13.96709728,4.400528431,10.70906925,13.62059212,10.19743538,-6.774688721,-1.897238731,-5.453319073,-10.81743431,-13.5043745
15.69263935,6.129736423,9.10579586,11.63911629,11.68129158,-5.444326878,-4.821079731,-4.707087994,-13.69101334,-15.6600256
16.73530006,4.130154133,13.60229301,14.91448116,11.2414875,-8.849887848,-0.524978399,-6.883150578,-11.19561577,-15.58775711
15.68307781,7.899345398,9.390021324,14.82936096,12.09463692,-5.370275974,-5.574177742,-5.168047428,-12.44093418,-15.31266785
18.14822006,1.558830857,8.913178444,13.32335472,13.61155987,-5.471171856,-1.568444014,-5.86172533,-11.26138687,-13.36664104
18.21702766,3.087475061,8.939861298,13.42346096,13.68158531,-5.449017525,-3.382100582,-6.009718418,-11.11731625,-15.10800743
19.51656532,4.946276188,10.75103951,16.47846413,14.16258335,-6.887678623,-3.948135138,-6.534014225,-12.56121063,-16.81382561
19.74110603,4.580854416,9.978313446,16.04814148,15.05155087,-6.174673557,-4.18701601,-6.552154064,-11.65570831,-16.36473083
21.08883286,4.716373444,8.51074791,15.27017117,15.20762634,-5.023626804,-4.201553822,-6.86219883,-11.57902145,-16.3630352
18.66963005,0.439407289,12.36872959,16.21113968,14.59006119,-8.744911194,0.318038225,-8.882303238,-7.032447815,-15.36190891
20.64837265,1.830232024,13.89303684,15.82337093,14.27978325,-8.613183975,1.283728361,-9.818766594,-9.511501312,-16.96071625
22.12908745,5.158483505,10.44094181,12.12590694,15.61569881,-6.135164738,-2.540078402,-7.202606678,-11.0384779,-16.53610229
21.46186256,4.128266335,8.623323441,12.8594656,16.84856415,-5.346678257,-4.08586216,-5.686770916,-9.4578619,-16.47709656
22.32097054,6.028597832,8.668931007,12.96258068,17.47249222,-5.303639412,-5.426026821,-5.488818645,-10.73299408,-17.5761776
22.79631805,4.273452759,10.10927486,15.50409889,17.68127823,-6.448024273,-4.455459595,-7.022209644,-11.74110699,-18.6401577
24.02054787,5.467513084,10.5794239,16.636343,17.52908134,-5.896988392,-5.328825474,-7.651911259,-11.68621445,-19.70256805
23.12138557,3.162935972,8.23451519,16.54434967,18.08265114,-4.722104549,-4.236815929,-8.781702995,-8.461831093,-17.45324135
24.64863968,-0.1593128,7.233506203,15.85419178,19.71287537,-4.760140896,-3.805964708,-7.988696575,-7.406957626,-16.68546677
26.06464767,3.918709755,10.04080391,15.07991219,18.97403145,-5.00597477,-3.962279558,-8.878167152,-11.30648422,-19.54604721
25.86631966,8.533431053,10.04843235,18.13514519,18.43081474,-4.476167202,-6.239003181,-9.667803764,-13.37794876,-20.6846714
28.19222069,4.141591072,11.39348888,18.1847229,20.13392067,-6.347523212,-4.502641201,-8.943418503,-14.93778992,-21.19421387
27.74280739,0.171633884,10.45895576,18.06754303,20.30770874,-6.476565838,-1.521903276,-10.54488182,-10.74717236,-19.13815498
27.0233345,-0.473167479,12.48804569,18.6334343,19.92720985,-7.225712776,-0.221933618,-11.67893124,-7.112656116,-19.23474312
29.78480911,5.951403618,9.503991127,15.45976543,22.31625557,-4.58534956,-6.764202118,-8.493583679,-14.64834118,-22.61007309
27.67157555,3.370256901,10.83174038,17.49520683,21.64429855,-6.069016933,-4.134088993,-10.51796913,-8.067638397,-20.80190086
29.38389778,5.849406242,13.19258499,17.78271294,21.57217026,-7.215927601,-4.710362911,-10.34664822,-11.40883636,-23.93059349
30.74790955,3.836211205,11.93628597,15.34131718,23.03233528,-6.750489712,-3.558133364,-10.40681934,-8.639494896,-22.96358681
32.55677414,2.179844141,9.23081398,12.56587219,23.34489441,-4.606297016,-3.514050722,-8.770811081,-8.678155899,-21.12241745
33.20071793,5.751529694,6.923169613,15.98945045,24.25546646,-2.354457617,-8.304347038,-8.968886375,-12.92079544,-22.23821259
32.14033127,1.326147199,6.575325489,17.7850399,24.59155083,-2.873545408,-5.825606823,-10.44702053,-9.38218689,-20.54602623
32.19818497,4.345496178,9.412130356,20.67625046,24.25043678,-4.479400635,-7.067766666,-11.07234001,-11.77993774,-23.40775681
33.18728256,8.267473221,11.34213924,20.80357933,24.1115818,-4.685411453,-8.113921165,-12.09495926,-14.3973484,-26.19558525
33.40636826,8.935777664,9.845723152,18.29025459,23.73597717,-4.121404171,-7.374711037,-11.55201244,-12.28337479,-25.21961784
34.23428726,5.518572807,11.24141312,20.47361946,25.49748421,-5.710773945,-6.598188877,-11.85238171,-13.17638493,-25.50829697
36.33270645,1.95344317,8.871143341,16.6248455,26.69442368,-4.394800663,-4.105186462,-11.49230289,-10.40274429,-23.24018669
36.05347443,6.766952991,10.48575306,19.55577469,27.02907181,-4.773764133,-8.271040916,-10.71370888,-12.92014503,-26.60850906
34.5958786,7.527833462,10.09493732,18.52554131,26.54289246,-4.301046848,-8.385034561,-10.45991325,-9.153652191,-25.75831413
38.50484085,6.506890297,5.844127178,14.87095737,29.16461754,-1.799232364,-10.35726261,-8.665818214,-13.69170284,-25.52296638
34.42359543,1.938333631,8.547578812,17.29354477,26.59357071,-4.405132294,-3.99716258,-12.82500267,-4.101168156,-22.43654823
35.59395981,4.296243668,7.674686432,18.05416298,27.70006943,-3.559412241,-7.630310535,-11.1551218,-8.845258713,-24.41588593
35.158741,2.856069326,10.6664629,19.33380699,27.05208969,-5.51343298,-4.56986618,-13.49871826,-5.436507702,-24.59686279
36.99815369,3.13814044,10.47109604,21.59363556,28.83725929,-5.049340725,-7.164526463,-12.61604691,-8.112915993,-26.76805496
38.708004,1.950124383,7.78484869,20.06406593,30.90940285,-3.474065781,-7.977952003,-12.21757126,-8.752991676,-26.18561363
38.79503632,3.813998461,9.953157425,21.35296059,29.67635345,-4.31207037,-7.780631065,-12.35752106,-9.315649033,-27.38399887
39.87917709,5.630008221,9.075152397,21.31885719,30.88570595,-3.590335131,-9.562855721,-12.55104542,-11.88697147,-28.3237381
42.53789902,2.723379374,9.054249763,23.54922104,31.62488365,-3.411693335,-8.591189384,-13.24305248,-14.44097137,-27.58037186
42.73300552,5.121993542,9.305256844,22.93884659,31.30256462,-2.949743748,-9.035413742,-14.01129723,-14.44896889,-28.47132874
41.87047958,4.677446842,7.698541641,24.54521179,32.14357376,-2.446111917,-11.24993229,-13.1478796,-14.50097466,-28.51375198
42.65891647,1.559738278,11.20942879,21.76172447,32.63420868,-6.523013592,-6.469419479,-13.40893364,-10.62294865,-28.58424187
41.13349152,6.02347517,11.68439007,22.43417931,31.17423058,-5.343200207,-7.942567825,-14.09884548,-9.634540558,-29.43613625
41.31090164,6.518352509,10.91722012,22.54581642,30.65675735,-4.488101482,-8.525548935,-14.52328491,-9.39317894,-29.93414879
42.08283234,0.14175193,12.74898815,23.50214386,32.11929703,-6.515523911,-3.904525518,-16.54948997,-7.508153439,-28.42520714
43.52309799,3.234298944,10.54814816,21.89849663,32.90612793,-4.234736443,-7.196437836,-14.98331261,-10.7216444,-29.80548096
44.41008377,3.617577791,13.99859333,24.00413895,32.83537292,-6.911869526,-6.388806343,-15.84627724,-11.03475761,-31.67643547
43.62371063,0.575213611,10.2373333,21.07744026,33.01773453,-4.287305355,-4.497257233,-16.93385696,-4.593385696,-27.3780117
46.19003677,3.764817953,12.96459293,23.34041023,34.43017197,-5.891645432,-7.085641861,-15.84931183,-11.0816164,-31.76517105
48.67982101,4.860038757,14.0229845,23.81920433,35.21563339,-6.156311989,-7.225117683,-16.1029911,-16.07710838,-33.46007538
45.21131516,-0.290208638,12.38197994,23.99166298,34.4960289,-6.255187511,-4.194291115,-17.86943817,-4.679969788,-29.73838806
46.2584877,2.43590045,11.55791187,22.25869179,34.08227539,-4.933731556,-5.227010727,-17.15126801,-6.463747978,-30.21460152
46.76071548,1.355083585,12.27908134,23.11444855,35.28027344,-5.954417706,-5.562911987,-17.09308434,-6.923182487,-31.09183693
47.14177704,1.114009976,12.78783035,23.74310493,36.04922104,-6.129992962,-5.580259323,-17.36643028,-7.333172798,-31.69192123
51.36362839,8.857055664,11.76387978,26.97410965,37.83621979,-4.163541794,-13.55317593,-14.89828968,-17.73578072,-36.83127594
51.77190018,8.495140076,11.53961468,26.86450386,38.68768692,-3.675708771,-12.77386665,-16.74688339,-17.59393692,-36.94265747
49.85361862,10.98927307,13.7093935,25.0946064,36.91152573,-4.968561172,-12.31137371,-15.98822021,-12.35234833,-37.69036865
51.69769669,4.263121128,7.73624754,20.71713829,39.74810028,-2.585287333,-10.10730457,-15.54555893,-8.077132225,-33.30564117
50.75354767,7.605727673,11.4370718,22.99675941,38.59182739,-4.056310177,-11.14795113,-15.43659687,-9.519462585,-35.67429352
50.64509201,4.713859081,10.92693424,22.97535896,38.97281647,-4.19545126,-9.306210518,-16.25490189,-6.884414673,-33.81508636
51.97369766,6.529233932,9.259280205,22.57098389,40.47589493,-3.503095865,-11.78345108,-15.79344463,-9.334568024,-35.29019547
51.05946732,1.058392644,9.564743996,23.34565163,39.92416382,-3.728248358,-7.700894356,-17.71811676,-3.147730827,-32.39198303
52.32805252,4.576703548,11.31220818,20.95482826,40.51486588,-4.783901691,-8.547451019,-16.55469131,-3.750884056,-35.18962479
52.91599274,7.83569622,14.31770229,23.91453934,39.91746521,-6.261088848,-9.514195442,-17.54404259,-7.417351723,-38.32130432
55.14642715,2.207648516,13.01637936,21.23958206,43.17900848,-6.901087761,-7.910814285,-16.3635025,-5.936340332,-36.97221756
53.97774887,9.166658401,13.00918865,21.95973015,41.2926178,-4.936788082,-11.24384499,-16.52804756,-6.619689941,-38.63479996
54.25766373,7.901670933,10.22875786,21.33594704,41.79478836,-3.490735531,-11.48832893,-16.41578293,-4.920866966,-37.18870544
55.67137527,4.642645836,9.562561989,21.05213928,43.08001328,-3.862751484,-9.92384243,-16.82674026,-4.668639183,-36.33554077
57.48557663,6.647201061,8.813735008,24.90522194,43.74982452,-2.110106945,-12.80373287,-17.75282288,-8.867580414,-37.84985733
58.70458603,8.167886734,8.632711411,23.99289894,44.54602432,-1.385074615,-14.06660271,-17.40806961,-9.763134956,-39.01734161
58.98971939,4.327805042,8.209077835,23.7316494,45.61127853,-1.98913312,-12.24836826,-17.74115944,-7.457604408,-37.78276062
59.6103096,7.129730225,10.66580677,26.41514587,45.05998993,-2.793488264,-13.82859898,-18.13482475,-11.06912231,-40.53296661
59.49427795,7.965732098,12.73108387,25.41020012,45.46976089,-4.666735649,-13.18716335,-17.48073006,-10.10730171,-41.6609993
57.8434639,4.564416885,10.23024654,24.92286491,46.00666046,-3.737981081,-12.13171864,-17.59514046,-4.801510811,-38.75152206
59.89260864,13.53040314,10.69660854,24.2404232,45.94752502,-2.161620378,-17.71312523,-16.16230392,-11.53888226,-43.48262024
59.44121933,3.573065042,11.67421341,26.18505669,46.08449554,-4.28448534,-10.45743465,-19.95804596,-5.580119133,-39.67219925
60.99399185,4.309567928,11.68267345,27.25886154,47.2914505,-4.533285141,-11.92832661,-19.34405708,-9.678534508,-40.8623085
60.33477402,4.180491447,10.64047527,25.53606033,46.78388596,-3.436396599,-11.42373943,-19.934515,-4.293147087,-39.8694458
61.8487587,7.128428459,11.86999321,28.46570015,46.86465454,-3.513631582,-13.43897438,-19.75535202,-10.25708103,-42.55329895
63.89378357,9.624968529,12.93078327,29.07114029,47.84744263,-3.217391253,-14.42776203,-20.80073166,-12.34997749,-45.03527069
64.7405777,1.403158307,9.24402523,26.2711277,50.57782745,-2.367443085,-12.06662083,-19.61013603,-6.70473671,-40.80295944
65.12873077,8.243927002,8.09771347,25.59570122,50.13272095,-1.108342171,-16.13842201,-18.60359001,-8.575839996,-42.72821426
62.29624557,2.309523821,13.04677963,26.2204895,47.71361923,-4.912300587,-7.423204422,-23.04236794,-0.474764705,-40.2656517
63.34593582,3.441983461,14.5812521,27.6465168,48.1348114,-5.745400906,-8.432898521,-22.585289,-4.407460213,-42.11179733
66.23213196,9.227606773,13.97528172,27.48505592,50.24861526,-5.273717403,-14.9371748,-19.25597763,-13.99884415,-46.73532867
63.78926468,2.783831835,14.68236256,27.82452202,48.82668304,-6.003566742,-8.366596222,-23.53941917,-2.564840317,-42.85168839
64.32584381,3.981505632,12.1548996,26.55374336,49.84608078,-4.137060165,-10.97486401,-21.60373116,-3.233252525,-42.48666382
68.65142059,7.040771484,9.002727509,28.92673874,52.80432129,-0.965396106,-17.35299492,-19.81291008,-10.84544277,-45.55213928
69.84552002,4.796136856,6.645568371,26.2737999,54.27451706,0.064915694,-16.14987946,-19.45059204,-9.725784302,-43.32074738
69.35984802,9.264038086,9.270403862,29.77940941,52.57049561,-0.350094765,-18.31320763,-19.78985023,-12.72435284,-46.37765121
70.73078156,10.80333233,9.816344261,31.50259972,53.18127823,-0.277636737,-19.30498695,-20.64042664,-14.61275101,-47.81430817
70.64988708,4.038253784,5.904831886,31.3080349,54.31533813,1.142751694,-16.77612686,-21.64897537,-10.27619648,-43.88028717
72.47769165,8.136967659,8.713089943,31.82324028,55.49822235,-0.01849886,-19.40360832,-20.4627018,-14.37656403,-47.21227646
74.31793976,5.45290947,4.902732849,29.63646126,56.7841835,2.554633379,-19.27694893,-20.37369537,-13.93681812,-44.78643036
75.40283966,4.782401085,7.20223093,31.34964943,57.48587418,0.944477618,-18.38472366,-20.87004662,-15.55494881,-46.52233887
74.73389435,2.92871213,6.224354267,32.61271667,57.85586929,0.727379858,-18.08220482,-21.88754082,-11.6162653,-45.65725327
69.07324219,-0.53390485,15.35996342,32.43161011,53.83913422,-6.829407215,-8.023522377,-26.56343269,-0.930083156,-44.87932205
70.78925323,3.129739046,12.22518539,28.74533653,54.27861023,-3.907248735,-11.17982769,-24.44504356,-3.593429565,-45.76270294
72.64142609,4.87269783,11.54923153,28.57362938,55.90988159,-3.260111094,-14.02964306,-22.83182144,-6.773733139,-47.45946884
72.26408386,1.405060887,14.31122684,31.27184105,55.76745605,-5.782502651,-10.63380146,-25.101017,-4.917488098,-47.11022949
70.07791901,3.879968882,15.80237389,29.14214897,53.53528595,-5.456457615,-9.477778435,-25.75301743,-0.68107307,-46.77249908
73.43512726,3.735560656,14.39659405,28.86878777,55.14598465,-5.232608318,-10.40257168,-25.16835403,-5.009786606,-47.84009552
73.32332611,-2.599372625,17.73902512,32.91208649,55.01798248,-8.679679871,-5.026169777,-28.16503716,-4.287654877,-46.84864044
74.44173431,-0.521869481,13.92156696,29.90520668,57.44846344,-6.088973522,-9.403838158,-25.7304287,-4.011846542,-47.06014633
75.42798615,2.510020494,13.60882092,28.58321571,57.61951065,-4.885825157,-10.32467937,-25.77784157,-3.320707321,-48.30200195
73.55410767,0.483032405,14.75497723,31.1758461,57.43474579,-6.227849483,-9.585305214,-26.45110703,0.132422566,-47.37285614
75.88027191,2.591104746,17.09461212,31.63813782,57.88441849,-7.305744648,-10.04908276,-26.67443275,-4.722080231,-50.46252823
80.44600677,0.83636874,5.918809414,34.29267883,62.5536499,0.961005986,-17.92420006,-23.67925644,-10.32736492,-48.03010559
81.43740082,7.9578619,8.685571671,33.51580048,62.41707611,0.273583204,-21.39332199,-22.59284401,-13.76385117,-52.48130035
82.45153046,7.279640198,11.44755363,35.70204926,62.37807465,-0.954806983,-19.70218468,-24.67856407,-14.62649155,-53.97070313
82.13027191,7.109035492,7.34094429,37.26528168,63.62804413,1.24537158,-22.3827858,-24.64716148,-15.42966461,-52.81981659
83.74543762,10.00851536,5.634917259,34.85871124,63.52200317,3.568535566,-23.32906723,-24.00184059,-16.34404564,-52.63499832
85.32253265,8.703294754,9.017725945,38.10955811,64.0871582,0.555733025,-22.47080994,-24.71343231,-19.18843651,-54.85482025
78.55597687,3.997883081,14.61203861,30.99735069,61.08750534,-5.661074638,-12.83855343,-26.30229759,-0.579604983,-51.82317352
79.85669708,3.014715433,11.90301609,29.57968712,62.63299942,-3.517980337,-13.41325855,-26.2477684,-1.85891521,-50.61304855
80.55805969,4.308403969,14.04850674,30.806036,62.46685028,-4.735846996,-13.91703129,-26.31542587,-2.291017532,-53.17875671
81.14146423,4.820302963,14.86955929,30.87093544,61.55522919,-3.972289324,-13.48039913,-27.13421822,-2.373880386,-54.32563782
80.1709137,5.789032936,14.58395481,29.21429634,61.87260437,-3.971039534,-13.52483654,-27.33831215,1.116361737,-54.01729584
81.42124176,2.746743441,14.44569397,30.70214081,62.84212875,-4.631876469,-12.18929577,-27.85574532,1.028245091,-52.84531784
83.71512604,0.847829998,14.86274719,31.10491943,63.94161606,-5.653360844,-10.73738384,-29.02910995,-3.096094131,-53.49925613
81.50298309,1.086381078,18.44340134,33.66025925,63.10408783,-8.120345116,-9.789652824,-30.11182022,-0.002779841,-53.965065
83.89465332,2.997845888,16.27788544,33.22815323,64.37104797,-6.710464001,-12.58894444,-27.9752121,-5.285984993,-54.61047363
88.96078491,4.357863426,7.402779102,32.91271591,69.71604156,0.347774774,-20.76581383,-24.43525887,-8.412670135,-54.51796722
89.7975235,12.10205746,11.18772411,36.51875305,68.00405121,-0.462641448,-24.04462242,-24.42983627,-15.87810421,-59.25136185
89.29371643,10.88049507,11.49493885,37.22473907,68.33206177,-1.115027666,-22.71050072,-26.417202,-13.46574879,-59.09139633
90.77024078,7.950967789,8.586770058,33.1465416,69.68331146,1.248035192,-21.99508286,-24.91085243,-10.53062248,-56.72259521
91.46873474,5.890532494,8.565815926,34.30738068,70.12334442,0.794749081,-21.45545197,-26.17886925,-10.66484356,-57.19625854
91.33024597,4.191243172,5.653584957,32.53484726,70.58760071,2.616619349,-21.03013229,-25.71580124,-7.887807846,-54.41770172
90.19540405,6.859841347,7.316954136,35.75720215,70.60371399,1.523577452,-22.89448929,-26.39261436,-8.882898331,-56.79130554
1.388682127,4.269408703,13.12430191,9.593510628,0.040145263,-9.30185318,3.545609713,-2.368184328,-8.368596077,-5.568923473
2.942433357,5.064195633,11.40774345,7.492042065,0.788586557,-7.548396111,1.623706579,-1.468687773,-10.37907124,-6.597897053
2.60071063,3.816297054,8.087404251,9.258652687,2.272782564,-5.763234138,-1.201322198,-1.258579612,-9.42646122,-6.273100376
4.539180279,6.004879475,10.97697544,7.995144367,2.056508303,-7.19617033,0.148534238,-1.622463942,-14.36759853,-7.9416852
4.485352516,5.200010777,9.752587318,8.427394867,2.008602381,-6.243630886,-0.543408632,-1.567849398,-13.37039757,-7.856861115
2.680348396,0.862745941,7.679527283,7.111213207,2.112859964,-5.995706081,1.839751244,-2.302496433,-5.738576889,-4.41010046
5.069022179,0.394723415,6.381132603,1.756938696,2.252805233,-4.140097618,1.477834463,0.390159577,-9.888097763,-4.046882153
3.453176975,4.91412735,9.022587776,8.796438217,1.768090844,-6.179788589,-0.831594408,-1.771898031,-11.90649509,-7.662791252
1.336275339,3.563410759,10.49927235,9.790645599,1.102229834,-7.172018528,0.522030056,-2.834369898,-6.394722462,-7.095959663
3.724766731,2.670473576,8.628334045,8.174286842,2.758963585,-6.101599693,0.419463158,-2.33955431,-8.282252312,-6.72070837
4.941577435,6.655917645,10.00924206,8.356295586,2.769483805,-6.98384428,-1.178472996,-1.629992008,-12.01508141,-8.946410179
4.316404343,4.080021381,8.051366806,8.132644653,2.670060396,-5.359621048,-1.411187053,-1.79321599,-9.286699295,-7.758841038
5.546735764,2.024134874,7.668947697,10.06724167,3.98208642,-5.618621349,-0.575519145,-2.726653576,-9.250307083,-7.322388172
6.050566673,4.370325089,9.175599098,10.12412071,4.19489193,-5.823958874,-1.218810678,-3.402427197,-8.751077652,-9.216459274
7.910701752,3.126262903,6.330915928,8.263209343,5.709480762,-4.678254128,-1.152730584,-2.88047266,-9.882657051,-7.954980373
7.898812771,-0.014756039,7.868238449,6.551105022,5.318202019,-5.525564194,1.821720481,-2.585095882,-7.515820503,-6.878285408
9.687306404,1.735879064,8.141986847,9.903921127,6.388468742,-5.980859756,0.188136801,-4.124927044,-10.66447926,-8.970487595
8.463253975,5.086583614,7.602082729,10.10752201,5.640754223,-4.547997952,-3.022773981,-3.066142321,-11.86828041,-10.12175179
8.768980026,2.457771063,9.154723167,9.429514885,5.621255875,-6.147294998,0.536030531,-4.121701717,-9.140797615,-9.008845329
8.492520332,13.10594082,14.50231266,12.65171719,3.374972105,-8.016263962,-2.524605989,-5.912476063,-14.0354805,-15.34546471
11.23769379,5.767490387,9.440829277,11.17354298,6.87585783,-5.694097519,-2.198182821,-3.547095299,-15.43172073,-11.76618195
7.886259079,2.318335295,9.313548088,10.79435635,5.425231457,-6.278016567,0.323996782,-4.836493015,-7.625143051,-9.159547806
12.45094776,4.217281818,9.704358101,11.53019047,7.825752258,-5.68256855,-1.81388092,-4.519896507,-12.51898098,-12.28892422
11.18554211,5.359666824,10.585536,11.34478092,6.438065052,-6.492768764,-0.179270998,-6.492515087,-9.679077148,-12.36346626
10.423522,3.892898798,10.17060661,12.29108429,7.262317657,-6.381836414,-1.054705143,-5.291418552,-10.08321857,-11.53223801
14.82628822,5.84417963,10.04767036,11.046422,9.756958961,-6.108391285,-3.143378258,-4.797126293,-14.8388586,-14.86881542
11.40767956,5.794719696,11.7757225,14.78077888,7.31526041,-7.125831127,-1.20029521,-7.120222569,-11.34766483,-13.77205849
15.31908035,5.555633545,6.282684326,9.671410561,11.10134506,-3.085885763,-4.795536995,-3.890627861,-11.65641975,-12.53267479
15.64211464,2.322171211,8.450310707,11.55874538,11.33959484,-5.140370369,-1.800976992,-5.871100903,-9.668032646,-12.74803734
14.67266941,8.853155136,11.69094944,12.64086628,9.349013329,-6.30334425,-3.641931057,-6.95220089,-9.287694931,-16.80989265
16.47117805,4.529764175,10.89828396,13.49964046,11.03100777,-6.57918644,-2.036378384,-7.16896534,-10.17709446,-15.59182167
16.86558342,2.514830351,7.166947365,12.38401318,12.40017891,-4.383333683,-2.729806423,-6.76443243,-10.31067371,-13.69487953
19.12236214,3.46710515,10.69928646,13.20343876,12.86718273,-6.174077511,-1.77976346,-7.978419304,-11.5843544,-16.58874893
18.25596428,3.915502071,8.684160233,12.87811947,13.05254173,-3.998581409,-4.285711288,-7.406153679,-8.555488586,-15.83235836
20.67389107,2.108293772,9.00631237,12.87274551,14.05445671,-4.971946239,-1.847405195,-7.810975075,-10.99191952,-15.6084919
1.95958662,6.418052673,11.25783634,10.4433651,0.827308476,-8.095383644,-0.429339677,-1.879535794,-11.09717178,-7.613497734
2.025130033,4.722824574,9.685248375,9.815955162,1.987412572,-7.381023407,-0.788669586,-1.421013236,-9.920907974,-6.707041264
3.260714293,3.629519463,8.047940254,7.24830389,2.145849705,-5.580173492,-1.155952811,-0.792302907,-8.194179535,-6.938374043
7.36471796,3.288560629,9.491828918,8.830701828,4.031928539,-7.604216576,0.856683612,-2.058824539,-14.78322124,-8.389238358
2.792849302,2.882802963,11.24253368,10.26315498,2.3234694,-8.140597343,2.064118147,-3.165266514,-5.918923378,-6.720358849
6.177435398,5.273647785,10.17788887,9.065939903,4.441434383,-7.509391785,-0.43092525,-1.473529339,-12.78353214,-8.349466324
6.077814102,5.942354679,10.46223068,9.260216713,4.412285805,-7.013362885,-0.360631526,-2.481786966,-11.42731571,-8.464647293
6.203969955,6.2811656,8.294550896,7.357731819,4.221432209,-6.020703793,-0.402048588,-2.361265659,-8.640141487,-7.79233408
6.336733818,4.218361855,13.93263721,12.22740936,4.400357246,-9.81575489,1.138056397,-4.163720608,-10.41368294,-10.49984646
6.532494545,1.874218702,9.412359238,10.17834759,5.500427246,-7.416021347,0.049688328,-2.355600834,-7.758577347,-8.196631432
6.91127491,7.092693329,11.76695919,12.54678726,4.812602997,-8.06088829,-2.15330863,-2.90477252,-12.17730904,-11.3297472
7.797319412,7.381241322,12.12240505,12.02498722,4.190714836,-7.221581459,-2.023026466,-3.691288948,-12.03048325,-12.6674118
9.139003754,-1.05927217,8.21252346,9.032014847,7.160975456,-6.373402596,0.695494056,-2.110565186,-7.788234711,-8.23192215
12.19488621,-1.379221916,10.90689087,11.19873142,8.060453415,-7.966919422,2.466768026,-3.941155672,-12.44784546,-9.960721016
10.12931156,1.507812858,9.183643341,11.07199287,8.198138237,-6.71954155,-0.146480933,-3.757955074,-9.37933445,-9.666495323
10.65303802,3.437433958,11.03521538,11.4588871,7.82476902,-7.882383823,-0.651538134,-3.363565922,-10.26855087,-11.20463943
12.00727177,-0.773393571,8.935184479,13.52192593,9.337277412,-7.200047016,0.296191931,-4.88779974,-10.78502369,-10.2951107
12.13554764,1.508746862,10.77102566,14.01400089,9.221920013,-7.891758442,-0.196564928,-5.010403156,-10.33986568,-11.28502464
10.56335449,0.603524148,14.82047749,14.91215611,7.132840633,-9.682229042,3.960680723,-7.93210268,-6.570412636,-11.78721046
11.64302349,3.45766902,9.447636604,9.251369476,7.824769974,-5.449299335,0.401297569,-6.127080441,-5.296033382,-10.32083797
12.82563877,5.919736862,8.83311367,12.35510254,10.89159107,-5.855864525,-4.726198673,-3.714609385,-10.09414101,-13.37959862
12.60285187,2.985645056,9.695339203,13.11030293,9.86843586,-5.99999094,-1.077499866,-5.6933074,-6.171122551,-11.71686649
13.65919495,4.234699249,11.09332848,13.85879898,10.34757614,-7.08731842,-1.946518183,-5.392291069,-9.168635368,-13.63610935
15.515769,3.534445524,10.64019585,11.90013981,11.50291729,-7.063860416,-1.635624647,-4.740269661,-8.560037613,-13.87415886
16.9277401,4.664805889,11.03785896,11.28272915,12.20821667,-7.165387154,-1.888671398,-4.448875904,-10.39159966,-14.72148323
16.47832108,1.764976859,10.88004017,13.23744583,12.80615902,-7.894672871,-0.34240675,-6.479831219,-7.70980835,-13.71104336
16.97296906,2.467989206,11.35254955,13.84978294,13.15915108,-8.542593002,-0.999999046,-6.059812546,-9.055639267,-14.514431
16.96218109,7.271141529,12.18766022,13.09347248,12.15257454,-7.235408306,-2.646651745,-6.58673048,-9.538789749,-16.27535248
19.89106941,3.472512484,12.38618851,12.98139477,14.26473236,-8.296913147,-2.113779783,-5.484973907,-10.03520012,-17.07697487
18.48594093,4.927779198,11.68063641,15.87292862,13.55999756,-6.866148949,-3.294698477,-6.91610384,-10.45079231,-16.75780869
22.95510101,5.945906639,8.032426834,12.0429821,15.87762356,-3.910650015,-5.387039185,-5.006661415,-15.96429062,-17.22869873
18.79545975,0.272232473,10.01303768,15.95581436,14.50271225,-6.272770405,-0.674525023,-8.203938484,-6.208413124,-14.14984989
20.65202522,3.87560606,8.017301559,14.69890976,16.08608246,-5.032417297,-4.559486389,-6.273112774,-10.95353413,-15.88702869
21.96793938,7.226359367,9.036633492,14.83522129,16.27426529,-4.353299141,-6.94190979,-5.187539577,-15.23463917,-18.42213631
20.32598305,4.329668045,9.921768188,16.19227219,15.73661041,-5.983672619,-4.036888123,-7.296906948,-9.05741024,-16.69109917
21.95116425,2.198858023,11.6415596,16.16854286,16.05376244,-6.905166626,-0.88585639,-9.245980263,-8.513674736,-16.69446182
23.77142334,4.59100771,9.091222763,15.36068821,17.03559875,-4.774741173,-4.110449314,-7.921739101,-12.64697838,-17.80438042
23.11351013,6.013349533,11.63706493,16.71859169,16.9954052,-6.712314606,-4.679601192,-7.828177452,-12.40449715,-19.5958271
26.60988808,3.105962992,8.528550148,16.44272614,18.76456642,-4.359627724,-3.717249155,-10.26966476,-13.28104115,-18.36594963
26.19608688,5.72544384,9.793264389,18.34446716,19.36919975,-5.402382374,-7.116738796,-7.830449581,-14.95296764,-20.78619194
26.4451828,0.276030719,8.341683388,16.93118286,20.00165558,-4.709908962,-3.078781843,-9.29168129,-10.82856941,-17.56022835
27.03202629,6.613862038,9.193937302,16.63480568,19.52989578,-4.485120296,-6.555354118,-7.644814491,-11.5402298,-20.56588173
27.1649189,3.648399115,7.338715553,17.43947792,21.35141754,-4.076767445,-7.089169502,-7.753218651,-11.57897758,-19.90110397
27.74873161,6.949063778,8.354623795,16.18387794,20.6247406,-3.629077196,-6.616810799,-8.748599052,-11.24512291,-20.7316494
26.33205795,0.243436262,11.329772,19.51328087,20.20746803,-6.972504139,-1.94580102,-11.16739273,-8.909967422,-19.11392784
27.14714813,4.837051392,9.374909401,16.52903938,20.50068092,-4.283027649,-5.336503983,-9.279681206,-8.669483185,-19.91483498
28.22917175,4.761031151,8.993406296,18.38566399,22.03052139,-4.925940037,-7.21350956,-8.354859352,-12.04988956,-21.19367218
31.91567421,6.186803818,12.01176929,18.75935555,22.64545631,-6.418087006,-6.597282887,-9.017541885,-16.567976,-24.3983078
28.7983799,2.648336649,12.21545887,16.68454361,22.45685387,-8.044427872,-3.440734148,-9.765963554,-7.754405499,-22.05665779
29.75655556,3.584258795,11.35735703,14.03635788,22.25206566,-6.613696575,-2.67135787,-10.22399998,-6.180303574,-21.90498924
29.65412331,4.349823952,9.977329254,13.53282738,22.80171394,-5.981377125,-4.089338779,-9.668395042,-4.674956322,-21.76968956
30.0484333,9.090354919,10.47653198,13.6809721,22.36821747,-5.217774868,-6.050019264,-10.17221069,-7.353553772,-23.9050827
30.75370598,4.840875626,10.91600037,19.94561958,22.77885246,-5.754633427,-5.884316921,-10.89258862,-11.43623161,-22.97134972
31.84489632,3.974904537,10.52883625,18.97045326,24.26774025,-5.63290596,-6.259008884,-10.07811451,-10.92985535,-23.25314522
32.75767136,8.904766083,11.13449192,17.91727638,23.63432503,-5.064752102,-7.448896408,-10.82133484,-12.94806194,-25.57273865
32.71425629,3.985800505,6.797170639,16.54308891,25.12339783,-3.002366781,-6.252429008,-10.68556595,-7.454213142,-21.66658211
33.48182297,4.283413887,10.54146957,18.50902367,24.95885658,-5.07660532,-5.127721786,-11.92740726,-8.792497635,-23.81095505
34.74827194,1.714721322,10.37701607,19.12557793,25.90019608,-5.464148521,-3.571189165,-12.70939922,-8.883571625,-23.05475998
34.41295624,3.001657724,14.13065052,22.5269146,25.35195351,-7.705600262,-3.568763494,-13.39962292,-9.265642166,-25.36216354
35.77109146,3.654264688,12.83192444,20.91828346,25.83867455,-6.236419201,-4.199736595,-13.20963097,-9.684333801,-25.35143471
35.75774002,6.240487099,10.12566757,20.19914055,27.62035942,-4.999088764,-9.179080963,-10.84558868,-12.13407707,-27.00092888
34.57455063,0.390565097,11.89570808,20.72203255,26.15847969,-6.57977581,-3.005026579,-13.64287281,-6.269265652,-23.49500847
33.59735107,-2.85233593,17.64705849,24.86622429,25.04540634,-10.71925735,3.023351431,-18.2445488,-3.010298729,-23.54574394
40.14575195,5.202222824,8.551855087,24.3003521,30.14064026,-2.994259834,-10.49936104,-12.63447857,-17.16903496,-27.59539795
40.69579697,1.806641698,7.066995621,24.00712013,30.89658165,-2.307915926,-10.07501888,-11.81775856,-15.34510231,-26.55373955
38.96256256,-0.13755925,10.70827198,20.82274628,29.98391342,-6.258895397,-4.916002274,-12.95413589,-8.067789078,-26.39605331
38.89097214,3.987835646,12.11051083,22.32876778,29.56798935,-6.36172533,-7.022032738,-13.46937466,-10.05723381,-28.85081291
41.11848068,6.882205963,14.32245731,22.40489578,29.86142921,-7.175610065,-7.204786301,-14.08463192,-13.36058903,-31.22180748
41.4210968,7.864973545,8.636664391,21.1191349,30.85398865,-2.343367338,-10.45900536,-12.98008156,-13.50540733,-29.18442535
43.36557388,2.380482912,8.696389198,22.17192459,32.7462616,-3.729290247,-9.209164619,-12.00531483,-13.50844383,-28.37121391
44.02334595,6.446697712,10.77172375,23.67831612,32.12958908,-4.526051521,-9.342420578,-14.36042786,-15.83245277,-31.02581406
40.30368805,5.067416668,13.58421993,22.60759735,30.35328865,-6.381764889,-7.365171432,-14.2202158,-10.40336323,-30.36363602
39.71256638,5.325210571,12.70328808,21.25379753,30.09525108,-6.081401348,-5.724070549,-15.29796505,-5.380186558,-28.68185997
45.08884811,9.245786667,11.11339092,20.404356,33.76823044,-4.37096405,-11.022089,-12.90390396,-15.31919098,-32.98721313
45.36445236,5.028676987,10.05898857,20.55779648,33.80947113,-3.785055161,-7.939419746,-14.26681519,-10.96250248,-30.19581032
43.24210358,2.119041204,10.74952221,22.20643044,33.69484711,-4.963530064,-6.312122345,-15.55942917,-5.858518124,-28.9895153
45.10958481,3.774113417,8.218172073,20.00957489,34.5586586,-2.94289422,-9.504818916,-13.47727108,-8.560256004,-30.04976463
45.62847137,2.464090586,7.105191231,22.7941227,34.95531464,-2.142941952,-9.789589882,-13.98045254,-10.58028793,-29.16376686
45.87002182,1.914944768,9.565468788,24.58372307,35.47555923,-4.075816631,-9.190890312,-14.64320278,-11.43532276,-30.38637733
45.78744888,7.172211647,11.35149288,26.58616829,34.7124176,-5.030272007,-11.13188076,-15.79164505,-13.71768761,-33.53367615
47.56818771,3.967311144,10.31615162,23.30633736,36.05160141,-4.365729809,-9.369322777,-14.50113487,-10.78994751,-31.96585655
48.90919495,2.894833326,10.64746284,21.32816124,36.89461136,-4.753608704,-8.004116058,-14.58833218,-9.876893997,-32.03934097
48.1938324,2.114082098,11.4096384,24.02743912,37.35654449,-5.60725975,-8.106991768,-15.98508072,-9.255022049,-32.42076111
48.25981522,5.691948891,11.85604763,25.74892998,37.09978867,-5.166445255,-10.76984119,-15.94425392,-11.02538395,-34.62739563
50.51205063,4.05728817,11.1381321,25.37857246,38.66107941,-5.082747936,-10.35170364,-15.75358677,-12.87377071,-34.50948715
50.20928192,5.76282692,8.903639793,23.11873245,38.65548325,-2.938148499,-12.29443932,-14.62815475,-10.81623459,-34.05784225
50.9540596,-1.500992179,9.32957077,24.82203484,39.32904816,-4.719912529,-7.44438839,-15.85197353,-10.10433292,-31.27742958
50.27085495,8.534166336,11.16034222,25.32258415,38.29219818,-4.206964016,-13.15136814,-15.00901794,-12.53063107,-36.04700089
51.39268494,5.88467598,13.99449825,28.57418251,38.2947731,-6.07305479,-9.995874405,-18.41248703,-13.57473087,-37.030159
51.93047714,2.427793741,10.03579426,22.66969299,39.75139618,-4.531462193,-7.987235069,-17.0283432,-6.773615837,-33.41437912
51.96277237,1.566576123,10.30529881,22.91220284,40.40844345,-4.932150364,-7.861522675,-16.84854126,-5.639317513,-33.19917297
53.70402908,1.091142774,11.93824863,22.88006401,41.13531494,-5.684661388,-7.230750084,-17.06187439,-7.325833321,-34.49288559
55.61827469,3.832368612,9.965941429,24.96349907,41.9770813,-3.759494781,-11.26740837,-16.57558823,-10.83845043,-36.27074432
54.14390945,3.116410017,9.953644753,27.12970924,41.81313705,-3.749780655,-10.31469059,-18.86772919,-8.893828392,-35.62809753
55.63439941,4.549836636,11.99408627,28.5375042,42.09434891,-4.82356596,-11.26466751,-18.60715103,-11.7380867,-37.83772278
54.83734131,5.829223633,10.46383572,25.85852623,41.57081604,-3.245567322,-11.25038338,-18.28291512,-10.24299335,-36.71869278
54.37855911,1.909547448,12.338521,27.85871315,41.68753815,-5.16432333,-8.436635017,-19.79222298,-7.636027336,-35.85185623
54.89494324,2.769943953,8.144407272,23.85624123,42.61165237,-2.366500616,-9.266928673,-19.11490822,-5.060816765,-34.18312073
59.00329208,5.830327988,10.42419529,24.31608391,43.36498642,-3.153239965,-10.6700573,-18.21062851,-12.82467937,-38.21683884
59.45043564,6.692973614,13.16722393,26.59144783,43.16020203,-4.512666225,-10.66831303,-18.66893387,-14.03940201,-39.82860184
57.54921341,3.279204607,10.70151424,25.56360054,43.79117203,-3.747490406,-9.187699318,-19.68008995,-7.04678154,-36.8702507
59.73225784,3.026515245,8.346999168,25.14240837,45.52976227,-2.228846788,-11.90554523,-18.39071655,-10.94774246,-37.38193512
61.25331879,8.668766022,8.977048874,28.47768593,44.75017929,-0.744510591,-14.96672726,-19.67105484,-15.01892281,-40.13591766
62.59067154,3.746460676,7.251588821,27.20526695,47.35267639,-0.734009683,-14.21622467,-17.98561859,-13.4654007,-38.76871109
62.29445267,7.634027958,9.512616158,29.51476288,46.56381607,-1.18062973,-15.27587318,-19.75613785,-15.40961361,-41.33851624
61.89603043,2.154880285,12.02683544,27.35230064,46.88266373,-4.825682163,-10.13988113,-19.39406967,-11.03194141,-39.91159821
60.16778183,6.634355545,12.35539818,29.02600288,45.8946991,-4.475818634,-12.89508629,-19.66348839,-10.40512085,-41.51731873
62.36182022,5.925302505,13.38493156,27.86816597,47.45510101,-4.98311615,-12.54955482,-19.7413063,-11.31913471,-42.65326691
64.1036377,6.414709091,7.287748337,26.99840927,48.31028366,0.401632577,-15.50333309,-19.40857697,-12.07109451,-40.39332199
65.43806458,2.870738268,10.88716888,29.93863869,49.51767731,-2.753871679,-13.15389061,-21.10536194,-13.16684628,-42.39163971
64.17128754,0.613897502,7.812180996,28.73599625,50.20020676,-1.499494314,-13.61426258,-20.2826004,-8.488077164,-40.24964905
65.95524597,6.109862328,15.7577486,30.21419334,47.46333694,-5.433234692,-10.6531086,-22.93148613,-13.6561594,-44.82215118
64.06958771,0.705989063,12.81111717,30.86190033,48.83686066,-4.92165184,-9.903321266,-22.50011635,-8.159114838,-41.05598831
63.46886826,-0.918994725,19.74885559,34.68920898,46.86562347,-9.349369049,-3.549938917,-27.52334595,-4.942821503,-41.91742706
63.9186821,-1.092419982,12.25254536,30.57689476,49.59679413,-5.001266003,-8.649967194,-23.109478,-5.715354919,-40.08118439
67.50366974,5.449489594,9.65144825,28.26305199,51.68787003,-2.209762335,-14.81495667,-20.12724113,-10.85281086,-43.81755066
67.97052765,5.835016251,11.28216648,28.74673843,51.1122551,-2.135564804,-13.69166756,-21.681036,-10.30527878,-44.18629456
71.14907837,6.633780479,12.02701664,28.95788765,53.13742447,-3.790366173,-15.48304081,-20.27678299,-18.95606804,-47.52571487
68.12508392,5.392224312,11.20435238,30.32739449,51.81816101,-3.212171316,-14.6401329,-21.185215,-11.46425819,-45.02622223
68.31560516,2.531749964,10.86988449,31.39211845,52.72685623,-3.528162003,-13.62930202,-21.94401741,-9.818533897,-44.18516159
70.53544617,4.387519836,12.86584663,31.75278282,53.75317764,-4.298458576,-14.30565548,-22.60956001,-12.83516216,-47.05292511
68.50868988,-0.366566479,13.78955364,26.62174416,53.12533188,-6.47516489,-8.530412674,-22.57155037,-3.057303429,-43.99464798
68.72891235,3.007494211,11.00269985,23.84915733,52.39406586,-3.639374018,-10.51859474,-22.19711304,-1.964323878,-43.59608459
69.13601685,6.157120705,16.97828102,29.46234703,52.08094788,-7.098664761,-11.02159882,-23.53590965,-6.962618828,-48.13645172
70.42416382,0.121570751,14.88117409,28.41152382,54.07259369,-7.360220432,-8.868313789,-23.66231537,-3.088904381,-45.88858414
71.81255341,-1.093006015,11.15506268,31.30684853,55.42564774,-4.073328018,-11.77760887,-23.32269859,-7.12580204,-44.61925507
72.10126495,0.066622898,12.3844862,32.62174606,55.19388962,-4.71820116,-11.61177444,-23.97017479,-9.17877388,-45.53937912
73.27852631,-0.857028782,11.23749638,30.33670235,56.63352966,-4.033230305,-11.89728737,-22.9040699,-8.193899155,-45.18092346
75.09005737,6.564419746,8.731692314,29.69424438,56.30925369,0.13433364,-16.83101463,-22.58809662,-13.96384239,-46.92846298
76.63051605,7.932113647,10.85159492,32.80319214,58.16042328,-2.142826319,-19.29772377,-21.87696457,-19.277174,-50.69981003
76.32569885,5.38631916,11.04503536,31.92912865,56.49647903,-1.220013857,-15.30622959,-23.91367912,-13.47380066,-48.26545715
73.110466,6.88318634,13.04585171,29.89100075,54.91189194,-3.452260256,-12.78172779,-25.5377388,-6.650362015,-49.09130096
74.01390839,0.24505727,12.91960239,29.95474052,57.49624252,-4.878043175,-11.65093517,-24.1422348,-4.545401573,-47.69878006
76.14022064,-0.897566617,13.6544733,29.49806023,58.63293457,-5.476261139,-9.63749218,-24.90541649,-6.19224453,-47.25064468
76.03243256,1.805793881,15.2468977,31.52775574,57.97069931,-6.284063816,-11.20642376,-25.16881752,-7.226178169,-49.14653778
75.83182526,5.177736282,12.83042812,30.24679375,57.07816696,-3.138042212,-13.65916157,-24.54944229,-6.823122978,-48.93228912
75.53967285,3.87802434,12.87016869,31.40148735,58.27738571,-4.033718586,-13.83696651,-25.17054749,-5.756572723,-49.45897293
79.0931778,2.146996737,10.08078194,35.02705002,60.74424744,-1.609713793,-15.42524815,-25.58836365,-9.314736366,-49.46298218
83.13434601,7.614955902,9.571956635,34.19049835,63.83649063,-0.861538589,-21.1875248,-23.32253075,-18.72930336,-54.18519592
79.76699829,3.41698575,10.1199255,36.32470703,61.83987808,-1.260984182,-17.25058556,-25.72062492,-9.065971375,-50.70318604
78.5254364,2.726201296,11.89122581,35.67469406,61.04523849,-3.023056269,-15.82054996,-26.30558586,-9.060163498,-50.5541153
81.74238586,7.800367355,12.31088448,32.16253662,60.48209763,-1.405366182,-17.11595154,-25.58593178,-13.30426788,-52.71653748
83.66227722,1.679818273,10.07780933,34.63298035,63.54788971,-1.889948606,-16.33234215,-25.68443489,-15.07569027,-51.59960175
82.01805878,4.298853874,10.80118847,35.73549271,62.42695236,-1.618698359,-17.42255211,-26.04466057,-11.81315613,-51.9535141
83.67679596,0.540991008,11.5787344,35.53397369,63.61642075,-2.421042204,-14.72284985,-27.00024223,-11.17524147,-51.34781265
82.23795319,4.23684597,10.52569485,37.55627441,63.10205078,-1.561528921,-18.34086227,-26.33669662,-12.61703873,-52.44356537
84.2599411,2.115377665,11.94717121,37.00123215,64.53857422,-2.654226065,-16.43276596,-28.07736969,-12.74076653,-53.64081573
82.784935,6.191585541,10.92703152,33.63126373,63.59140015,-2.015836477,-17.70212936,-26.49785805,-8.234535217,-53.57388306
84.1975174,5.640093803,12.6960535,35.68839645,64.3514328,-2.9868505,-17.8830471,-26.56253624,-10.4935112,-54.84040451
84.30162811,1.5806247,10.9379282,35.34037399,64.824646,-1.890178919,-15.38115025,-27.77393341,-8.033546448,-52.14690781
87.02653503,0.419891536,9.082808495,34.87485504,67.39865875,-0.917219818,-17.65054131,-25.83910561,-11.18570423,-52.73527527
87.13477325,-0.205131367,8.909184456,35.44029999,67.56032562,-0.888144195,-17.38810349,-25.73564339,-11.95370674,-52.29531097
86.91044617,-0.327364743,9.824169159,37.65582275,67.08283997,-1.229295969,-17.05978966,-27.84478569,-10.50228119,-53.64022446
88.25670624,5.484574318,7.414306641,36.39580917,68.08312225,1.854926825,-22.49095535,-25.61314583,-11.95766449,-56.22523499
88.59449768,4.009230614,10.89291286,38.88690948,68.1893692,-0.689169586,-19.55390167,-28.00581932,-8.6848526,-56.44582748
90.43724823,6.042996407,9.691191673,37.51326752,69.14782715,0.189749986,-21.64512062,-26.97650528,-12.00134754,-57.55848694
89.69922638,4.591188431,9.880526543,36.65124512,68.80285645,0.746370137,-20.94084549,-28.82277107,-8.98343277,-58.29066467
5.333503723,-1.877318025,8.869955063,5.93924427,2.547260523,-6.463630676,3.81515336,-2.666955471,-8.587725639,-5.284562111
3.736397266,4.488522053,7.852445602,6.650005817,1.956881642,-5.626130104,0.251847744,-2.021788597,-8.722625732,-6.383900642
6.760769844,7.62510252,8.468031883,6.575656891,2.462781906,-4.991806507,-2.11690402,-0.647060633,-15.50784779,-9.403781891
6.176478386,4.493444443,10.95571041,7.021790981,2.505656958,-7.15478611,1.129166126,-3.678611279,-10.62718773,-9.848108292
6.178403378,4.02927351,6.281457424,7.665223122,3.747580051,-3.552663565,-2.237893581,-1.738634944,-10.87097359,-7.805047512
7.681875706,5.297642231,6.949023724,8.667916298,4.485021114,-3.981809139,-2.410568476,-2.94879818,-13.4968214,-9.228815079
7.581363678,1.183031917,10.13069439,7.001542568,4.181436539,-6.626214027,2.370013952,-3.959146738,-8.165957451,-8.448984146
8.495347023,1.541705728,7.168494701,6.18616581,5.559228897,-5.105025768,0.782309771,-3.249695778,-8.274177551,-7.577661514
6.512111664,2.940103292,10.2445488,12.81139278,4.137810707,-6.258121967,0.184548721,-5.050195217,-9.341057777,-9.194464684
10.24349689,-1.035824656,10.19139671,7.700226784,6.562146664,-7.178242683,2.598916769,-3.757729292,-10.34064674,-8.957026482
10.28044796,6.662769318,8.508839607,9.986075401,6.039525509,-4.081567764,-2.838570356,-3.576449156,-12.30261707,-11.31630993
8.701815605,6.219350338,9.383459091,10.12469959,5.758950233,-5.110659122,-1.032106161,-5.275753498,-8.772384644,-10.3729229
9.617405891,5.889951706,7.699179649,10.23832607,6.368234158,-4.211871624,-2.293333769,-4.366797447,-9.520071983,-10.42435265
9.544332504,5.792014122,10.71372986,12.76432991,5.359886169,-6.355302334,-1.287903309,-6.470213413,-9.813365936,-12.32725716
13.93685818,1.214285135,8.784540176,11.70607471,8.7728405,-5.347087383,-0.504721165,-5.898946285,-10.60720253,-11.49308681
13.99697018,3.681061983,9.590657234,12.78058529,8.389238358,-5.114379883,-1.068991423,-6.354979992,-12.26045322,-12.59619808
15.45965672,6.261394501,9.838465691,10.82989025,9.283023834,-4.845684052,-2.296937943,-5.897949219,-13.11715412,-14.24368954
15.91075039,1.176353574,13.66176414,15.12043381,9.233473778,-7.471653938,2.335021734,-9.334234238,-10.95174217,-13.81023502
16.05265427,6.396500587,9.126038551,13.59106445,9.999088287,-4.196353912,-4.32233429,-5.582848072,-14.30755043,-14.91265965
16.20719337,4.8110075,9.412273407,12.03801155,10.40660954,-4.786569595,-2.313098431,-6.873700142,-10.76466656,-14.84088802
15.50746632,6.060184956,5.222794533,9.802484512,11.59968948,-1.455451727,-6.130208015,-4.908612728,-9.052295685,-13.52608967
14.5222311,3.013454914,9.379394531,11.56482983,10.15966797,-5.043802261,-0.474694967,-8.298148155,-5.951920509,-12.98367214
16.34799767,2.595717907,9.829645157,10.50105095,10.72692108,-5.308917046,0.025673378,-7.46340704,-7.37071991,-13.81445503
1.139585614,4.503927708,11.48369598,9.916005135,0.671409249,-8.267502785,0.318505079,-1.925691128,-9.722145081,-7.529106617
1.887012005,3.342579842,11.60866928,9.612957001,1.049377203,-8.543377876,1.670133352,-2.037281275,-8.120259285,-6.809995651
3.0344522,5.6437006,11.32716751,9.307357788,1.379837275,-8.20230484,0.740639865,-2.03884244,-9.918539047,-7.57616663
2.136999369,1.434835434,11.94951534,11.23422527,1.787249088,-8.931208611,2.730061293,-3.704581738,-5.55931139,-6.447301865
4.642652988,3.719798326,11.24364853,8.595475197,2.363053322,-7.839729309,2.200169325,-2.760346413,-8.087213516,-7.55619812
6.487979412,6.382889271,11.91374493,9.849715233,3.745229006,-8.182284355,-0.490974665,-2.136660099,-12.25384045,-10.05793667
6.570686817,6.334100723,9.621930122,8.396238327,3.128070831,-5.661784172,-0.47783339,-2.585544109,-10.80199051,-8.549329758
7.237250805,4.097158432,9.653180122,10.97106266,5.302035332,-7.205666542,-1.611959219,-1.709627271,-11.87761593,-9.231677055
8.186224937,3.297019243,9.673444748,10.50321293,5.899585724,-7.454810143,-0.356671572,-2.388035297,-10.91157246,-9.09859848
8.062439919,11.42439175,9.82841301,9.083140373,4.61930418,-5.719883919,-2.961340904,-3.050040245,-12.18569565,-11.43699837
10.42095089,3.039726973,11.78512383,11.33664227,6.748569965,-8.172427177,-0.144865647,-2.666798115,-13.05915928,-11.21811199
8.557843208,1.247295022,9.812205315,12.07239628,7.009140491,-7.778572083,0.272145629,-3.807961941,-8.594153404,-9.389803886
8.782282829,4.550678253,11.17316532,11.10425949,6.368238926,-7.786617279,-0.295119762,-3.3995471,-9.216695786,-10.69268036
8.720021248,4.436071396,10.73073196,10.31180096,6.912284851,-7.277179718,-0.367253661,-4.204305172,-7.101523399,-10.36647606
11.00378323,2.448261261,8.920172691,9.178917885,8.177434921,-6.593105316,-0.187111154,-3.266453505,-7.505802155,-10.14849377
10.17208767,6.90457058,12.29424381,13.38934326,7.076352119,-8.190523148,-2.138077021,-4.527297497,-11.23371696,-13.53177166
12.19195843,0.568451941,8.256476402,9.073044777,9.406432152,-6.193133831,0.665319204,-3.953298569,-6.81311655,-9.304410934
11.99512672,5.718812466,7.980886459,10.60163593,9.194322586,-5.399943352,-3.657345533,-2.757558584,-9.934587479,-11.61086178
12.93135262,4.719283581,6.719475269,10.19310379,9.584897995,-4.499339104,-2.778842926,-3.77015233,-9.928893089,-10.89578819
11.37440681,5.843440056,8.805420876,11.93132973,9.339751244,-5.924905777,-3.527745008,-3.677880287,-8.422969818,-12.11347294
12.08482933,4.533546925,13.64280796,15.0421505,8.681016922,-8.526355743,0.057325829,-6.53157711,-8.271596909,-13.79036808
12.97479916,4.612643242,11.44781494,12.97407436,10.05249882,-7.453864098,-1.676877737,-4.795051098,-7.858408928,-13.51577187
16.37162209,4.234022141,10.86757183,11.46483994,11.28685379,-6.411144257,-0.964864492,-5.587993622,-11.00963974,-14.23339272
16.67585945,8.135910034,10.10020542,12.66675377,12.31238747,-6.013347149,-5.845137596,-3.79039979,-14.79881668,-16.75003052
13.43168163,2.804926395,11.84650421,13.97520256,10.29375076,-8.335835457,-0.269072771,-6.066911697,-7.271957397,-12.9475956
16.43484688,4.748030663,9.337684631,10.85035706,12.07282352,-6.022966862,-2.392549753,-5.176419735,-11.91599655,-14.08227158
14.33495998,2.541429043,10.59072971,12.94625378,11.28851986,-7.144252777,-0.729523659,-6.687258244,-5.963288307,-13.04975319
16.68708038,3.6431849,11.64057636,14.5700655,12.17484093,-7.198318958,-0.963093042,-7.201927662,-7.795797825,-14.66739273
16.80453491,2.742206097,13.78480625,15.29293346,12.14935684,-8.905627251,0.949752569,-9.120699883,-5.246241093,-15.34578609
21.20513344,10.8833189,8.199689865,15.47772694,14.24475002,-2.870637178,-8.459925652,-5.347423077,-18.04924583,-18.08877373
21.53273392,7.499289036,10.71742249,20.29422569,14.65468025,-5.546406269,-6.547336102,-7.052184105,-18.4088974,-18.51718712
18.75919151,2.854223013,13.53699017,15.84813213,13.8670454,-9.130288124,-0.261958838,-7.959249973,-9.402666092,-16.70253181
17.95360374,3.649868011,11.45125389,14.80674076,14.52834415,-7.839859962,-2.429733515,-6.852911949,-6.576612949,-16.16479683
18.74859238,0.47317332,14.27512836,15.90647984,14.49093819,-9.967432022,1.729786634,-9.18860817,-4.267179012,-15.78867054
20.96742821,6.780230999,13.13109493,14.79620838,15.4950037,-7.808015347,-3.910853624,-6.896846294,-11.73597717,-19.51944542
24.42695236,5.847319126,7.422002792,11.21953678,18.25542259,-4.583040714,-5.794510841,-5.081179619,-12.31522369,-18.38722038
21.86110687,3.981894255,11.25385284,14.51291752,16.47406197,-6.8634758,-2.436451674,-7.931689262,-6.187111855,-17.90940857
23.18008614,5.684246063,10.26426983,14.51214504,18.50371552,-6.43769598,-5.500627041,-6.468579292,-10.90153694,-19.5759697
25.23653984,8.327394485,10.20637321,17.12716484,17.98564911,-5.1661973,-6.40171814,-7.727597713,-14.04627037,-20.59230804
25.86245155,7.699541092,7.372095108,14.18544102,19.21519661,-3.421243429,-6.859131813,-7.466979504,-10.41827965,-19.49611282
27.85389519,-0.03494747,8.380324364,14.59853363,20.86169434,-4.649138451,-3.875502348,-7.371871948,-10.97041035,-18.73810196
28.99046135,9.531065941,8.823663712,15.67972279,20.7222271,-3.519375324,-9.105881691,-7.031896591,-15.2852459,-22.8127594
29.58931541,6.642402649,10.78302383,18.49898338,21.0747776,-5.229120731,-7.585589409,-7.917866707,-16.4207325,-23.24888992
29.1380291,7.392382622,9.152239799,16.81358528,22.06184006,-4.390456676,-8.454039574,-7.855503559,-13.50398827,-22.36155128
26.50251198,6.093715191,12.13791847,18.68075752,19.83583832,-6.794244766,-5.536529541,-9.15874958,-11.56772804,-22.23037148
30.1508007,1.52653873,10.89973831,15.87420559,22.36760712,-6.483483791,-3.741691351,-7.827059746,-12.77735329,-21.14456177
28.40021324,6.973410606,10.91008472,15.17475414,20.46091843,-4.503116131,-5.809353828,-8.734832764,-9.70870018,-22.03827477
29.51310158,6.014271736,9.719414711,16.40171242,22.81300354,-5.052491665,-7.666385174,-7.513730526,-11.69036293,-23.02252007
30.92254066,8.154800415,9.215979576,14.87311459,23.1643734,-3.856301546,-8.222427368,-7.845398903,-11.91445065,-23.89712334
31.2652874,7.099835396,11.94235229,15.21695423,21.50123024,-5.000357151,-4.299115181,-10.01773453,-10.63964462,-23.04140091
30.67334557,2.814007044,13.5224514,19.79503059,22.93286324,-7.999938011,-2.9973948,-11.53991795,-8.221526146,-23.21352577
30.22938347,4.412496567,12.26913357,17.24485397,22.55044365,-6.611365795,-3.309049368,-11.21322155,-8.412946701,-22.73325539
32.10375977,6.297755241,11.93277168,16.65788841,22.96149063,-5.927967072,-5.016813278,-10.48273373,-11.87429428,-23.99816895
30.02555847,6.241670609,12.62881756,19.06322289,23.18891716,-7.111474991,-5.992780209,-10.73637581,-8.958772659,-24.49441147
30.62351036,4.425923347,11.16451931,17.49713898,24.14783287,-5.872649193,-5.150904655,-11.34406757,-5.576229572,-23.38882637
31.82115364,4.857009888,11.92039394,16.75017738,23.21982002,-5.740709305,-3.434193373,-12.56637573,-5.144825935,-23.28201485
31.813097,6.519953728,11.79239559,17.37613487,24.22567558,-6.122108936,-6.300429344,-10.37358189,-6.763839245,-25.23594284
35.63831711,6.928267002,8.494490623,17.18529701,26.58282661,-3.515985012,-8.07228756,-10.1952734,-10.50757599,-25.53436661
36.43886185,3.321226835,8.965147972,17.99646568,28.22681427,-4.530399323,-6.998109341,-10.66025734,-8.776813507,-25.19204712
39.26173782,3.389889956,9.657148361,16.86503029,28.53220177,-4.338089466,-5.957170486,-10.76762199,-11.8594532,-26.40888405
39.52937698,9.469083786,12.31921768,17.24557495,27.96966743,-5.112752438,-8.212838173,-10.96512318,-14.22576523,-29.59479904
35.18805313,6.641401768,11.74176216,19.10014915,27.41645432,-5.68013382,-8.378769875,-10.82944965,-8.24949646,-27.60105324
36.997612,0.995085418,11.18047428,19.94252777,28.67285156,-6.580966473,-4.916735649,-12.25736237,-8.01190567,-25.8168602
36.81475449,8.382616997,9.408884048,17.03163338,27.01668739,-3.259158611,-8.877119064,-11.2072258,-8.461092949,-27.23836708
41.23390579,8.483311653,9.7899189,16.5466671,30.69962883,-3.838941574,-9.916815758,-10.24654579,-14.19182396,-29.69972801
38.21071625,2.771842718,11.84997368,21.25401878,29.56660461,-6.29998064,-6.036739349,-13.11623478,-6.606153011,-27.60385323
38.75248718,2.326904058,15.21677494,22.57586288,29.66160965,-8.766111374,-3.354975462,-15.54291248,-6.202422142,-28.52381516
39.30978394,7.095104694,12.99378681,19.44617271,29.77407265,-6.864479542,-7.816001892,-11.93187237,-9.22665596,-30.33914566
40.23604202,6.359955311,14.45591259,20.41013908,29.89329338,-7.694093704,-6.230207443,-13.7824173,-12.58273792,-30.47441483
38.83899689,0.549750984,13.67709255,20.85467339,29.15926743,-7.684422016,-2.187953711,-16.0138855,-3.445710659,-27.01825142
39.23310471,4.264091492,11.51196861,18.00865746,28.96618271,-5.289097786,-4.727728844,-14.20031071,-5.723385334,-26.75794983
40.99071884,0.226667568,15.69004726,23.41901207,30.25645065,-9.322620392,-1.927400351,-16.39242935,-7.985893726,-28.8416481
40.25888824,3.019688368,16.90664673,21.69981575,29.22824287,-8.740850449,-1.704348326,-16.81283379,-5.89824152,-29.34124565
46.30275345,9.908929825,10.7308979,25.34300423,33.96147156,-3.366080046,-13.10919094,-13.48396873,-18.18268394,-33.61044693
46.07349014,8.78710556,10.66275311,25.56484032,34.37297058,-3.796841383,-12.70428467,-14.37484074,-15.3723526,-33.68602753
46.55344009,6.403167248,8.822375298,20.83033943,35.09581375,-2.816874981,-11.01541233,-12.91950989,-11.39887619,-31.73355675
46.52571106,4.720322132,10.07424068,22.52799034,36.12138748,-4.213779449,-10.73132038,-13.56489468,-10.73921967,-32.26443863
48.80330658,1.113540769,11.28978062,23.40886497,36.96030807,-5.442563534,-7.73628521,-14.63875294,-12.7012682,-31.94550514
48.03865051,4.830971718,10.72140789,22.48261452,36.5647049,-4.438477039,-10.51843166,-13.34212303,-13.16371918,-33.24520111
47.94931412,4.414079666,10.64893913,20.77616119,36.80093384,-4.860558987,-8.895133972,-14.41209221,-8.063081741,-32.83262634
48.07061005,8.965956688,9.462082863,19.98417091,36.07889557,-2.897371531,-11.5558548,-14.38844204,-8.689300537,-33.57926941
49.3330307,13.37089157,14.88367271,23.24097824,36.32665634,-5.628606319,-12.96288776,-15.1866684,-14.05983257,-39.09550476
48.02794647,0.183482334,12.78517437,22.91186333,37.07812119,-7.189108372,-5.174330711,-17.17403412,-8.232707977,-32.2432251
46.22114182,1.394967198,13.77880573,24.42411995,35.97005463,-7.386736393,-5.455719948,-17.68489265,-5.73254776,-32.23700333
47.30342484,-0.217987373,13.34841728,22.8966198,36.44114685,-7.143936634,-3.704622984,-18.68603897,-3.315786362,-31.50115776
52.81664658,6.921128273,5.065116882,24.87343979,39.71517944,0.886042655,-14.3654747,-15.25432491,-14.77771091,-33.32446289
51.84964752,4.553691864,5.759319305,28.64510155,40.37185669,-0.207485408,-15.18367481,-15.09434128,-14.98760033,-33.44684982
55.8276329,5.941236019,6.382549763,25.36752319,41.27720642,0.34680894,-14.95401192,-14.10372448,-17.22078896,-34.58488846
52.17070007,3.244334936,8.534178734,25.51285362,41.10519791,-3.174940348,-11.8913393,-15.59683704,-9.796496391,-34.24540329
54.30050659,1.474712491,7.130883217,22.22891617,41.94496155,-1.679283619,-10.79523182,-14.90369225,-9.034544945,-33.05163956
54.88298798,4.466391563,7.617383003,21.93178749,41.82204819,-1.677773237,-12.15672207,-14.85978699,-9.62680912,-34.70084
53.11608124,7.485660553,7.252126217,23.33606911,40.6180954,-0.886796415,-13.43418217,-16.49861145,-9.167345047,-35.22856522
52.49522018,6.060724258,11.67534733,23.32768631,39.82287598,-3.951171637,-10.03708076,-17.07833481,-5.436431885,-36.20525742
52.41545105,2.046015978,9.291715622,23.15561485,40.78647995,-3.71066761,-8.059287071,-17.8124752,-2.643413544,-33.9078331
53.0068779,7.218773365,11.1167593,21.94817924,40.91783905,-3.467092752,-10.95214748,-16.93303299,-5.130754471,-36.82114792
53.8980751,2.943551302,12.27217865,22.81145287,41.17869568,-5.08392477,-7.610044479,-18.26064301,-4.243582726,-36.1518364
55.28882217,3.47252202,11.37621212,22.88239479,42.61231232,-5.075670719,-9.035508156,-17.92375183,-6.30206871,-36.96099854
56.14541245,4.216614723,10.30590534,21.34527779,42.66044998,-3.280072689,-9.61430645,-17.80160332,-5.518053055,-36.50437164
61.20409393,5.538611412,5.852465153,28.26473045,45.71290588,1.347423315,-16.41677475,-16.64452744,-19.1186924,-38.50703049
58.62444687,5.614614964,8.41213131,20.9955883,44.53853226,-1.798529387,-11.56389427,-17.32006454,-6.31931591,-38.47273254
59.09066391,4.30558157,11.57093334,23.21276474,45.6701622,-4.334199429,-12.05747032,-15.97723484,-8.717662811,-39.91122437
57.32747269,8.276213646,12.7327776,26.82996178,44.34766006,-4.905389309,-13.61597157,-18.5150032,-7.912569046,-41.58948517
57.44888306,5.2509408,12.27587223,26.52656364,45.28147125,-4.695600033,-11.39979362,-19.46946907,-3.846800804,-39.71308136
58.48158646,5.422776699,10.96950817,26.11429405,45.78188705,-3.943975925,-12.676404,-18.10513687,-5.875580788,-40.00609589
60.76873398,6.184298992,11.88998222,26.08800316,46.58890915,-3.948287964,-13.07825947,-18.21473503,-9.14070034,-42.05009079
62.73612976,6.835011005,10.57668686,30.3507061,47.03939438,-2.072060823,-15.00707817,-19.13157654,-16.20300484,-42.44825363
63.26179886,3.316340208,9.215911865,29.0247364,48.84936142,-2.56296277,-14.23094845,-18.67824364,-12.07944965,-40.85539627
62.28102493,11.4843483,8.204611778,27.50004578,46.87197495,0.386546403,-17.26796722,-19.33499527,-12.75201035,-41.71619415
64.7445755,4.676933289,7.231179714,30.10187149,49.5127182,-0.089556657,-16.1468544,-18.90621185,-13.87955761,-40.78173447
64.64287567,2.087004423,6.132652283,30.0492878,50.20869827,-0.192387551,-15.22788239,-19.26199722,-11.14711285,-39.55995178
64.47121429,4.899301529,6.265408039,30.02350807,49.98942184,0.464666873,-16.91906548,-18.92688751,-12.63542175,-40.81038284
67.41408539,6.318090439,8.243628502,29.04888153,49.92139053,-0.106140815,-15.49260426,-20.46969414,-14.73033428,-42.43726349
64.31655121,9.472180367,10.16497135,24.70730209,48.47438431,-1.800864697,-15.02265549,-19.22384644,-8.099902153,-43.39442062
64.45865631,5.498744011,11.37124348,26.2858448,50.58104706,-3.893148899,-14.20785713,-18.8476181,-7.493180275,-43.75763702
66.46657562,5.13945961,13.99154091,29.57959175,49.9552002,-5.101311207,-12.12002563,-21.28937531,-10.75309944,-45.18566132
65.06545258,7.689651489,10.20355129,25.86833572,50.86185837,-2.323316813,-15.59323597,-19.12291908,-7.592974663,-44.35855865
67.52977753,4.856225014,10.23764229,28.30832481,52.07470703,-3.120886326,-15.04755497,-19.27794075,-11.39122677,-44.72787094
66.71924591,0.974353015,16.25855446,30.33981133,50.21868134,-7.068962574,-7.105589867,-25.01574516,-3.952102661,-43.71757889
71.11266327,7.309687614,15.1706419,28.42155075,52.36970901,-5.301593781,-13.1762476,-21.26158524,-15.28474236,-48.11304092
70.1608963,4.855171204,11.89478588,28.83130836,53.74921417,-4.104160786,-14.44690609,-20.88555527,-13.40138817,-46.61388779
68.81291199,3.435577631,11.50881481,30.19196129,53.44431686,-4.172000885,-13.42107773,-22.42957306,-8.440912247,-45.26331329
68.55625153,7.159068108,11.00745296,29.40342522,53.71206665,-2.902563095,-16.28742218,-20.84642029,-7.077065468,-46.3826561
68.69245911,7.027859688,10.6637907,28.61953735,52.60218811,-2.306562424,-13.71309662,-22.87417984,-5.121423721,-45.38895798
70.72154236,8.139935493,13.74964237,27.72138786,53.54387665,-4.643979549,-13.23046589,-23.23192596,-7.879849434,-48.44456482
71.17324066,2.764057398,9.886343956,26.0795269,55.30438995,-2.960544348,-12.80895233,-21.41918373,-4.232722282,-44.93475723
75.1505661,-0.641407788,10.73219585,28.58299828,56.77936172,-2.674714327,-11.50855827,-21.9413147,-11.07328606,-44.79143906
75.1606369,4.012199402,12.94064522,30.60990334,56.72611237,-3.698930025,-14.12528324,-21.98323631,-14.17447376,-48.09225082
72.21640778,7.985700607,10.92505932,30.95438957,54.49684143,-1.002210855,-16.66293526,-23.11917114,-9.830054283,-48.29718018
74.13726044,6.678393364,9.636380196,28.95900154,57.15887451,-1.311519146,-17.75375557,-20.95059204,-9.442018509,-48.73714066
72.82294464,3.411934137,11.12868309,31.63225746,56.74413681,-2.944043398,-14.75569248,-23.22172737,-6.251711845,-47.74888992
75.212677,5.091557503,10.82250881,31.2757225,57.85287476,-2.396552801,-16.25107765,-22.32644653,-9.916245461,-48.9356041
71.66327667,3.125548601,13.20697498,32.20875549,56.06519318,-4.554840088,-12.31033421,-25.53443909,-2.220476151,-47.01839447
73.56136322,1.976735234,12.3468256,32.22334671,57.26795959,-4.25009346,-13.2108202,-24.42849159,-4.884176254,-47.67023087
75.42360687,4.991972923,10.4231596,29.36824608,58.21460724,-2.046418428,-15.57131767,-23.59139252,-7.500597,-48.74905014
79.07525635,7.539598465,7.095182419,34.30477905,59.32124329,2.064196348,-20.4802494,-23.34270668,-15.92117691,-49.34862137
79.51512909,9.598763466,8.061265945,35.64294434,58.94007874,1.85571599,-20.66204262,-24.96127892,-17.64212799,-50.52156067
80.19080353,6.644607544,9.326886177,35.64781952,61.06605911,0.20355776,-20.03165627,-23.82150459,-18.14386177,-51.25086975
77.46899414,3.839092493,11.43197346,32.17633057,60.65634537,-3.26273036,-15.97036076,-23.91000366,-7.683064461,-50.0722084
77.92733765,7.779885292,14.10008144,34.57419968,59.4429512,-4.199802399,-16.53883934,-25.21112251,-10.14659309,-52.6741066
78.41967773,5.486672401,11.14932537,33.2420845,60.55999374,-2.090444803,-17.57200241,-23.82901764,-8.503454208,-51.50132751
82.07316589,0.796946704,9.614645958,25.47634315,62.51134491,-1.210337877,-13.15753269,-23.88005066,-4.839912415,-48.59337234
79.36444855,5.4047966,13.74517918,33.2715683,60.82112503,-3.722032785,-15.73873806,-25.49157143,-7.099510193,-53.15125656
78.8555603,4.65778923,10.76729393,32.83817291,61.83881378,-2.407729387,-17.10654449,-24.74983406,-5.00391674,-51.49178696
80.72814178,3.101215601,16.2983551,33.82042694,60.65002823,-6.143404484,-12.57532978,-27.06658936,-9.741332054,-53.10980225
80.86605835,2.073546648,14.51837635,32.26591492,60.44062042,-4.085021496,-11.27643681,-28.01186752,-6.721879005,-50.91770554
81.22253418,-1.704088092,13.11747265,33.61103439,62.61963654,-5.04427433,-11.54666042,-27.6394825,-5.849057198,-50.57825851
80.71660614,-0.550223172,14.92634678,34.48504639,61.77711487,-5.150956631,-11.48034382,-28.20509148,-4.924869537,-51.66040802
83.43009949,5.428173065,10.00500011,33.07651901,65.08178711,-1.006676435,-19.33282089,-24.58422852,-8.51017952,-54.41446686
84.90052795,8.299622536,9.989392281,32.0357132,65.24217224,-0.191486567,-20.57336235,-24.34092522,-9.976053238,-55.76945114
86.24292755,7.043994904,7.237535954,29.09553146,66.40591431,1.535158873,-20.60799789,-24.11912537,-8.231352806,-54.35647583
86.08950043,8.869714737,8.492743492,30.32755852,66.03764343,1.231421709,-21.14073372,-24.46462059,-8.996893883,-55.26977158
84.37757111,2.199321032,13.71072102,32.46331024,63.25702286,-3.329470873,-12.73588467,-28.90178299,-6.526355743,-52.96439362
83.66487885,1.27753365,14.28345108,32.64611435,63.05683899,-3.842629194,-11.33701801,-29.7034874,-3.861475945,-52.18813705
83.88196564,0.635722339,13.40610409,33.19231415,64.46612549,-4.016917229,-12.41690731,-29.18738365,-4.040426254,-53.19729614
88.37334442,4.392934799,10.19568157,31.21261406,67.23225403,-0.610746562,-17.52995491,-26.07884216,-6.709684372,-55.8171463
87.58968353,7.399572372,12.81964397,34.89373779,66.63407898,-1.893912554,-19.38180733,-26.33754539,-9.418412209,-58.28996277
86.62024689,6.733706474,11.54437542,35.91688538,67.26445007,-1.877401114,-19.76427078,-27.02963638,-7.265977859,-57.32971191
88.57455444,8.030964851,11.67512417,37.73763275,68.06777954,-1.372644663,-20.9017334,-27.62051964,-10.26471519,-58.37670135